"Sr. No.","Work Category","Work","State","IDA","Work Description","Hon'ble Members of Parliament","Constituency","Image","Completion Date","Amount Disbursed ( ₹ )"
"1","Normal/Others","WS/MP418/2024-2025/133409-Construction of roads, link roads, pathways or any other road with or without drainage system","Bihar","ARARIA(DISTRICT PLANNING OFFICER ARARIA_IDA)","PCC Road from Permeshwar Bhagat house to Ramdev Master house at ward no 15, uder Forbesganj Block.","Pradeep Kumar Singh","ARARIA","N/A","05-Sep-2024","448127"
"2","Normal/Others","WS/MP18152/2024-2025/133691-Construction of rooms and halls in school and colleges","Punjab","FARIDKOT(DEPUTY COMMISSIONER FARIDKOT_IDA)","Construction of MID DAY Meal Shed in Govt Primary school Bajakhana (Bus adda)","SARABJEET SINGH KHALSA","FARIDKOT(SC)","N/A","07-Apr-2025","300000"
"3","Normal/Others","WS/MP345/2024-2025/134140-Construction of roads, link roads, pathways or any other road with or without drainage system","Kerala","KOLLAM(DISTRICT COLLECTOR KOLLAM_IDA)","Concreting of road from Janathavayanasala -  Panthaplavil, ward no.6  Thrikkaruva GP, in  Kollam Constituency","Shri NK Premachandran","KOLLAM","N/A","12-Aug-2024","293492"
"4","Normal/Others","WS/MP18152/2024-2025/133686-Construction of rooms and halls in school and colleges","Punjab","FARIDKOT(DEPUTY COMMISSIONER FARIDKOT_IDA)","Construction of MID DAY Meal Shed in Govt Primary school bajakhana main","SARABJEET SINGH KHALSA","FARIDKOT(SC)","N/A","07-Apr-2025","300000"
"5","Normal/Others","WS/MP18152/2024-2025/133690-Construction of rooms and halls in school and colleges","Punjab","FARIDKOT(DEPUTY COMMISSIONER FARIDKOT_IDA)","Construction of MID DAY Meal Shed in Govt Primary school Dal Singh Wala","SARABJEET SINGH KHALSA","FARIDKOT(SC)","N/A","07-Apr-2025","300000"
"6","Normal/Others","WS/MP18152/2024-2025/133689-Construction of rooms and halls in school and colleges","Punjab","FARIDKOT(DEPUTY COMMISSIONER FARIDKOT_IDA)","Construction of MID DAY Meal Shed in Govt Primary school Rauwala","SARABJEET SINGH KHALSA","FARIDKOT(SC)","N/A","07-Apr-2025","300000"
"7","Normal/Others","WS/MP345/2024-2025/134143-Construction of buildings for community cultural activities","Kerala","KOLLAM(DISTRICT COLLECTOR KOLLAM_IDA)","Construction of Building for Brothers Library & Reading room, Puthenchantha at  Panmana Grama panchayath in Chavara Constituency.","Shri NK Premachandran","KOLLAM","Images","28-Oct-2024","1182588"
"8","Normal/Others","WS/MP345/2024-2025/134144-Construction of buildings for community cultural activities","Kerala","KOLLAM(DISTRICT COLLECTOR KOLLAM_IDA)","Construction of Head Quarter Building  for Perumon Thanal Charitable Trust in Panayam Grama Panchayat of Kollam Constituency (2nd  reach)","Shri NK Premachandran","KOLLAM","N/A","17-Aug-2024","338444"
"9","Normal/Others","WS/MP18152/2024-2025/133694-Construction of rooms and halls in school and colleges","Punjab","FARIDKOT(DEPUTY COMMISSIONER FARIDKOT_IDA)","Construction of MID DAY Meal Shed in Govt Primary school Pakka No.4","SARABJEET SINGH KHALSA","FARIDKOT(SC)","N/A","07-Apr-2025","300000"
"10","Normal/Others","WS/MP18152/2024-2025/133696-Installing community drinking water plants","Punjab","FARIDKOT(DEPUTY COMMISSIONER FARIDKOT_IDA)","Installation of RO System and water cooler in Govt Primary school Pakka No.4","SARABJEET SINGH KHALSA","FARIDKOT(SC)","N/A","07-Apr-2025","84500"
"11","Normal/Others","WS/MP18152/2024-2025/133701-Installing community drinking water plants","Punjab","FARIDKOT(DEPUTY COMMISSIONER FARIDKOT_IDA)","Installation of RO System and water cooler in Govt Primary school Bajakhana Main","SARABJEET SINGH KHALSA","FARIDKOT(SC)","N/A","07-Apr-2025","84500"
"12","Normal/Others","WS/MP18152/2024-2025/133693-Construction of rooms and halls in school and colleges","Punjab","FARIDKOT(DEPUTY COMMISSIONER FARIDKOT_IDA)","Construction of MID DAY Meal Shed in Govt Primary school Gumti Khurd","SARABJEET SINGH KHALSA","FARIDKOT(SC)","N/A","07-Apr-2025","300000"
"13","Normal/Others","WS/MP18152/2024-2025/133703-Installing community drinking water plants","Punjab","FARIDKOT(DEPUTY COMMISSIONER FARIDKOT_IDA)","Installation of RO System and water cooler in Govt Primary school Dhudi","SARABJEET SINGH KHALSA","FARIDKOT(SC)","N/A","07-Apr-2025","84500"
"14","Normal/Others","WS/MP18152/2024-2025/133688-Construction of rooms and halls in school and colleges","Punjab","FARIDKOT(DEPUTY COMMISSIONER FARIDKOT_IDA)","Construction of MID DAY Meal Shed in Govt Primary school Sedha Singhwala","SARABJEET SINGH KHALSA","FARIDKOT(SC)","N/A","07-Apr-2025","300000"
"15","Normal/Others","WS/MP18152/2024-2025/133687-Construction of rooms and halls in school and colleges","Punjab","FARIDKOT(DEPUTY COMMISSIONER FARIDKOT_IDA)","Construction of MID DAY Meal Shed in Govt Primary school Gondara","SARABJEET SINGH KHALSA","FARIDKOT(SC)","N/A","07-Apr-2025","300000"
"16","Normal/Others","WS/MP345/2024-2025/134123-Construction of rooms and halls in school and colleges","Kerala","KOLLAM(DISTRICT COLLECTOR KOLLAM_IDA)","Construction of building for Kadamancode Tribal LP School in Kulathupuzha Grama Panchayat in  Punalur Constituency (ST)","Shri NK Premachandran","KOLLAM","Images","06-Dec-2024","4740188"
"17","Normal/Others","WS/MP18278/2024-2025/134671-Construction of roads, link roads, pathways or any other road with or without drainage system","Chhattisgarh","JANJGIR-CHAMPA(DISTRICT COLLECTOR JANJGIR CHAMPA_IDA)","CC Road- From the Godhan Raju ahead of the house.","KAMLESH JANGDE","JANJGIR CHAMPA(SC)","Images","08-Oct-2024","500000"
"18","Normal/Others","WS/MP18278/2024-2025/134668-Construction of roads, link roads, pathways or any other road with or without drainage system","Chhattisgarh","JANJGIR-CHAMPA(DISTRICT COLLECTOR JANJGIR CHAMPA_IDA)","CC Road- Amit Sahu ahead of the house.","KAMLESH JANGDE","JANJGIR CHAMPA(SC)","Images","06-Dec-2024","1500000"
"19","Normal/Others","WS/	 MP620/2024-2025/133312-Construction of buildings for community cultural activities","Karnataka","DHARWAD(DEPUTY COMMISSIONER DHARWAR_IDA)","Construction of Community Hall at Ayahatti Village Near Beereshwar Temple Pry No 34","Pralhad Venkatesh Joshi","DHARWAD","Images","09-Jun-2025","498091"
"20","Normal/Others","WS/	 MP620/2024-2025/133166-Construction of buildings for community cultural activities","Karnataka","DHARWAD(DEPUTY COMMISSIONER DHARWAR_IDA)","Construction of Community Bhavan at Navalgund TQ Belavatagi Village Pry No 1/A Near Shivanand Math Continue Work","Pralhad Venkatesh Joshi","DHARWAD","Images","14-Oct-2024","497185"
"21","Normal/Others","WS/MP672/2024-2025/136731-Lighting of public spaces","Maharashtra","NAGPUR(DISTRICT COLLECTOR NAGPUR_IDA)","Installation of Highmast light and electric poles with light at Gosavi Ghat, Binaki, Nagpur","Nitin Jairam Gadkari","NAGPUR","Images","23-Aug-2024","963514"
"22","Normal/Others","WS/MP18278/2024-2025/134638-Construction of common work sheds/ common covered sitting area","Chhattisgarh","SAKTI(COLLECTOR SAKTI_IDA)","Construction of common sitting area (Chaburta)","KAMLESH JANGDE","JANJGIR CHAMPA(SC)","Images","12-Feb-2025","300000"
"23","Normal/Others","WS/MP18278/2024-2025/134644-Construction of roads, link roads, pathways or any other road with or without drainage system","Chhattisgarh","SAKTI(COLLECTOR SAKTI_IDA)","CC Road- Ahead from the main road towards the canal.","KAMLESH JANGDE","JANJGIR CHAMPA(SC)","Images","12-Feb-2025","1000000"
"24","Normal/Others","WS/MP18278/2024-2025/134646-Construction of roads, link roads, pathways or any other road with or without drainage system","Chhattisgarh","SAKTI(COLLECTOR SAKTI_IDA)","CC Road- From the road towards the Colony","KAMLESH JANGDE","JANJGIR CHAMPA(SC)","Images","25-Nov-2024","999550"
"25","Normal/Others","WS/MP18278/2024-2025/134674-Construction of roads, link roads, pathways or any other road with or without drainage system","Chhattisgarh","JANJGIR-CHAMPA(DISTRICT COLLECTOR JANJGIR CHAMPA_IDA)","CC Road- Community Building to Patharri pond (Taalab).","KAMLESH JANGDE","JANJGIR CHAMPA(SC)","Images","27-Nov-2024","998000"
"26","Normal/Others","WS/MP492/2024-2025/134984-Lighting of public spaces","Uttar Pradesh","SHAHJAHANPUR(DISTRICT MAGISTRAE SHAHJAHANAPUR_IDA)","Installation of 156 LED Highmast Lights for Rural and Urban areas as per enclosed List","Shri Arun Kumar Sagar","SHAHJAHANPUR(SC)","Images","25-Nov-2024","37908000"
"27","Normal/Others","WS/MP492/2024-2025/134981-Construction of bus-sheds or bus-stops","Uttar Pradesh","SHAHJAHANPUR(DISTRICT MAGISTRAE SHAHJAHANAPUR_IDA)","15 Yatri Tin/Bus shades List for rural and Urban Areas as per enclosed List","Shri Arun Kumar Sagar","SHAHJAHANPUR(SC)","N/A","25-Nov-2024","9900000"
"28","Normal/Others","WS/MP18152/2024-2025/133697-Construction of rooms and halls in school and colleges","Punjab","FARIDKOT(DEPUTY COMMISSIONER FARIDKOT_IDA)","Construction of Smart Classroom & Cycle Shed in Govt Primary school Machaki Mal Singh","SARABJEET SINGH KHALSA","FARIDKOT(SC)","N/A","07-Apr-2025","298940"
"29","Normal/Others","WS/MP347/2024-2025/138112-Construction of roads, link roads, pathways or any other road with or without drainage system","Kerala","KOLLAM(DISTRICT COLLECTOR KOLLAM_IDA)","Construction of side protection wall and concreating of Erattakottu Palanirappil road in ward 8, Neduvathur Grama Panchayath (SC)","Shri Suresh Kodikunnil","MAVELIKKARA(SC)","Images","09-Sep-2024","1254628"
"30","Normal/Others","WS/MP18278/2024-2025/134672-Construction of roads, link roads, pathways or any other road with or without drainage system","Chhattisgarh","JANJGIR-CHAMPA(DISTRICT COLLECTOR JANJGIR CHAMPA_IDA)","CC Road- From the high school towards the Fair Ground","KAMLESH JANGDE","JANJGIR CHAMPA(SC)","Images","17-Oct-2024","991511"
"31","Normal/Others","WS/MP691/2024-2025/140096-Fitting of Sitting RCC Benches in Public Places","Maharashtra","JALGAON(DISTRICT COLLECTOR JALGAON_IDA)","Mauje Bodwad Bodwad District  Seating Arrangment at various places for inner city citizens in Jalgaon.","Smt Raksha Nikhil Khadse","RAVER","Images","11-Sep-2024","2974718"
"32","Normal/Others","WS/MP18278/2024-2025/134649-Construction of culverts and bridges","Chhattisgarh","SAKTI(COLLECTOR SAKTI_IDA)","Construction of culverts and bridges- Between Singhra and Chhote Kot","KAMLESH JANGDE","JANJGIR CHAMPA(SC)","Images","05-Mar-2025","998871"
"33","Normal/Others","WS/MP18328/2024-2025/138242-Lighting of public spaces","Himachal Pradesh","MANDI(DEPUTY COMMISSIONER MANDI_IDA)","Installation of Solar Lights, Lightning of Public Spaces. Installation of One Solar Light (12 Watt) to the house of Jamna Devi W/o Late Sh. Devki Nandan, Village Khuiri Dom, PO- Rajgarh, Tehsil-Balh, District-Mandi, H.P. PIN-175027, Ph- 8219147679","Kangana Ranaut","MANDI","N/A","16-Jun-2025","14805"
"34","Normal/Others","WS/MP18328/2024-2025/138243-Lighting of public spaces","Himachal Pradesh","MANDI(DEPUTY COMMISSIONER MANDI_IDA)","Installation of Solar Lights, Lightning of Public Spaces. Installation of One Solar Light (12 Watt) to the house of Deepak Thakur S/o Late Sh. Devki Nandan, Village Khuiri Dom, PO- Rajgarh, Tehsil-Balh, District-Mandi, H.P. PIN-175027, Ph- 7986677538","Kangana Ranaut","MANDI","N/A","16-Jun-2025","14805"
"35","Normal/Others","WS/MP18328/2024-2025/138244-Lighting of public spaces","Himachal Pradesh","MANDI(DEPUTY COMMISSIONER MANDI_IDA)","Installation of Solar Lights, Lightning of Public Spaces. Installation of One Solar Light (12 Watt) near the house of Suneel Kumar S/o Gulaba Ram, Village Kalehri, PO- Balhara, Tehsil-Baldwara, District-Mandi, H.P. PIN-175033, Ph- 7590053551","Kangana Ranaut","MANDI","N/A","16-Jun-2025","14805"
"36","Normal/Others","WS/MP18152/2024-2025/133695-Construction of rooms and halls in school and colleges","Punjab","FARIDKOT(DEPUTY COMMISSIONER FARIDKOT_IDA)","Construction of Cycle Shed in Govt Primary school Lambwali","SARABJEET SINGH KHALSA","FARIDKOT(SC)","N/A","07-Apr-2025","197304"
"37","Normal/Others","WS/MP18152/2024-2025/133699-Installing community drinking water plants","Punjab","FARIDKOT(DEPUTY COMMISSIONER FARIDKOT_IDA)","Installation of RO System and water cooler in Govt Primary school Dhilwan kalan","SARABJEET SINGH KHALSA","FARIDKOT(SC)","N/A","07-Apr-2025","84500"
"38","Normal/Others","WS/MP18152/2024-2025/133692-Construction of rooms and halls in school and colleges","Punjab","FARIDKOT(DEPUTY COMMISSIONER FARIDKOT_IDA)","Construction of MID DAY Meal Shed in Govt Primary school Okandwala","SARABJEET SINGH KHALSA","FARIDKOT(SC)","N/A","07-Apr-2025","299155"
"39","Normal/Others","WS/MP777/2024-2025/136655-Construction of roads, link roads, pathways or any other road with or without drainage system","Uttar Pradesh","GAUTAM BUDDHA NAGAR(DISTRICT MAGISTRATE GAUTAMBUDHNAGAR)","Sai enclave colony Chipiyana Buzurg Ke Gali number 8, B- block main Nirmal dairy Se Rinku Sharma Ke ghar ki aur interlocking va Naali nirman Karya, 70 meter","Mahesh Sharma","GAUTAM BUDDHA NAGAR","Images","09-Sep-2025","995219"
"40","Normal/Others","WS/MP18152/2024-2025/137630-Purchase of mobile water tankers","Punjab","FARIDKOT(DEPUTY COMMISSIONER FARIDKOT_IDA)","Purchase of Steel mobile water tanker","SARABJEET SINGH KHALSA","FARIDKOT(SC)","N/A","07-Apr-2025","200000"
"41","Normal/Others","WS/MP18152/2024-2025/137631-Construction of rooms and halls in school and colleges","Punjab","FARIDKOT(DEPUTY COMMISSIONER FARIDKOT_IDA)","Construction of mid-day meal Shed in Govt Primary school Ratti rori Tibbian","SARABJEET SINGH KHALSA","FARIDKOT(SC)","N/A","07-Apr-2025","299155"
"42","Normal/Others","WS/MP18152/2024-2025/137637-Construction of rooms and halls in school and colleges","Punjab","FARIDKOT(DEPUTY COMMISSIONER FARIDKOT_IDA)","Construction of mid-day meal Shed in Govt Primary school Dana romana","SARABJEET SINGH KHALSA","FARIDKOT(SC)","N/A","07-Apr-2025","299155"
"43","Normal/Others","WS/MP18152/2024-2025/137640-Construction of rooms and halls in school and colleges","Punjab","FARIDKOT(DEPUTY COMMISSIONER FARIDKOT_IDA)","Construction of Midday meal Shed in Govt Primary school Dod Main","SARABJEET SINGH KHALSA","FARIDKOT(SC)","N/A","07-Apr-2025","299155"
"44","Normal/Others","WS/MP18152/2024-2025/137641-Construction of rooms and halls in school and colleges","Punjab","FARIDKOT(DEPUTY COMMISSIONER FARIDKOT_IDA)","Construction of mid-day meal Shed in Govt primary School","SARABJEET SINGH KHALSA","FARIDKOT(SC)","N/A","07-Apr-2025","299155"
"45","Normal/Others","WS/MP18152/2024-2025/137633-Purchase of mobile water tankers","Punjab","FARIDKOT(DEPUTY COMMISSIONER FARIDKOT_IDA)","Purchase of mobile Steel water tanker in GP Mai Godri Sahib","SARABJEET SINGH KHALSA","FARIDKOT(SC)","N/A","07-Apr-2025","200000"
"46","Normal/Others","WS/MP18152/2024-2025/137635-Street lights","Punjab","FARIDKOT(DEPUTY COMMISSIONER FARIDKOT_IDA)","Installation of Fixed Street Lights","SARABJEET SINGH KHALSA","FARIDKOT(SC)","N/A","07-Apr-2025","200000"
"47","Normal/Others","WS/MP777/2024-2025/136656-Construction of roads, link roads, pathways or any other road with or without drainage system","Uttar Pradesh","GAUTAM BUDDHA NAGAR(DISTRICT MAGISTRATE GAUTAMBUDHNAGAR)","Gram Bhogpur main Mahkesh Ke Makaan Se lekar Gyano Devi Ke ghar ki ore interlocking va nali nirman karya, 80 meter","Mahesh Sharma","GAUTAM BUDDHA NAGAR","Images","09-Sep-2025","995046"
"48","Normal/Others","WS/MP777/2024-2025/135874-Construction of roads, link roads, pathways or any other road with or without drainage system","Uttar Pradesh","GAUTAM BUDDHA NAGAR(DISTRICT MAGISTRATE GAUTAMBUDHNAGAR)","Noida ke Shribalaji Enclave Unnati Vihar Sector 123 men Jagdeep Sing Bisht ke ghar se lekar Rajesh Rai ke ghar ki ore interloking & naali kary, 86 meter","Mahesh Sharma","GAUTAM BUDDHA NAGAR","Images","09-Sep-2025","997045"
"49","Normal/Others","WS/MP777/2024-2025/135877-Construction of roads, link roads, pathways or any other road with or without drainage system","Uttar Pradesh","GAUTAM BUDDHA NAGAR(DISTRICT MAGISTRATE GAUTAMBUDHNAGAR)","Gram Tigri me rakesh ke office se lekar suman agarwal ke makaan ki ore interlocking & naali kary, 75 meter","Mahesh Sharma","GAUTAM BUDDHA NAGAR","Images","09-Sep-2025","998035"
"50","Normal/Others","WS/MP777/2024-2025/135876-Construction of roads, link roads, pathways or any other road with or without drainage system","Uttar Pradesh","GAUTAM BUDDHA NAGAR(DISTRICT MAGISTRATE GAUTAMBUDHNAGAR)","Noida ke Salarpur men Sheela devi ki meethai ki dukan se lekar ravindra ke makan ki ore interloking & naali kary, 90 meter","Mahesh Sharma","GAUTAM BUDDHA NAGAR","Images","09-Sep-2025","997302"
"51","Normal/Others","WS/MP777/2024-2025/135879-Construction of roads, link roads, pathways or any other road with or without drainage system","Uttar Pradesh","GAUTAM BUDDHA NAGAR(DISTRICT MAGISTRATE GAUTAMBUDHNAGAR)","Bahlolpur Jitendra Colony near Gas Agency gali no 5 jitednra ke ghar se lekar santosh ki dukan ki ore interlocking & naali nirman kary, 95 meter","Mahesh Sharma","GAUTAM BUDDHA NAGAR","Images","09-Sep-2025","997045"
"52","Normal/Others","WS/MP777/2024-2025/135878-Construction of roads, link roads, pathways or any other road with or without drainage system","Uttar Pradesh","GAUTAM BUDDHA NAGAR(DISTRICT MAGISTRATE GAUTAMBUDHNAGAR)","Kakrala men Kinnu Prajapati ki dukan kea age se bahav ki gali ki ore interlocking & naali nirman kary , 76 meter","Mahesh Sharma","GAUTAM BUDDHA NAGAR","Images","09-Sep-2025","995562"
"53","Normal/Others","WS/MP777/2024-2025/135882-Construction of roads, link roads, pathways or any other road with or without drainage system","Uttar Pradesh","GAUTAM BUDDHA NAGAR(DISTRICT MAGISTRATE GAUTAMBUDHNAGAR)","Noida ke Sarswati Kunj chipiyana urf Tigri men Manoj Dixit ke makaan se lekar nor mohammad ke makaan ki or interlocking & naali nirman kary, 100 meter","Mahesh Sharma","GAUTAM BUDDHA NAGAR","Images","09-Sep-2025","997224"
"54","Normal/Others","WS/MP777/2024-2025/135881-Construction of roads, link roads, pathways or any other road with or without drainage system","Uttar Pradesh","GAUTAM BUDDHA NAGAR(DISTRICT MAGISTRATE GAUTAMBUDHNAGAR)","Kakrala colony men Suresh Gupta ke makan ke samne se rajvir ke farm house hote huye pawan singh ke makan tak interlocking & naali nirman kary, 90 meter","Mahesh Sharma","GAUTAM BUDDHA NAGAR","Images","09-Sep-2025","998231"
"55","Normal/Others","WS/MP777/2024-2025/135880-Construction of roads, link roads, pathways or any other road with or without drainage system","Uttar Pradesh","GAUTAM BUDDHA NAGAR(DISTRICT MAGISTRATE GAUTAMBUDHNAGAR)","Kanawani men Deepak Nagar ke makaan se lekar mohit Sharma ke makaan ki or interlocking & naali kary, 92 meter","Mahesh Sharma","GAUTAM BUDDHA NAGAR","Images","09-Sep-2025","998269"
"56","Normal/Others","WS/MP777/2024-2025/136650-Construction of roads, link roads, pathways or any other road with or without drainage system","Uttar Pradesh","GAUTAM BUDDHA NAGAR(DISTRICT MAGISTRATE GAUTAMBUDHNAGAR)","Main Girdharpur sampark marg chakki wali gali ki aur interlocking & naali nirmaan karya, 78 meter.","Mahesh Sharma","GAUTAM BUDDHA NAGAR","Images","09-Sep-2025","998160"
"57","Normal/Others","WS/MP777/2024-2025/136649-Construction of roads, link roads, pathways or any other road with or without drainage system","Uttar Pradesh","GAUTAM BUDDHA NAGAR(DISTRICT MAGISTRATE GAUTAMBUDHNAGAR)","Gram Kheda Dharampur mein madan ke ghar se lekar R G International school ki ore interlocking nali nirmaan karya, 90 meter","Mahesh Sharma","GAUTAM BUDDHA NAGAR","Images","09-Sep-2025","786302"
"58","Normal/Others","WS/MP777/2024-2025/136654-Construction of roads, link roads, pathways or any other road with or without drainage system","Uttar Pradesh","GAUTAM BUDDHA NAGAR(DISTRICT MAGISTRATE GAUTAMBUDHNAGAR)","Kulesara ke Shiv enclave, greater Noida mein Shivkumar Se Aanchal Ke Makaan tak interlocking & Nalli nirman, 90 meter","Mahesh Sharma","GAUTAM BUDDHA NAGAR","Images","09-Sep-2025","998123"
"59","Normal/Others","WS/MP777/2024-2025/136652-Construction of roads, link roads, pathways or any other road with or without drainage system","Uttar Pradesh","GAUTAM BUDDHA NAGAR(DISTRICT MAGISTRATE GAUTAMBUDHNAGAR)","Gram Dadupur katana me Mukhya Marg School primary school se lekar Naharpul ki ore se CC Road, Nirman karya, 65 meter","Mahesh Sharma","GAUTAM BUDDHA NAGAR","Images","09-Sep-2025","998078"
"60","Normal/Others","WS/MP777/2024-2025/136651-Construction of roads, link roads, pathways or any other road with or without drainage system","Uttar Pradesh","GAUTAM BUDDHA NAGAR(DISTRICT MAGISTRATE GAUTAMBUDHNAGAR)","Sai Enclave Colony, Chipiyana Buzurg main Himanshu Upadhyay ke Makaan se lekar Harender Kumar ke Makaan ki ore interlocking & Nalli Nirman karya, 67 meter","Mahesh Sharma","GAUTAM BUDDHA NAGAR","Images","09-Sep-2025","797062"
"61","Normal/Others","WS/MP777/2024-2025/136657-Construction of roads, link roads, pathways or any other road with or without drainage system","Uttar Pradesh","GAUTAM BUDDHA NAGAR(DISTRICT MAGISTRATE GAUTAMBUDHNAGAR)","Sidipur main Tatarpur NTPC Road se lekar Jitender Sharma Ke Makaan ki ore CC Road & nali nirman, 80 meter","Mahesh Sharma","GAUTAM BUDDHA NAGAR","Images","09-Sep-2025","998346"
"62","Normal/Others","WS/MP777/2024-2025/136658-Construction of roads, link roads, pathways or any other road with or without drainage system","Uttar Pradesh","GAUTAM BUDDHA NAGAR(DISTRICT MAGISTRATE GAUTAMBUDHNAGAR)","Salarpur Kalan Dadri Mai Main Road Se lekar Moolchand Pradhan Ke Makaan ki aur interlocking Naali Nirman Karya, 100 meter","Mahesh Sharma","GAUTAM BUDDHA NAGAR","Images","09-Sep-2025","996693"
"63","Normal/Others","WS/MP777/2024-2025/136690-Construction of roads, link roads, pathways or any other road with or without drainage system","Uttar Pradesh","GAUTAM BUDDHA NAGAR(DISTRICT MAGISTRATE GAUTAMBUDHNAGAR)","Laudana men Gaura Balmiki ke plant se lekar giri Sharma ke makaan ki ore interlocking & naali nirman, 116 meter","Mahesh Sharma","GAUTAM BUDDHA NAGAR","Images","09-Sep-2025","998016"
"64","Normal/Others","WS/MP777/2024-2025/136689-Construction of roads, link roads, pathways or any other road with or without drainage system","Uttar Pradesh","GAUTAM BUDDHA NAGAR(DISTRICT MAGISTRATE GAUTAMBUDHNAGAR)","Mangrouli jewar me prabhat ke ghar se lekar satyaveer ke ghar ki ore CC road & naali nirman, 100 meter","Mahesh Sharma","GAUTAM BUDDHA NAGAR","Images","09-Sep-2025","996582"
"65","Normal/Others","WS/MP777/2024-2025/136687-Construction of roads, link roads, pathways or any other road with or without drainage system","Uttar Pradesh","GAUTAM BUDDHA NAGAR(DISTRICT MAGISTRATE GAUTAMBUDHNAGAR)","Village-Jhuppa men ravindra ke makaan se lekar mahipal Sharma ke makaan ki ore CC road & naali nirman, 73 meter","Mahesh Sharma","GAUTAM BUDDHA NAGAR","Images","09-Sep-2025","998358"
"66","Normal/Others","WS/MP777/2024-2025/136695-Construction of roads, link roads, pathways or any other road with or without drainage system","Uttar Pradesh","GAUTAM BUDDHA NAGAR(DISTRICT MAGISTRATE GAUTAMBUDHNAGAR)","Samaspur Dankaur mandal me Krishna Bansal ke makaan se lekar mohan baba mandir ki ore CC road & naali nirman, 103 meter","Mahesh Sharma","GAUTAM BUDDHA NAGAR","Images","09-Sep-2025","998154"
"67","Normal/Others","WS/MP777/2024-2025/136694-Construction of roads, link roads, pathways or any other road with or without drainage system","Uttar Pradesh","GAUTAM BUDDHA NAGAR(DISTRICT MAGISTRATE GAUTAMBUDHNAGAR)","Chiti men Giriraj ke makaan se lekar rajesh sharma ke makaan ki ore interlocking & naali nirman, 83 meter","Mahesh Sharma","GAUTAM BUDDHA NAGAR","Images","09-Sep-2025","998067"
"68","Normal/Others","WS/MP777/2024-2025/136693-Construction of roads, link roads, pathways or any other road with or without drainage system","Uttar Pradesh","GAUTAM BUDDHA NAGAR(DISTRICT MAGISTRATE GAUTAMBUDHNAGAR)","Kanarsi Dankaur me harikishan ke makaan se lekar mahri ke makaan ki ore interlocking & naali nirman, 75 meter","Mahesh Sharma","GAUTAM BUDDHA NAGAR","Images","09-Sep-2025","997341"
"69","Normal/Others","WS/MP777/2024-2025/136692-Construction of roads, link roads, pathways or any other road with or without drainage system","Uttar Pradesh","GAUTAM BUDDHA NAGAR(DISTRICT MAGISTRATE GAUTAMBUDHNAGAR)","Mangrauli men satveer ke ghar se lekar rajendra ke ghar ki ore CC road & naali nirman, 90 meter","Mahesh Sharma","GAUTAM BUDDHA NAGAR","Images","09-Sep-2025","996363"
"70","Normal/Others","WS/MP777/2024-2025/136691-Construction of roads, link roads, pathways or any other road with or without drainage system","Uttar Pradesh","GAUTAM BUDDHA NAGAR(DISTRICT MAGISTRATE GAUTAMBUDHNAGAR)","Kasna men 6 pratishat plot men C Block se lekar 19 D ki ore CC road  & naali nirman, 35 meter","Mahesh Sharma","GAUTAM BUDDHA NAGAR","Images","09-Sep-2025","533454"
"71","Normal/Others","WS/MP777/2024-2025/136696-Construction of roads, link roads, pathways or any other road with or without drainage system","Uttar Pradesh","GAUTAM BUDDHA NAGAR(DISTRICT MAGISTRATE GAUTAMBUDHNAGAR)","Vilaspur men Rampur road se lekar merry Dairy ki ore interlocking & naali nirman, 91 meter","Mahesh Sharma","GAUTAM BUDDHA NAGAR","Images","09-Sep-2025","906023"
"72","Normal/Others","WS/MP18152/2024-2025/137632-Installing community drinking water plants","Punjab","FARIDKOT(DEPUTY COMMISSIONER FARIDKOT_IDA)","Installation of RO System and water cooler in Govt Primary school Dana Romana","SARABJEET SINGH KHALSA","FARIDKOT(SC)","N/A","07-Apr-2025","84500"
"73","Normal/Others","WS/MP18152/2024-2025/137634-Installing community drinking water plants","Punjab","FARIDKOT(DEPUTY COMMISSIONER FARIDKOT_IDA)","Installation of RO System and water cooler in Govt Primary school Ratti Rori Tibbian","SARABJEET SINGH KHALSA","FARIDKOT(SC)","N/A","07-Apr-2025","84500"
"74","Normal/Others","WS/MP18152/2024-2025/137639-Installing community drinking water plants","Punjab","FARIDKOT(DEPUTY COMMISSIONER FARIDKOT_IDA)","Installation of RO System and water cooler in Govt Primary school","SARABJEET SINGH KHALSA","FARIDKOT(SC)","N/A","07-Apr-2025","84500"
"75","Normal/Others","WS/MP18152/2024-2025/137638-Installing community drinking water plants","Punjab","FARIDKOT(DEPUTY COMMISSIONER FARIDKOT_IDA)","Installation of RO System and water cooler in Govt Primary school Balbir Basti","SARABJEET SINGH KHALSA","FARIDKOT(SC)","N/A","07-Apr-2025","84500"
"76","Normal/Others","WS/MP18152/2024-2025/137636-Installing community drinking water plants","Punjab","FARIDKOT(DEPUTY COMMISSIONER FARIDKOT_IDA)","Installation of RO System and water cooler in Govt Primary school","SARABJEET SINGH KHALSA","FARIDKOT(SC)","N/A","07-Apr-2025","84500"
"77","Normal/Others","WS/MP18278/2024-2025/137687-Construction of roads, link roads, pathways or any other road with or without drainage system","Chhattisgarh","SAKTI(COLLECTOR SAKTI_IDA)","GRAM SULAUNI ME C.C. ROAD NIRMARAN (RADHELAL GHAR SE SULIPALI KI ORE)","KAMLESH JANGDE","JANJGIR CHAMPA(SC)","Images","14-Nov-2024","800000"
"78","Normal/Others","WS/MP18278/2024-2025/137689-Construction of roads, link roads, pathways or any other road with or without drainage system","Chhattisgarh","SAKTI(COLLECTOR SAKTI_IDA)","GRAM ANDA ME C.C. ROAD NIRMARAN ( ASHOK KI KHET SE AAGE KI ORE)","KAMLESH JANGDE","JANJGIR CHAMPA(SC)","Images","25-Nov-2024","999633"
"79","Normal/Others","WS/MP18278/2024-2025/137679-Construction of roads, link roads, pathways or any other road with or without drainage system","Chhattisgarh","JANJGIR-CHAMPA(DISTRICT COLLECTOR JANJGIR CHAMPA_IDA)","GRAM SONIYAPATH ME C.C. ROAD NIRMARAN (SHYAM LAL BHAINA GHAR SE NADI KI ORE)","KAMLESH JANGDE","JANJGIR CHAMPA(SC)","Images","28-Oct-2024","999941"
"80","Normal/Others","WS/MP18278/2024-2025/134670-Construction of boundary walls of existing public and community buildings","Chhattisgarh","JANJGIR-CHAMPA(DISTRICT COLLECTOR JANJGIR CHAMPA_IDA)","Construction of community building in the Muslim locality.","KAMLESH JANGDE","JANJGIR CHAMPA(SC)","Images","14-Nov-2024","598982"
"81","Normal/Others","WS/MP18278/2024-2025/137680-Construction of roads, link roads, pathways or any other road with or without drainage system","Chhattisgarh","JANJGIR-CHAMPA(DISTRICT COLLECTOR JANJGIR CHAMPA_IDA)","GRAM DURPA ME C.C. ROAD NIRMARAN (DAURAM SIDAR GHAR SE CHHEDI LAL GHAR KI ORE)","KAMLESH JANGDE","JANJGIR CHAMPA(SC)","Images","19-Nov-2024","984661"
"82","Normal/Others","WS/MP18278/2024-2025/134673-Construction of roads, link roads, pathways or any other road with or without drainage system","Chhattisgarh","JANJGIR-CHAMPA(DISTRICT COLLECTOR JANJGIR CHAMPA_IDA)","CC Road- From Jogiram house to Teejram house.","KAMLESH JANGDE","JANJGIR CHAMPA(SC)","Images","03-Dec-2024","499906"
"83","Normal/Others","WS/MP18278/2024-2025/134630-Construction of boundary walls of existing public and community buildings","Chhattisgarh","SAKTI(COLLECTOR SAKTI_IDA)","Construction of boundary walls","KAMLESH JANGDE","JANJGIR CHAMPA(SC)","Images","31-Dec-2024","1000000"
"84","Normal/Others","WS/MP18152/2024-2025/141223-Street lights","Punjab","FARIDKOT(DEPUTY COMMISSIONER FARIDKOT_IDA)","Installation of Street lights at Gram Panchayat Kothe pakka no 1","SARABJEET SINGH KHALSA","FARIDKOT(SC)","N/A","07-Apr-2025","100000"
"85","Normal/Others","WS/MP18152/2024-2025/141195-Street lights","Punjab","FARIDKOT(DEPUTY COMMISSIONER FARIDKOT_IDA)","Installation of Street lights","SARABJEET SINGH KHALSA","FARIDKOT(SC)","N/A","07-Apr-2025","200000"
"86","Normal/Others","WS/MP18152/2024-2025/141192-Fitting of Sitting RCC Benches in Public Places","Punjab","FARIDKOT(DEPUTY COMMISSIONER FARIDKOT_IDA)","Fitting of Sitting RCC Benches in Public Places","SARABJEET SINGH KHALSA","FARIDKOT(SC)","N/A","07-Apr-2025","150000"
"87","Normal/Others","WS/MP18152/2024-2025/141197-Street lights","Punjab","FARIDKOT(DEPUTY COMMISSIONER FARIDKOT_IDA)","Installation of Street lights","SARABJEET SINGH KHALSA","FARIDKOT(SC)","N/A","07-Apr-2025","200000"
"88","Normal/Others","WS/MP18152/2024-2025/141224-Street lights","Punjab","FARIDKOT(DEPUTY COMMISSIONER FARIDKOT_IDA)","Installation of Street lights","SARABJEET SINGH KHALSA","FARIDKOT(SC)","N/A","07-Apr-2025","200000"
"89","Normal/Others","WS/MP18152/2024-2025/141217-Street lights","Punjab","FARIDKOT(DEPUTY COMMISSIONER FARIDKOT_IDA)","Installation of Street lights","SARABJEET SINGH KHALSA","FARIDKOT(SC)","N/A","07-Apr-2025","200000"
"90","Normal/Others","WS/MP18152/2024-2025/141213-Fitting of Sitting RCC Benches in Public Places","Punjab","FARIDKOT(DEPUTY COMMISSIONER FARIDKOT_IDA)","Fitting of Sitting RCC Benches in Public Places at Gram panchayat Nawan Mehmuana","SARABJEET SINGH KHALSA","FARIDKOT(SC)","N/A","07-Apr-2025","150000"
"91","Normal/Others","WS/MP18152/2024-2025/141204-Fitting of Sitting RCC Benches in Public Places","Punjab","FARIDKOT(DEPUTY COMMISSIONER FARIDKOT_IDA)","Fitting of Sitting RCC Benches in Public Places","SARABJEET SINGH KHALSA","FARIDKOT(SC)","N/A","07-Apr-2025","150000"
"92","Normal/Others","WS/MP18152/2024-2025/141199-Fitting of Sitting RCC Benches in Public Places","Punjab","FARIDKOT(DEPUTY COMMISSIONER FARIDKOT_IDA)","Fitting of Sitting RCC Benches in Public Places","SARABJEET SINGH KHALSA","FARIDKOT(SC)","N/A","07-Apr-2025","150000"
"93","Normal/Others","WS/MP18152/2024-2025/141202-Fitting of Sitting RCC Benches in Public Places","Punjab","FARIDKOT(DEPUTY COMMISSIONER FARIDKOT_IDA)","Fitting of Sitting RCC Benches in Public Places","SARABJEET SINGH KHALSA","FARIDKOT(SC)","N/A","07-Apr-2025","150000"
"94","Normal/Others","WS/MP18152/2024-2025/141201-Fitting of Sitting RCC Benches in Public Places","Punjab","FARIDKOT(DEPUTY COMMISSIONER FARIDKOT_IDA)","Fitting of Sitting RCC Benches in Public Places","SARABJEET SINGH KHALSA","FARIDKOT(SC)","N/A","07-Apr-2025","150000"
"95","Normal/Others","WS/MP18152/2024-2025/141200-Fitting of Sitting RCC Benches in Public Places","Punjab","FARIDKOT(DEPUTY COMMISSIONER FARIDKOT_IDA)","Fitting of Sitting RCC Benches in Public Places","SARABJEET SINGH KHALSA","FARIDKOT(SC)","N/A","07-Apr-2025","150000"
"96","Normal/Others","WS/MP18152/2024-2025/141208-Fitting of Sitting RCC Benches in Public Places","Punjab","FARIDKOT(DEPUTY COMMISSIONER FARIDKOT_IDA)","Fitting of Sitting RCC Benches in Public Places","SARABJEET SINGH KHALSA","FARIDKOT(SC)","N/A","07-Apr-2025","150000"
"97","Normal/Others","WS/MP18152/2024-2025/141209-Fitting of Sitting RCC Benches in Public Places","Punjab","FARIDKOT(DEPUTY COMMISSIONER FARIDKOT_IDA)","Fitting of Sitting RCC Benches in Public Places","SARABJEET SINGH KHALSA","FARIDKOT(SC)","N/A","07-Apr-2025","150000"
"98","Normal/Others","WS/MP18152/2024-2025/141210-Fitting of Sitting RCC Benches in Public Places","Punjab","FARIDKOT(DEPUTY COMMISSIONER FARIDKOT_IDA)","Fitting of Sitting RCC Benches in Public Places","SARABJEET SINGH KHALSA","FARIDKOT(SC)","N/A","07-Apr-2025","150000"
"99","Normal/Others","WS/MP18152/2024-2025/141211-Fitting of Sitting RCC Benches in Public Places","Punjab","FARIDKOT(DEPUTY COMMISSIONER FARIDKOT_IDA)","Fitting of Sitting RCC Benches in Public Places","SARABJEET SINGH KHALSA","FARIDKOT(SC)","N/A","07-Apr-2025","150000"
"100","Normal/Others","WS/MP18152/2024-2025/141207-Fitting of Sitting RCC Benches in Public Places","Punjab","FARIDKOT(DEPUTY COMMISSIONER FARIDKOT_IDA)","Fitting of Sitting RCC Benches in Public Places","SARABJEET SINGH KHALSA","FARIDKOT(SC)","N/A","07-Apr-2025","150000"
"101","Normal/Others","WS/MP18152/2024-2025/141206-Fitting of Sitting RCC Benches in Public Places","Punjab","FARIDKOT(DEPUTY COMMISSIONER FARIDKOT_IDA)","Fitting of Sitting RCC Benches in Public Places","SARABJEET SINGH KHALSA","FARIDKOT(SC)","N/A","07-Apr-2025","150000"
"102","Normal/Others","WS/MP18152/2024-2025/141205-Fitting of Sitting RCC Benches in Public Places","Punjab","FARIDKOT(DEPUTY COMMISSIONER FARIDKOT_IDA)","Fitting of Sitting RCC Benches in Public Places","SARABJEET SINGH KHALSA","FARIDKOT(SC)","N/A","07-Apr-2025","150000"
"103","Normal/Others","WS/MP18152/2024-2025/141215-Fitting of Sitting RCC Benches in Public Places","Punjab","FARIDKOT(DEPUTY COMMISSIONER FARIDKOT_IDA)","Fitting of Sitting RCC Benches in Public Places at Gram panchayat Pakka no 4","SARABJEET SINGH KHALSA","FARIDKOT(SC)","N/A","07-Apr-2025","150000"
"104","Normal/Others","WS/MP18152/2024-2025/141212-Fitting of Sitting RCC Benches in Public Places","Punjab","FARIDKOT(DEPUTY COMMISSIONER FARIDKOT_IDA)","Fitting of Sitting RCC Benches in Public Places","SARABJEET SINGH KHALSA","FARIDKOT(SC)","N/A","07-Apr-2025","150000"
"105","Normal/Others","WS/MP18152/2024-2025/141214-Fitting of Sitting RCC Benches in Public Places","Punjab","FARIDKOT(DEPUTY COMMISSIONER FARIDKOT_IDA)","Fitting of Sitting RCC Benches in Public Places at Gram panchayat Pakka no 1","SARABJEET SINGH KHALSA","FARIDKOT(SC)","N/A","07-Apr-2025","150000"
"106","Normal/Others","WS/MP393/2024-2025/140635-Street lights","Tamil Nadu","SIVAGANGA(DISTRICT COLLECTOR SIVAGANGA_IDA)","thirupuvanam town panchayat (mplads 2022-23) 16th ward chinna muthumariamman kovil near mini mast light","Shri Karti P Chidambaram","SIVAGANGA","Images","24-Sep-2024","500000"
"107","Normal/Others","WS/MP18336/2024-2025/135505-Construction of roads, link roads, pathways or any other road with or without drainage system","Chhattisgarh","RAIPUR(DISTRICT COLLECTOR RAIPUR_IDA)","CC road nirman, kirtu verma ke byara se main road tak, Village Sontara, Block Tilda, Dist Raipur","BRIJMOHAN AGRAWAL","RAIPUR","Images","29-May-2025","1000000"
"108","Normal/Others","WS/MP18336/2024-2025/135506-Construction of roads, link roads, pathways or any other road with or without drainage system","Chhattisgarh","RAIPUR(DISTRICT COLLECTOR RAIPUR_IDA)","CC road nirman, Rakesh ke ghar se Hemnath ke ghar tak, Gram Janjgira, Block Tilda, Dist Raipur","BRIJMOHAN AGRAWAL","RAIPUR","Images","29-May-2025","1000000"
"109","Normal/Others","WS/MP18153/2024-2025/137282-Installing community drinking water plants","Punjab","FEROZEPUR(DEPUTY COMMISSIONER FIROZEPUR_IDA)","Installation of RO System At Govt. primary School Sodhi Nagar (Capacity 500 Ltrs)","SHER SINGH GHUBAYA","FIROZPUR","N/A","30-Dec-2024","232297"
"110","Normal/Others","WS/MP18153/2024-2025/137281-Installing community drinking water plants","Punjab","FEROZEPUR(DEPUTY COMMISSIONER FIROZEPUR_IDA)","Installation of RO System At Govt. Primary School Bhamba Landa (Capacity 500 Ltrs)","SHER SINGH GHUBAYA","FIROZPUR","N/A","30-Dec-2024","232415"
"111","Normal/Others","WS/MP18153/2024-2025/137280-Installing community drinking water plants","Punjab","FEROZEPUR(DEPUTY COMMISSIONER FIROZEPUR_IDA)","Installation of RO System At Govt. High School Sodhi Nagar (Capacity 500 Ltrs)","SHER SINGH GHUBAYA","FIROZPUR","N/A","30-Dec-2024","232062"
"112","Normal/Others","WS/MP18153/2024-2025/137279-Installing community drinking water plants","Punjab","FEROZEPUR(DEPUTY COMMISSIONER FIROZEPUR_IDA)","Installation of RO System At Govt. Primary School Sodhe Wala (Capacity 500 Ltrs)","SHER SINGH GHUBAYA","FIROZPUR","N/A","18-Mar-2025","232415"
"113","Normal/Others","WS/MP18153/2024-2025/137278-Installing community drinking water plants","Punjab","FEROZEPUR(DEPUTY COMMISSIONER FIROZEPUR_IDA)","Installation of RO System At Govt. High School Kot Karor Kalan (Capacity 500 Ltrs)","SHER SINGH GHUBAYA","FIROZPUR","N/A","30-Dec-2024","232650"
"114","Normal/Others","WS/MP18153/2024-2025/137286-Installing community drinking water plants","Punjab","FEROZEPUR(DEPUTY COMMISSIONER FIROZEPUR_IDA)","Installation of RO System At Govt. Middal School Sulhani (Capacity 500 Ltrs)","SHER SINGH GHUBAYA","FIROZPUR","N/A","07-Jan-2025","232767"
"115","Normal/Others","WS/MP18153/2024-2025/137285-Installing community drinking water plants","Punjab","FEROZEPUR(DEPUTY COMMISSIONER FIROZEPUR_IDA)","Installation of RO System At Govt. Sen. Sec. (Girls) School Mamdot (Capacity 500 Ltrs)","SHER SINGH GHUBAYA","FIROZPUR","N/A","30-Dec-2024","232767"
"116","Normal/Others","WS/MP18153/2024-2025/137284-Installing community drinking water plants","Punjab","FEROZEPUR(DEPUTY COMMISSIONER FIROZEPUR_IDA)","Installation of RO System At Govt. Primary School Jawahar Singh Wala (Capacity 500 Ltrs)","SHER SINGH GHUBAYA","FIROZPUR","N/A","30-Dec-2024","231710"
"117","Normal/Others","WS/MP18153/2024-2025/137283-Installing community drinking water plants","Punjab","FEROZEPUR(DEPUTY COMMISSIONER FIROZEPUR_IDA)","Installation of RO System At Govt. Primary  School Bhure Kalan (Capacity 500 Ltrs)","SHER SINGH GHUBAYA","FIROZPUR","N/A","08-Jan-2025","232497"
"118","Normal/Others","WS/MP18153/2024-2025/137292-Installing community drinking water plants","Punjab","FEROZEPUR(DEPUTY COMMISSIONER FIROZEPUR_IDA)","Installation of RO System At Govt. High School Wahge wala (Capacity 500 Ltrs)","SHER SINGH GHUBAYA","FIROZPUR","N/A","30-Dec-2024","232650"
"119","Normal/Others","WS/MP18153/2024-2025/137291-Installing community drinking water plants","Punjab","FEROZEPUR(DEPUTY COMMISSIONER FIROZEPUR_IDA)","Installation of RO System At Govt. Middal School Jamitpur Dheru (Capacity 500 Ltrs)","SHER SINGH GHUBAYA","FIROZPUR","N/A","30-Dec-2024","231240"
"120","Normal/Others","WS/MP18153/2024-2025/137290-Installing community drinking water plants","Punjab","FEROZEPUR(DEPUTY COMMISSIONER FIROZEPUR_IDA)","Installation of RO System At Govt. Primary School Jamitpur Dheru(Capacity 500 Ltrs)","SHER SINGH GHUBAYA","FIROZPUR","N/A","30-Dec-2024","232650"
"121","Normal/Others","WS/MP18153/2024-2025/137289-Installing community drinking water plants","Punjab","FEROZEPUR(DEPUTY COMMISSIONER FIROZEPUR_IDA)","Installation of RO System At Govt. Primary School Ferozeshah (Capacity 500 Ltrs)","SHER SINGH GHUBAYA","FIROZPUR","N/A","30-Dec-2024","232297"
"122","Normal/Others","WS/MP18153/2024-2025/137288-Installing community drinking water plants","Punjab","FEROZEPUR(DEPUTY COMMISSIONER FIROZEPUR_IDA)","Installation of RO System At Govt. Adarsh Sen. Sec. School Bukan Khan wala (Capacity 500 Ltrs)","SHER SINGH GHUBAYA","FIROZPUR","N/A","30-Dec-2024","232532"
"123","Normal/Others","WS/MP18153/2024-2025/137287-Installing community drinking water plants","Punjab","FEROZEPUR(DEPUTY COMMISSIONER FIROZEPUR_IDA)","Installation of RO System At Govt. Middal School Lohgarh (Capacity 500 Ltrs)","SHER SINGH GHUBAYA","FIROZPUR","N/A","30-Dec-2024","233002"
"124","Normal/Others","WS/MP18153/2024-2025/137293-Installing community drinking water plants","Punjab","FEROZEPUR(DEPUTY COMMISSIONER FIROZEPUR_IDA)","Installation of RO System At Govt. Primary School Basti Ram Lal   (Maste Ke)(Capacity 500 Ltrs)","SHER SINGH GHUBAYA","FIROZPUR","N/A","30-Dec-2024","231827"
"125","Normal/Others","WS/MP18153/2024-2025/135257-Installing community drinking water plants","Punjab","FEROZEPUR(DEPUTY COMMISSIONER FIROZEPUR_IDA)","Installation of RO System Capacity 500 Ltrs. at Govt. Primary School Village Sher Khan Wala","SHER SINGH GHUBAYA","FIROZPUR","N/A","30-Dec-2024","232180"
"126","Normal/Others","WS/MP18153/2024-2025/135256-Installing community drinking water plants","Punjab","FEROZEPUR(DEPUTY COMMISSIONER FIROZEPUR_IDA)","Installation of RO System Capacity 500 Ltrs. at Govt. Middle School Village Mahalam","SHER SINGH GHUBAYA","FIROZPUR","N/A","30-Dec-2024","232415"
"127","Normal/Others","WS/MP18153/2024-2025/135255-Installing community drinking water plants","Punjab","FEROZEPUR(DEPUTY COMMISSIONER FIROZEPUR_IDA)","Installation of RO System Capacity 500 Ltrs. at Govt. Primary School Village Ale Wala","SHER SINGH GHUBAYA","FIROZPUR","N/A","30-Dec-2024","232062"
"128","Normal/Others","WS/MP18153/2024-2025/135259-Installing community drinking water plants","Punjab","FEROZEPUR(DEPUTY COMMISSIONER FIROZEPUR_IDA)","Installation of RO System Capacity 500 Ltrs. at Govt. Primary School Village Kabbar Wachha","SHER SINGH GHUBAYA","FIROZPUR","N/A","30-Dec-2024","232650"
"129","Normal/Others","WS/MP18153/2024-2025/135258-Installing community drinking water plants","Punjab","FEROZEPUR(DEPUTY COMMISSIONER FIROZEPUR_IDA)","Installation of RO System Capacity 500 Ltrs. at Govt. Sen. Sec. School Village Sher Khan Wala","SHER SINGH GHUBAYA","FIROZPUR","N/A","30-Dec-2024","232415"
"130","Normal/Others","WS/MP18153/2024-2025/135262-Installing community drinking water plants","Punjab","FEROZEPUR(DEPUTY COMMISSIONER FIROZEPUR_IDA)","Installation of RO System Capacity 500 Ltrs. at Govt. Sen. Sec. School Ghall Khurd","SHER SINGH GHUBAYA","FIROZPUR","N/A","30-Dec-2024","232697"
"131","Normal/Others","WS/MP18153/2024-2025/135261-Installing community drinking water plants","Punjab","FEROZEPUR(DEPUTY COMMISSIONER FIROZEPUR_IDA)","Installation of RO System Capacity 500 Ltrs. at Govt. Sen. Sec. School Boys Mudki City","SHER SINGH GHUBAYA","FIROZPUR","N/A","30-Dec-2024","232180"
"132","Normal/Others","WS/MP18153/2024-2025/135260-Installing community drinking water plants","Punjab","FEROZEPUR(DEPUTY COMMISSIONER FIROZEPUR_IDA)","Installation of RO System Capacity 500 Ltrs. at Govt. Middle School Village Kabbar wachha","SHER SINGH GHUBAYA","FIROZPUR","N/A","30-Dec-2024","232415"
"133","Normal/Others","WS/MP18153/2024-2025/135263-Installing community drinking water plants","Punjab","FEROZEPUR(DEPUTY COMMISSIONER FIROZEPUR_IDA)","Installation of RO System Capacity 500 Ltrs. at Govt. Sen. Sec. Smart School Mana Singh Wala","SHER SINGH GHUBAYA","FIROZPUR","N/A","30-Dec-2024","232415"
"134","Normal/Others","WS/MP18153/2024-2025/135266-Installing community drinking water plants","Punjab","FEROZEPUR(DEPUTY COMMISSIONER FIROZEPUR_IDA)","Installation of RO System Capacity 500 Ltrs. at Govt. Girls Sen. Sec. School Mudki City","SHER SINGH GHUBAYA","FIROZPUR","N/A","30-Dec-2024","232415"
"135","Normal/Others","WS/MP18153/2024-2025/135264-Purchase of mobile water tankers","Punjab","FEROZEPUR(DEPUTY COMMISSIONER FIROZEPUR_IDA)","Purchase of Mobile Water tanker Capacity 3000 Ltrs.at Village Chak Bur Wala","SHER SINGH GHUBAYA","FIROZPUR","N/A","04-Apr-2025","241056"
"136","Normal/Others","WS/MP18153/2024-2025/135265-Purchase of mobile water tankers","Punjab","FEROZEPUR(DEPUTY COMMISSIONER FIROZEPUR_IDA)","Purchase of Mobile Water tanker Capacity 3000 Ltrs.at Village Kutti","SHER SINGH GHUBAYA","FIROZPUR","N/A","04-Apr-2025","240833"
"137","Normal/Others","WS/MP18152/2024-2025/133698-Construction of rooms and halls in school and colleges","Punjab","FARIDKOT(DEPUTY COMMISSIONER FARIDKOT_IDA)","Installation of Two Interactive panel for Smart Class in Govt High school Dhimanwali","SARABJEET SINGH KHALSA","FARIDKOT(SC)","N/A","07-May-2025","250000"
"138","Normal/Others","WS/MP18336/2024-2025/135507-Construction of roads, link roads, pathways or any other road with or without drainage system","Chhattisgarh","RAIPUR(DISTRICT COLLECTOR RAIPUR_IDA)","CC road nirman, Radheshyam ke ghar se Kadhiya road tak, Gram Bharuwadih kala, Block Tilda, Dist Raipur","BRIJMOHAN AGRAWAL","RAIPUR","Images","29-May-2025","1000000"
"139","Normal/Others","WS/MP18278/2024-2025/137691-Construction of roads, link roads, pathways or any other road with or without drainage system","Chhattisgarh","SAKTI(COLLECTOR SAKTI_IDA)","GRAM JUDGA ME C.C. ROAD NIRMARAN ( SHIV PRASAD KAWAR GHAR SE BASTI KI ORE)","KAMLESH JANGDE","JANJGIR CHAMPA(SC)","Images","28-Nov-2024","1000000"
"140","Normal/Others","WS/MP18278/2024-2025/134633-Construction of roads, link roads, pathways or any other road with or without drainage system","Chhattisgarh","SAKTI(COLLECTOR SAKTI_IDA)","CC Road- Prakash ahead of home, Gram panchayat- Chorbhatthi","KAMLESH JANGDE","JANJGIR CHAMPA(SC)","Images","10-Jan-2025","1000000"
"141","Normal/Others","WS/MP18278/2024-2025/134631-Construction of cycle tracks, cycle stand and segregated non-motorized vehicle (NMV) lanes","Chhattisgarh","SAKTI(COLLECTOR SAKTI_IDA)","Construction of cycle stand.","KAMLESH JANGDE","JANJGIR CHAMPA(SC)","Images","05-Dec-2024","500000"
"142","Normal/Others","WS/MP18278/2024-2025/134632-Construction of roads, link roads, pathways or any other road with or without drainage system","Chhattisgarh","SAKTI(COLLECTOR SAKTI_IDA)","Construction of CC Road. Shyam Lal Chandra ahead of home, Gram Panchayat - Kashigarh","KAMLESH JANGDE","JANJGIR CHAMPA(SC)","Images","07-Feb-2025","1000000"
"143","Normal/Others","WS/MP345/2024-2025/134145-Construction of buildings for community cultural activities","Kerala","KOLLAM(DISTRICT COLLECTOR KOLLAM_IDA)","Construction of Building for Sri.Vidhyadiraja Arts and Sports Club in Panmana Grama Panchayat of Chavra constituency","Shri NK Premachandran","KOLLAM","Images","27-Sep-2024","96867"
"144","Normal/Others","WS/MP641/2024-2025/143280-Setting up of farmers’ training and assistance centers","Madhya Pradesh","Khargone (West Nimar)(DISTRICT COLLECTOR KHARGONE_IDA)","Setting up of farmers’ training and assistance center in village Jalud at near Madhwashram Gaushala","Gajendra Singh Patel","KHARGONE(ST)","N/A","20-Feb-2025","2000000"
"145","Normal/Others","WS/MP641/2024-2025/143281-Setting up of farmers’ training and assistance centers","Madhya Pradesh","Khargone (West Nimar)(DISTRICT COLLECTOR KHARGONE_IDA)","Setting up of farmers’ training and assistance center in village Jalud at near Gaushala","Gajendra Singh Patel","KHARGONE(ST)","N/A","16-May-2025","1500000"
"146","Normal/Others","WS/MP429/2024-2025/140550-Construction of culverts and bridges","Chhattisgarh","Gaurela-Pendra-Marwahi(Collector GPM_IDA)","Puliya (Culvert) construction from Khamli khurd to Thhihayi Pahuch Marg in Gram Panchayat Pandripani, Vikas Khand - Gaurella","Jyotsna Charandas Mahant","KORBA","N/A","19-Nov-2024","900000"
"147","Normal/Others","WS/MP18182/2024-2025/134222-Construction of boundary walls of existing public and community buildings","Tamil Nadu","TENKASI(DISTRICT COLLECTOR TENKASI_IDA)","Construction of Flood protective wall in Periya Panayankulam weir in Nainaragaram Village of Kadayanallur Union.","DR RANI SRI KUMAR","TENKASI(SC)","Images","30-Sep-2024","2486079"
"148","Normal/Others","WS/MP18182/2024-2025/134224-Construction of boundary walls of existing public and community buildings","Tamil Nadu","TENKASI(DISTRICT COLLECTOR TENKASI_IDA)","Construction of protective wall and skin wall  in Left side weir of Pattakulam in Sernthamangalam village of Melaneelithanallur Union.","DR RANI SRI KUMAR","TENKASI(SC)","Images","30-Sep-2024","2481067"
"149","Normal/Others","WS/MP672/2024-2025/144105-Construction of roads, link roads, pathways or any other road with or without drainage system","Maharashtra","NAGPUR(DISTRICT COLLECTOR NAGPUR_IDA)","Construction of Cement Concerete Road from house of Durga Vikas Dharange to house of Sunita Hedaoo at Galli No.24, Vinoba Bhave Nagar.","Nitin Jairam Gadkari","NAGPUR","Images","30-Sep-2024","458593"
"150","Normal/Others","WS/MP672/2024-2025/144104-Purchase of hospital equipment","Maharashtra","NAGPUR(DISTRICT COLLECTOR NAGPUR_IDA)","Purchasing of Speech and Language disorder assesment and intervention software for speech and hearing disabilities.","Nitin Jairam Gadkari","NAGPUR","Images","30-Sep-2024","670000"
"151","Normal/Others","WS/MP18278/2024-2025/134660-Construction of roads, link roads, pathways or any other road with or without drainage system","Chhattisgarh","SAKTI(COLLECTOR SAKTI_IDA)","CC Road- From Anand House towards Muktidham.","KAMLESH JANGDE","JANJGIR CHAMPA(SC)","Images","25-Aug-2025","999856"
"152","Normal/Others","WS/MP18278/2024-2025/134655-Construction of roads, link roads, pathways or any other road with or without drainage system","Chhattisgarh","SAKTI(COLLECTOR SAKTI_IDA)","Construction of drainage system- From Gobardhan Dewangan house towards Bhuwan Lal Rathore farm","KAMLESH JANGDE","JANJGIR CHAMPA(SC)","Images","18-Nov-2024","700000"
"153","Normal/Others","WS/MP18278/2024-2025/134666-Construction of roads, link roads, pathways or any other road with or without drainage system","Chhattisgarh","SAKTI(COLLECTOR SAKTI_IDA)","CC Road- from the Bar Chowk to towards School.","KAMLESH JANGDE","JANJGIR CHAMPA(SC)","Images","07-Jan-2025","999772"
"154","Normal/Others","WS/MP672/2024-2025/144103-Purchase of hospital equipment","Maharashtra","NAGPUR(DISTRICT COLLECTOR NAGPUR_IDA)","Purchasing of Solar (Battery Operated) tricycle at CRC, Nagpur.","Nitin Jairam Gadkari","NAGPUR","Images","01-Oct-2024","555000"
"155","Normal/Others","WS/MP18101/2024-2025/139569-Construction of additional rooms and halls in the existing public and community building","Madhya Pradesh","DAMOH(DISTRICT COLLECTOR DAMOH_IDA)","atirikt kakch niman kary panchayat bhavan ke piche vyayam sala ke pass gram panchayat abhana","RAHUL SINGH LODHI","DAMOH","Images","09-Sep-2025","500000"
"156","Normal/Others","WS/MP672/2024-2025/144101-Purchase of hospital equipment","Maharashtra","NAGPUR(DISTRICT COLLECTOR NAGPUR_IDA)","Upgrading of Prosthetic & Orthotics unit at CRC, Nagpur.","Nitin Jairam Gadkari","NAGPUR","Images","04-Oct-2024","152300"
"157","Normal/Others","WS/MP429/2024-2025/140551-Construction of culverts and bridges","Chhattisgarh","Gaurela-Pendra-Marwahi(Collector GPM_IDA)","Puliya (Culvert) construction on Dumarchhapra Pahuch Marg in Gram Panchayat Salheghori, Vikas Khand - Gaurella","Jyotsna Charandas Mahant","KORBA","N/A","19-Nov-2024","799538"
"158","Normal/Others","WS/MP761/2024-2025/144933-Providing drains and gutters for public drainage","Telangana","NIZAMABAD(DISTRICT COLLECTOR NIZAMABAD_IDA)","Construction of CC drains with culverts from Narayana(H) to Chandrunaik (H) in Srisai laxmi nagar","Arvind Dharmapuri","NIZAMABAD","N/A","04-Oct-2024","495000"
"159","Normal/Others","WS/MP18278/2024-2025/137688-Construction of roads, link roads, pathways or any other road with or without drainage system","Chhattisgarh","SAKTI(COLLECTOR SAKTI_IDA)","GRAM BANDORA ME C.C. ROAD NIRMARAN ( MUKHY MARG SE BASTI KI ORE)","KAMLESH JANGDE","JANJGIR CHAMPA(SC)","Images","19-Nov-2024","999710"
"160","Normal/Others","WS/MP18250/2024-2025/135268-Installing tube-wells and borewells","West Bengal","North 24 Parganas(DISTRICT MAGISTRATE NORTH TWENTY FOUR PARGANAS_IDA)","Installation of 10 nos. (sl. no.11 to 20) Arsenic Free water tank under Shasan G.P and Barasat II P.S","SK NURUL ISLAM","BASIRHAT","Images","04-Oct-2024","3491230"
"161","Normal/Others","WS/MP761/2024-2025/144975-Construction of boundary walls of existing public and community buildings","Telangana","NIZAMABAD(DISTRICT COLLECTOR NIZAMABAD_IDA)","Construction of Boundary Wall to existing Community Hall near Srirama Mandir","Arvind Dharmapuri","NIZAMABAD","N/A","04-Oct-2024","400000"
"162","Normal/Others","WS/MP761/2024-2025/144916-Providing drains and gutters for public drainage","Telangana","NIZAMABAD(DISTRICT COLLECTOR NIZAMABAD_IDA)","Construction of CC Drains and Culverts from Chandru Naik (H) to Sai Kiranam in Sri Sailaxmi nagar","Arvind Dharmapuri","NIZAMABAD","N/A","04-Oct-2024","495000"
"163","Normal/Others","WS/MP18074/2024-2025/138467-Construction of roads, link roads, pathways or any other road with or without drainage system","Jharkhand","SIMDEGA(Deputy Commissioner simdega_IDA)","Construction of PCC path near Rameshwar's farm in Kutmakchar Panchayat of Kurdeg block.","KALI CHARAN MUNDA","KHUNTI(ST)","N/A","18-May-2025","400000"
"164","Normal/Others","WS/MP18074/2024-2025/138474-Construction of roads, link roads, pathways or any other road with or without drainage system","Jharkhand","SIMDEGA(Deputy Commissioner simdega_IDA)","Construction of PCC Road from Bano Road Bongram Pucca Road towards Pahantoli under Kolebira block.","KALI CHARAN MUNDA","KHUNTI(ST)","N/A","18-May-2025","600000"
"165","Normal/Others","WS/MP18074/2024-2025/138471-Construction of roads, link roads, pathways or any other road with or without drainage system","Jharkhand","SIMDEGA(Deputy Commissioner simdega_IDA)","Construction of PCC Road in Naneshera Tongritoli path in Keshalapur Panchayat of Pakar tanr block.","KALI CHARAN MUNDA","KHUNTI(ST)","N/A","18-May-2025","600000"
"166","Normal/Others","WS/MP18074/2024-2025/138469-Construction of roads, link roads, pathways or any other road with or without drainage system","Jharkhand","SIMDEGA(Deputy Commissioner simdega_IDA)","Construction of PCC Road from Jhimri to Dhori Patra path of Kutmakchar Panchayat of Kurdeg block.","KALI CHARAN MUNDA","KHUNTI(ST)","N/A","18-May-2025","600000"
"167","Normal/Others","WS/MP18074/2024-2025/138477-Construction of roads, link roads, pathways or any other road with or without drainage system","Jharkhand","SIMDEGA(Deputy Commissioner simdega_IDA)","Construction of PCC road in Gidiburu of Urate Panchayat under Bansjor Block.","KALI CHARAN MUNDA","KHUNTI(ST)","N/A","18-May-2025","600000"
"168","Normal/Others","WS/MP18074/2024-2025/140257-Construction of roads, link roads, pathways or any other road with or without drainage system","Jharkhand","SIMDEGA(Deputy Commissioner simdega_IDA)","Construction of PCC Road from Sabir Khan's house to Mohd. Bin Asnari's house in Eidgah Mohalla under Ward number -19.","KALI CHARAN MUNDA","KHUNTI(ST)","N/A","18-May-2025","900000"
"169","Normal/Others","WS/MP18074/2024-2025/138478-Construction of roads, link roads, pathways or any other road with or without drainage system","Jharkhand","SIMDEGA(Deputy Commissioner simdega_IDA)","Construction of PCC road in Bendosera Kudatoli of Parka Revenue Village under Jaldega Block.","KALI CHARAN MUNDA","KHUNTI(ST)","N/A","18-May-2025","600000"
"170","Normal/Others","WS/MP18074/2024-2025/138476-Construction of roads, link roads, pathways or any other road with or without drainage system","Jharkhand","SIMDEGA(Deputy Commissioner simdega_IDA)","Construction of PCC Road from village Ginikera Bartoli Sadam Chaaki towards Jamgachh of Urte Panchayat under Bansjor Block.","KALI CHARAN MUNDA","KHUNTI(ST)","N/A","18-May-2025","600000"
"171","Normal/Others","WS/MP18074/2024-2025/138465-Construction of roads, link roads, pathways or any other road with or without drainage system","Jharkhand","SIMDEGA(Deputy Commissioner simdega_IDA)","Construction of PCC path from Praveen Baah's house towards James Dungdung's house in Banghatoli village of Konjoba Panchayat of Kersai block.","KALI CHARAN MUNDA","KHUNTI(ST)","N/A","18-May-2025","600000"
"172","Normal/Others","WS/MP18074/2024-2025/138479-Construction of roads, link roads, pathways or any other road with or without drainage system","Jharkhand","SIMDEGA(Deputy Commissioner simdega_IDA)","Construction of PCC road in Kusumtoli of Thethaitanger Panchayat under Thethaitanger Block.","KALI CHARAN MUNDA","KHUNTI(ST)","N/A","18-May-2025","500000"
"173","Normal/Others","WS/MP18074/2024-2025/138470-Construction of roads, link roads, pathways or any other road with or without drainage system","Jharkhand","SIMDEGA(Deputy Commissioner simdega_IDA)","Construction of PCC Road in Naneshera Devantoli in Kesalpur Panchayat of Pakar tanr block.","KALI CHARAN MUNDA","KHUNTI(ST)","N/A","18-May-2025","600000"
"174","Normal/Others","WS/MP18074/2024-2025/138473-Construction of roads, link roads, pathways or any other road with or without drainage system","Jharkhand","SIMDEGA(Deputy Commissioner simdega_IDA)","Construction of PCC Road from Barwadih road towards Sebartoli under Kolebira block.","KALI CHARAN MUNDA","KHUNTI(ST)","N/A","18-May-2025","700000"
"175","Normal/Others","WS/MP18074/2024-2025/138475-Construction of roads, link roads, pathways or any other road with or without drainage system","Jharkhand","SIMDEGA(Deputy Commissioner simdega_IDA)","Construction of PCC Road from Bolba main road via PHC towards Doctor Quarter under Bolba block.","KALI CHARAN MUNDA","KHUNTI(ST)","N/A","18-May-2025","500000"
"176","Normal/Others","WS/MP18074/2024-2025/138468-Construction of roads, link roads, pathways or any other road with or without drainage system","Jharkhand","SIMDEGA(Deputy Commissioner simdega_IDA)","Construction of PCC Road near Salaya tree located in Banghatoli in Kutmakchar Panchayat of Kurdeg block.","KALI CHARAN MUNDA","KHUNTI(ST)","N/A","18-May-2025","400000"
"177","Normal/Others","WS/MP18074/2024-2025/140256-Construction of roads, link roads, pathways or any other road with or without drainage system","Jharkhand","SIMDEGA(Deputy Commissioner simdega_IDA)","Construction of PCC Road from Bhattitoli Azad Basti Khaja Garib Nawaz Mosque to Haki Masjid towards ex- Army’s house under Ward number -19.","KALI CHARAN MUNDA","KHUNTI(ST)","N/A","18-May-2025","600000"
"178","Normal/Others","WS/MP393/2024-2025/144135-Construction of roads, link roads, pathways or any other road with or without drainage system","Tamil Nadu","PUDUKKOTTAI(DISTRICT COLLECTOR PUDUKKOTTAI_IDA)","(MP LADS 2022 -23) Construction of Paver Block Road in Indra Nagar in Thotiyampatti Village, Thotiyampatti Panchayat","Shri Karti P Chidambaram","SIVAGANGA","Images","07-Oct-2024","499315"
"179","Normal/Others","WS/MP18074/2024-2025/137035-Construction of roads, link roads, pathways or any other road with or without drainage system","Jharkhand","KHUNTI(DEPUTY COMMISSIONER KHUNTI_IDA)","PCC road construction from School Toli to Tangara Toli in village Rewa under Khunti block.","KALI CHARAN MUNDA","KHUNTI(ST)","Images","21-Nov-2025","400000"
"180","Normal/Others","WS/MP18336/2024-2025/135508-Construction of roads, link roads, pathways or any other road with or without drainage system","Chhattisgarh","RAIPUR(DISTRICT COLLECTOR RAIPUR_IDA)","CC road nirman, main road se shamshan ghat tak, Gram Kapsada, Block Dharsiwa, Dist Raipur","BRIJMOHAN AGRAWAL","RAIPUR","Images","25-Sep-2025","1000000"
"181","Normal/Others","WS/MP761/2024-2025/144996-Construction of common work sheds/ common covered sitting area","Telangana","NIZAMABAD(DISTRICT COLLECTOR NIZAMABAD_IDA)","Construction of Artisan Shed near Yellamma Temple","Arvind Dharmapuri","NIZAMABAD","N/A","07-Oct-2024","363244"
"182","Normal/Others","WS/MP18321/2024-2025/140088-Purchase of prosthetics, wheel chairs, tricycles (manual or motorized), elect scooties, hearing aids","Gujarat","SABAR KANTHA(DISTRICT COLLECTOR SABARKANTHA_IDA)","Purchase of Equipment Hearing Aids for Deaf And Dump Children  At word No 6 School","SHOBHANABEN MAHENDRASINH BARAIYA","SABARKANTHA","Images","03-Jul-2025","1296000"
"183","Normal/Others","WS/MP18074/2024-2025/138720-Construction of roads, link roads, pathways or any other road with or without drainage system","Jharkhand","RANCHI(DEPUTY COMMISSIONER RANCHI_IDA)","Construction of PCC road from Ravidas Mohalla towards Ganesh Pramanik's house in village Tamar of Panchayat Tamar East under Tamar block.","KALI CHARAN MUNDA","KHUNTI(ST)","N/A","20-Jul-2025","535000"
"184","Normal/Others","WS/MP18074/2024-2025/138718-Construction of roads, link roads, pathways or any other road with or without drainage system","Jharkhand","RANCHI(DEPUTY COMMISSIONER RANCHI_IDA)","Construction of PCC road from Govt High School towards Gambhir Mahato's house in village Dimbujarda of Panchayat Dimbujarda under Tamar Block.","KALI CHARAN MUNDA","KHUNTI(ST)","N/A","20-Jul-2025","542000"
"185","Normal/Others","WS/MP18074/2024-2025/138713-Construction of roads, link roads, pathways or any other road with or without drainage system","Jharkhand","RANCHI(DEPUTY COMMISSIONER RANCHI_IDA)","Construction of PCC Road from Gutuhatu main road towards the house of Pritnath Munda (Durga Temple) in village Gutuhatu of Panchayat Kanchi under Bundu block.","KALI CHARAN MUNDA","KHUNTI(ST)","N/A","20-Jul-2025","832000"
"186","Normal/Others","WS/MP18074/2024-2025/138714-Construction of roads, link roads, pathways or any other road with or without drainage system","Jharkhand","RANCHI(DEPUTY COMMISSIONER RANCHI_IDA)","Construction of PCC road from Amit Munda's house towards Vrindavan Mahato's house in village Datamda of Panchayat Sumandih under Bundu block.","KALI CHARAN MUNDA","KHUNTI(ST)","N/A","20-Jul-2025","359000"
"187","Normal/Others","WS/MP18074/2024-2025/138715-Providing drains and gutters for public drainage","Jharkhand","RANCHI(DEPUTY COMMISSIONER RANCHI_IDA)","Construction of drain from Amit Mandal's house towards Umapado Mandal's house in village Gutuhatu of Panchayat Kanchi under Bundu block.","KALI CHARAN MUNDA","KHUNTI(ST)","N/A","20-Jul-2025","783000"
"188","Normal/Others","WS/MP18074/2024-2025/138717-Construction of roads, link roads, pathways or any other road with or without drainage system","Jharkhand","RANCHI(DEPUTY COMMISSIONER RANCHI_IDA)","Construction of PCC road from Lal Talab towards Jagarnath Munda's house in village Kitadih of Panchayat Mankidih under Tamar block.","KALI CHARAN MUNDA","KHUNTI(ST)","N/A","20-Jul-2025","649000"
"189","Normal/Others","WS/MP761/2024-2025/144940-Construction of boundary walls of existing public and community buildings","Telangana","NIZAMABAD(DISTRICT COLLECTOR NIZAMABAD_IDA)","Construction of Compound wall to existing community hall in Mudiraj wada","Arvind Dharmapuri","NIZAMABAD","N/A","07-Oct-2024","299998"
"190","Normal/Others","WS/MP18278/2024-2025/142726-Construction of roads, link roads, pathways or any other road with or without drainage system","Chhattisgarh","SAKTI(COLLECTOR SAKTI_IDA)","GRAM PANCHAYAT PASID ME C.C. ROAD NIRMARAN(GAURAV PATH SE ANICUT KI ORE)","KAMLESH JANGDE","JANJGIR CHAMPA(SC)","Images","03-Jun-2025","600000"
"191","Normal/Others","WS/MP761/2024-2025/144936-Construction of roads, link roads, pathways or any other road with or without drainage system","Telangana","NIZAMABAD(DISTRICT COLLECTOR NIZAMABAD_IDA)","Construction of Metal road near Palda Cheruvu katta","Arvind Dharmapuri","NIZAMABAD","N/A","09-Oct-2024","482222"
"192","Normal/Others","WS/MP761/2024-2025/144976-Construction of community centers and community halls","Telangana","NIZAMABAD(DISTRICT COLLECTOR NIZAMABAD_IDA)","Construction of Community Hall in Munnurukapu Wada","Arvind Dharmapuri","NIZAMABAD","N/A","08-Oct-2024","400000"
"193","Normal/Others","WS/MP761/2024-2025/144990-Construction of community centers and community halls","Telangana","NIZAMABAD(DISTRICT COLLECTOR NIZAMABAD_IDA)","Construction of Community Hall in Munnurukapu Wada near Shivaji Chowrasta Godown Road","Arvind Dharmapuri","NIZAMABAD","N/A","08-Oct-2024","399322"
"194","Normal/Others","WS/MP761/2024-2025/144991-Construction of community centers and community halls","Telangana","NIZAMABAD(DISTRICT COLLECTOR NIZAMABAD_IDA)","Construction of Community Hall near Ganesh Housing Society behind PF Office","Arvind Dharmapuri","NIZAMABAD","N/A","08-Oct-2024","397374"
"195","Normal/Others","WS/MP761/2024-2025/145015-Construction of community centers and community halls","Telangana","NIZAMABAD(DISTRICT COLLECTOR NIZAMABAD_IDA)","Construction of Community Hall near Sri Bhashyam School, Ayodhya Nagar","Arvind Dharmapuri","NIZAMABAD","N/A","08-Oct-2024","398575"
"196","Normal/Others","WS/MP761/2024-2025/144987-Construction of community centers and community halls","Telangana","NIZAMABAD(DISTRICT COLLECTOR NIZAMABAD_IDA)","Construction of Community Hall near Maheshwari Mandapam, Dubba","Arvind Dharmapuri","NIZAMABAD","N/A","08-Oct-2024","397481"
"197","Normal/Others","WS/MP761/2024-2025/144978-Construction of community centers and community halls","Telangana","NIZAMABAD(DISTRICT COLLECTOR NIZAMABAD_IDA)","Construction of Community Hall near Yellammagutta Hanuman Temple","Arvind Dharmapuri","NIZAMABAD","N/A","08-Oct-2024","300000"
"198","Normal/Others","WS/MP761/2024-2025/144935-Construction of boundary walls of existing public and community buildings","Telangana","NIZAMABAD(DISTRICT COLLECTOR NIZAMABAD_IDA)","Construction of Compound wall to existing community hall near Peddamma Temple","Arvind Dharmapuri","NIZAMABAD","N/A","08-Oct-2024","495000"
"199","Normal/Others","WS/MP761/2024-2025/144944-Construction of community centers and community halls","Telangana","NIZAMABAD(DISTRICT COLLECTOR NIZAMABAD_IDA)","Construction of Mahila Bhavan","Arvind Dharmapuri","NIZAMABAD","N/A","08-Oct-2024","400000"
"200","Normal/Others","WS/MP761/2024-2025/144988-Construction of common work sheds/ common covered sitting area","Telangana","NIZAMABAD(DISTRICT COLLECTOR NIZAMABAD_IDA)","Construction of Artisan Shed in Sugandam Tharpa Opp to Vishwashanthi High School","Arvind Dharmapuri","NIZAMABAD","N/A","08-Oct-2024","399808"
"201","Normal/Others","WS/MP761/2024-2025/145003-Construction of boundary walls of existing public and community buildings","Telangana","NIZAMABAD(DISTRICT COLLECTOR NIZAMABAD_IDA)","Construction of Boundary Wall to PACS Godown, Hunsa","Arvind Dharmapuri","NIZAMABAD","N/A","08-Oct-2024","492446"
"202","Normal/Others","WS/MP761/2024-2025/144957-Construction of community centers and community halls","Telangana","NIZAMABAD(DISTRICT COLLECTOR NIZAMABAD_IDA)","Construction of Community Hall near Guradireddy Colony","Arvind Dharmapuri","NIZAMABAD","N/A","08-Oct-2024","369825"
"203","Normal/Others","WS/MP761/2024-2025/144956-Construction of community centers and community halls","Telangana","NIZAMABAD(DISTRICT COLLECTOR NIZAMABAD_IDA)","Construction of Community Hall","Arvind Dharmapuri","NIZAMABAD","N/A","08-Oct-2024","486885"
"204","Normal/Others","WS/MP761/2024-2025/144941-Construction of roads, link roads, pathways or any other road with or without drainage system","Telangana","NIZAMABAD(DISTRICT COLLECTOR NIZAMABAD_IDA)","Laying of CC road near Peddamma Temple","Arvind Dharmapuri","NIZAMABAD","N/A","08-Oct-2024","400000"
"205","Normal/Others","WS/MP393/2024-2025/144136-Construction of roads, link roads, pathways or any other road with or without drainage system","Tamil Nadu","PUDUKKOTTAI(DISTRICT COLLECTOR PUDUKKOTTAI_IDA)","(MPLADS 2022-23) Construction of Paver Block Road in Peyar Kudiyuruppu, Keelathur Village, Keelathur Panchayat","Shri Karti P Chidambaram","SIVAGANGA","Images","08-Oct-2024","199674"
"206","Normal/Others","WS/MP761/2024-2025/144989-Construction of roads, link roads, pathways or any other road with or without drainage system","Telangana","NIZAMABAD(DISTRICT COLLECTOR NIZAMABAD_IDA)","Construction of C.C Road from H.No. 11-1-512 to 11-1-517 Opp Seetharamanjaneya Temple","Arvind Dharmapuri","NIZAMABAD","N/A","08-Oct-2024","400000"
"207","Normal/Others","WS/MP393/2024-2025/145379-Construction of community centers and community halls","Tamil Nadu","PUDUKKOTTAI(DISTRICT COLLECTOR PUDUKKOTTAI_IDA)","(MP LADS 2022-23) Constriction of  Near Community Hall in Dining Hall in Alangadu Village, Alangadu Panchayat","Shri Karti P Chidambaram","SIVAGANGA","Images","08-Oct-2024","299787"
"208","Normal/Others","WS/MP017/2024-2025/143499-Construction of veterinary hospitals and dispensaries","Tamil Nadu","THIRUVALLUR(DISTRICT COLLECTOR TIRUVALLUR_IDA)","Compound Wall and Other Work In rural Vetrinery Dispencery at Velanchery Village","S. Jagathrakshakan","ARAKKONAM","Images","09-Oct-2024","996610"
"209","Normal/Others","WS/MP761/2024-2025/146272-Construction of boundary walls of existing public and community buildings","Telangana","NIZAMABAD(DISTRICT COLLECTOR NIZAMABAD_IDA)","Construction of Boundary Wall to existing community hall near Abhayanjaneya Swamy Temple","Arvind Dharmapuri","NIZAMABAD","N/A","09-Oct-2024","400000"
"210","Normal/Others","WS/MP761/2024-2025/144958-Construction of roads, link roads, pathways or any other road with or without drainage system","Telangana","NIZAMABAD(DISTRICT COLLECTOR NIZAMABAD_IDA)","Construction of CC road from Pitla Nehru (H) to Pamula Gangaram House","Arvind Dharmapuri","NIZAMABAD","N/A","09-Oct-2024","300000"
"211","Normal/Others","WS/MP761/2024-2025/144994-Construction of boundary walls of existing public and community buildings","Telangana","NIZAMABAD(DISTRICT COLLECTOR NIZAMABAD_IDA)","Construction of Compound Wall to existing Community Hall in Gouda Wada","Arvind Dharmapuri","NIZAMABAD","N/A","09-Oct-2024","400000"
"212","Normal/Others","WS/MP761/2024-2025/144938-Construction of community centers and community halls","Telangana","NIZAMABAD(DISTRICT COLLECTOR NIZAMABAD_IDA)","Construction of community hall","Arvind Dharmapuri","NIZAMABAD","N/A","09-Oct-2024","399115"
"213","Normal/Others","WS/MP761/2024-2025/144960-Construction of community centers and community halls","Telangana","NIZAMABAD(DISTRICT COLLECTOR NIZAMABAD_IDA)","Construction of Community Hal in SC Wada","Arvind Dharmapuri","NIZAMABAD","N/A","09-Oct-2024","491636"
"214","Normal/Others","WS/MP494/2024-2025/137152-Construction of roads, link roads, pathways or any other road with or without drainage system","Uttar Pradesh","AGRA(DISTRICT MAGISTRAE AGRA_IDA)","CC ROAD IN SHAMSHABAD ROAD NEHARU ENCLAVE FARAHAN NITIN GUPTA HOUSE TO CHHADAMI LAL RATHOR HOUSE","Prof SP Singh Baghel","AGRA(SC)","Images","25-Apr-2025","1978059"
"215","Normal/Others","WS/MP494/2024-2025/137031-Construction of roads, link roads, pathways or any other road with or without drainage system","Uttar Pradesh","AGRA(DISTRICT MAGISTRAE AGRA_IDA)","CC Road From Bhuri Singh Jain House to Ram Nivas House in Nagla Taj Etmadpur","Prof SP Singh Baghel","AGRA(SC)","Images","25-Apr-2025","551677"
"216","Normal/Others","WS/MP494/2024-2025/137032-Construction of roads, link roads, pathways or any other road with or without drainage system","Uttar Pradesh","AGRA(DISTRICT MAGISTRAE AGRA_IDA)","CC Road From Satis Chandra Savita house to Bhuri Singh House","Prof SP Singh Baghel","AGRA(SC)","Images","15-Dec-2025","152925"
"217","Normal/Others","WS/MP494/2024-2025/137153-Construction of roads, link roads, pathways or any other road with or without drainage system","Uttar Pradesh","AGRA(DISTRICT MAGISTRAE AGRA_IDA)","CC ROAD IN NAUPURA WARD 59 FROM GURU PRASAD HOUSE TO KHEM CHAND HOUSE AND BAKIL HOUSE TO OM SHANTI ASHRAM","Prof SP Singh Baghel","AGRA(SC)","Images","25-Apr-2025","2247147"
"218","Normal/Others","WS/MP494/2024-2025/137154-Construction of roads, link roads, pathways or any other road with or without drainage system","Uttar Pradesh","AGRA(DISTRICT MAGISTRAE AGRA_IDA)","CC WORK IN BANS DALEL FROM DIWAN SINGH HOUSE TO NIHAL SINGH HOUSE","Prof SP Singh Baghel","AGRA(SC)","Images","21-Jan-2026","1504362"
"219","Normal/Others","WS/MP494/2024-2025/137151-Construction of roads, link roads, pathways or any other road with or without drainage system","Uttar Pradesh","AGRA(DISTRICT MAGISTRAE AGRA_IDA)","CC WORK IN RAJEEV NAGAR FROM SONU HOUSE TO TILLU HOUSE","Prof SP Singh Baghel","AGRA(SC)","Images","25-Apr-2025","1991220"
"220","Normal/Others","WS/MP494/2024-2025/137029-Construction of roads, link roads, pathways or any other road with or without drainage system","Uttar Pradesh","AGRA(DISTRICT MAGISTRAE AGRA_IDA)","Construction of CC road from Pappu Singh House to Manoj House In Nagla Taj Etmadpur","Prof SP Singh Baghel","AGRA(SC)","Images","25-Apr-2025","513114"
"221","Normal/Others","WS/MP494/2024-2025/137030-Construction of roads, link roads, pathways or any other road with or without drainage system","Uttar Pradesh","AGRA(DISTRICT MAGISTRAE AGRA_IDA)","CC Road From Dr Goyal House to Bhupendra House in Nagla Mohan Lal Ayush Bihar Narayach","Prof SP Singh Baghel","AGRA(SC)","Images","21-Jan-2026","629490"
"222","Normal/Others","WS/MP761/2024-2025/145001-Construction of buildings for community cultural activities","Telangana","NIZAMABAD(DISTRICT COLLECTOR NIZAMABAD_IDA)","Construction of Building for Cultural Activities at SC Wada","Arvind Dharmapuri","NIZAMABAD","N/A","10-Oct-2024","400000"
"223","Normal/Others","WS/MP761/2024-2025/144962-Construction of community centers and community halls","Telangana","NIZAMABAD(DISTRICT COLLECTOR NIZAMABAD_IDA)","Construction of Community Hall in Munnurukapu wada","Arvind Dharmapuri","NIZAMABAD","N/A","10-Oct-2024","450000"
"224","Normal/Others","WS/MP18182/2024-2025/134223-Construction of boundary walls of existing public and community buildings","Tamil Nadu","TENKASI(DISTRICT COLLECTOR TENKASI_IDA)","Construction of surplus weir Apron of Periya Panayankulam  in Nainaragaram Village of Kadayanallur Union.","DR RANI SRI KUMAR","TENKASI(SC)","Images","10-Oct-2024","2493302"
"225","Normal/Others","WS/MP18182/2024-2025/134225-Construction of boundary walls of existing public and community buildings","Tamil Nadu","TENKASI(DISTRICT COLLECTOR TENKASI_IDA)","Construction of protective wall in Right side weir of Pattakulam in Sernthamangalam Village of Melaneelithanallur Union.","DR RANI SRI KUMAR","TENKASI(SC)","Images","10-Oct-2024","2482079"
"226","Normal/Others","WS/MP393/2024-2025/144442-Installing community drinking water plants","Tamil Nadu","SIVAGANGA(DISTRICT COLLECTOR SIVAGANGA_IDA)","Providing in (MPLADS 2021-22) R.O.Plant near Gowri Vinayagar Kovil, Thambipatti, Thirupathur Town Panchayat","Shri Karti P Chidambaram","SIVAGANGA","Images","10-Oct-2024","350000"
"227","Normal/Others","WS/MP494/2024-2025/137155-Construction of roads, link roads, pathways or any other road with or without drainage system","Uttar Pradesh","AGRA(DISTRICT MAGISTRAE AGRA_IDA)","CC ROAD IN BALAJI DHAM MANDIR TO KRASHANA EMPAYAR","Prof SP Singh Baghel","AGRA(SC)","Images","25-Apr-2025","2613400"
"228","Normal/Others","WS/MP494/2024-2025/137156-Construction of roads, link roads, pathways or any other road with or without drainage system","Uttar Pradesh","AGRA(DISTRICT MAGISTRAE AGRA_IDA)","IN VILLAGE TEHU PNB TO MUKESH GUPTA HOUSE","Prof SP Singh Baghel","AGRA(SC)","Images","04-Jun-2025","968370"
"229","Normal/Others","WS/MP494/2024-2025/137205-Construction of roads, link roads, pathways or any other road with or without drainage system","Uttar Pradesh","AGRA(DISTRICT MAGISTRAE AGRA_IDA)","CC WORK IN RASHMI BIHAR SHAMSHABAD ROAD FROM BHANU PRATAP SINGH HOUSE TO BANVARI LAL HOUSE","Prof SP Singh Baghel","AGRA(SC)","Images","25-Apr-2025","1157238"
"230","Normal/Others","WS/MP494/2024-2025/137197-Construction of roads, link roads, pathways or any other road with or without drainage system","Uttar Pradesh","AGRA(DISTRICT MAGISTRAE AGRA_IDA)","CC WORK IN VILLAGE BARAHAN SAHPHUT FROM PURAN SINGH HOUSE TO BABURAM HOUSE BYA CHHITTO HOUSE","Prof SP Singh Baghel","AGRA(SC)","Images","01-Jul-2025","1601792"
"231","Normal/Others","WS/MP494/2024-2025/137198-Construction of roads, link roads, pathways or any other road with or without drainage system","Uttar Pradesh","AGRA(DISTRICT MAGISTRAE AGRA_IDA)","CC WORK IN VISHNU BIHAR PRAVESH KUMAR HOUSE TO SUNIL PARMAR HOUSE","Prof SP Singh Baghel","AGRA(SC)","Images","04-Jun-2025","445492"
"232","Normal/Others","WS/MP494/2024-2025/137199-Construction of roads, link roads, pathways or any other road with or without drainage system","Uttar Pradesh","AGRA(DISTRICT MAGISTRAE AGRA_IDA)","CC WORK FROM PAKKI SADAK TO JOGENDRA BAGHEL IN SHERKHAN MAJARA PACHAS BIGHA","Prof SP Singh Baghel","AGRA(SC)","Images","25-Apr-2025","1119362"
"233","Normal/Others","WS/MP494/2024-2025/137202-Construction of roads, link roads, pathways or any other road with or without drainage system","Uttar Pradesh","AGRA(DISTRICT MAGISTRAE AGRA_IDA)","CC WORK IN PIPARIYA FROM RAJKUMAR HOUSE TO GAS GODAM","Prof SP Singh Baghel","AGRA(SC)","Images","25-Apr-2025","1269794"
"234","Normal/Others","WS/MP494/2024-2025/137203-Construction of roads, link roads, pathways or any other road with or without drainage system","Uttar Pradesh","AGRA(DISTRICT MAGISTRAE AGRA_IDA)","CC WORK IN SHASTRI NAGAR Dr RAJENDRA MILAN TO Dr RC GUPTA HOUSE","Prof SP Singh Baghel","AGRA(SC)","Images","25-Apr-2025","2391853"
"235","Normal/Others","WS/MP494/2024-2025/137206-Construction of roads, link roads, pathways or any other road with or without drainage system","Uttar Pradesh","AGRA(DISTRICT MAGISTRAE AGRA_IDA)","CC WORK IN BURJ KHANJAR ETMADPUR FROM VINOD KUMAR HOUSE TO Dr SUBHASH CHANDRA HOUSE","Prof SP Singh Baghel","AGRA(SC)","Images","25-Apr-2025","1287979"
"236","Normal/Others","WS/MP494/2024-2025/137207-Construction of roads, link roads, pathways or any other road with or without drainage system","Uttar Pradesh","AGRA(DISTRICT MAGISTRAE AGRA_IDA)","CC WORK IN VILLAGE LAKHANAMAI FROM YADRAM BAGHEL TO SEVARAM BAGHEL HOUSE","Prof SP Singh Baghel","AGRA(SC)","Images","25-Apr-2025","554942"
"237","Normal/Others","WS/MP494/2024-2025/137208-Construction of roads, link roads, pathways or any other road with or without drainage system","Uttar Pradesh","AGRA(DISTRICT MAGISTRAE AGRA_IDA)","CC WORK IN GADHI BHADAURIYA LOKESH SHARMA TO SUNITA SHARMA HOUSE 180 MEETAR","Prof SP Singh Baghel","AGRA(SC)","Images","25-Apr-2025","2076979"
"238","Normal/Others","WS/MP494/2024-2025/137200-Construction of roads, link roads, pathways or any other road with or without drainage system","Uttar Pradesh","AGRA(DISTRICT MAGISTRAE AGRA_IDA)","CC WORK IN MUSTAFA QUATAR JANATA COLONY FROM GOPAL BABA HOUSE TO JHAMMAN MANDIR","Prof SP Singh Baghel","AGRA(SC)","Images","25-Apr-2025","2163229"
"239","Normal/Others","WS/MP18391/2024-2025/140271-Purchase of ambulances (Four, three and two wheelers)","Nagaland","MOKOKCHUNG(Deputy Commissioner Mokokchung_IDA)","Purchase of Community Ambulances 6 (six) Nos.","S SUPONGMEREN JAMIR","NAGALAND","Images","02-Dec-2024","16912380"
"240","Normal/Others","WS/MP517/2024-2025/137541-Lighting of public spaces","Uttar Pradesh","AGRA(DISTRICT MAGISTRAE AGRA_IDA)","1. Nayabas shamshan ghat 2- Panchayat Ghar Nagala Shadi 3- Amadpur Near Munnalal House 4 Nayabans Near Tukman Singh House 5 Badovara Khurd near Shiv Kumar House 6- In Sudrai Near Srinivas House 7- In Dauki Near Rajkumar Pundir 8- Dauki Near Dixit Meraj home 9- Gadhi Jahan Singh on Chauraha As Old Recomandation no 7896 Sr no is 5,7,8,9,10,11,19,23,24","Rajkumar Chahar","FATEHPUR SIKRI","Images","12-Mar-2025","2242634"
"241","Normal/Others","WS/MP517/2024-2025/137540-Lighting of public spaces","Uttar Pradesh","AGRA(DISTRICT MAGISTRAE AGRA_IDA)","Fatehabad me gram suraj malikpura me potiram ki thar, nagar chand bich chauraha, pokhariya neecha khera near banti house, swara me main choraha, harkapura near munnalala house, sutahara near ajendra house,  jamuna gali lotan singh house, rampur harsukh pipal chauraha, ratan devi school yogesh chauhan house, teketpura khender near shyambir chauhan, ahirpura near school, garhi jahan near ajmer singh, lalpura mauja baghel basti, fatehabad near kailas oldsrno 1,2,3,4,6,12,13,14,15,16,17,18,20,21","Rajkumar Chahar","FATEHPUR SIKRI","Images","12-Mar-2025","3489567"
"242","Normal/Others","WS/MP517/2024-2025/137539-Lighting of public spaces","Uttar Pradesh","AGRA(DISTRICT MAGISTRAE AGRA_IDA)","dhimsri near bhanu sharma house, In chachipura khander near shanti devi house, Pitawali pokhar station curve,Bhilpura near ramnivas jaudan house,In teeketpura near naresh dhakare house,barana near girraj verma house,pinnapura Ai near Santosh Shastri house Behadi near sachivalay,chatariya pura ravindra baghel house repura yogendra sikarwar house,purani tahsil fatehabad near babita chauhan house,mohammadpur me near narendra pal singh house old no 7896 srno 22,25,26,28,29,30,31,32,34,36,37,38","Rajkumar Chahar","FATEHPUR SIKRI","Images","12-Mar-2025","2740998"
"243","Normal/Others","WS/MP517/2024-2025/137542-Lighting of public spaces","Uttar Pradesh","AGRA(DISTRICT MAGISTRAE AGRA_IDA)","1- In Village Toola Near Hemu Sharma House 2- Garhi Thakur Das Near Ramu Dhakare House 3 Nagala Patam Near Yogesh House 4- Kaulari Near Daya Shankar House 5- In Tondara Near Nagendra House 6- In Chitora Near Vijay Pal Pradhan House 7- Dharmpal Gadhi Near Surendra House As Old Recomandation no 7896 Sr no is 27,33,35,39,40,41,42","Rajkumar Chahar","FATEHPUR SIKRI","Images","12-Mar-2025","1744271"
"244","Normal/Others","WS/MP494/2024-2025/137209-Construction of roads, link roads, pathways or any other road with or without drainage system","Uttar Pradesh","AGRA(DISTRICT MAGISTRAE AGRA_IDA)","CC WORK IN BHAWAIN FROM PRATHMIK VIDHYALAY TO DABAR ROAD","Prof SP Singh Baghel","AGRA(SC)","Images","25-Apr-2025","1477295"
"245","Normal/Others","WS/MP494/2024-2025/137210-Construction of roads, link roads, pathways or any other road with or without drainage system","Uttar Pradesh","AGRA(DISTRICT MAGISTRAE AGRA_IDA)","CC WORK IN BAGHEL COLONY FROM BHUP SINGH BAGHEL TO PANDIT JI HOUSE","Prof SP Singh Baghel","AGRA(SC)","Images","15-Dec-2025","1210287"
"246","Normal/Others","WS/MP494/2024-2025/137211-Construction of roads, link roads, pathways or any other road with or without drainage system","Uttar Pradesh","AGRA(DISTRICT MAGISTRAE AGRA_IDA)","CC WORK IN TEDI BAGHIYA DURGA NAGAR VIDHYA NAGAR FROM BABU RAM TO PREM SINGH HOUSE","Prof SP Singh Baghel","AGRA(SC)","Images","15-Dec-2025","951668"
"247","Normal/Others","WS/MP494/2024-2025/137212-Construction of roads, link roads, pathways or any other road with or without drainage system","Uttar Pradesh","AGRA(DISTRICT MAGISTRAE AGRA_IDA)","CC WORK IN SEVARA FROM CHANDRABHAN TYAGI TO RAM KUMAR HOUSE","Prof SP Singh Baghel","AGRA(SC)","Images","25-Apr-2025","2004148"
"248","Normal/Others","WS/MP494/2024-2025/137213-Construction of roads, link roads, pathways or any other road with or without drainage system","Uttar Pradesh","AGRA(DISTRICT MAGISTRAE AGRA_IDA)","CC WORK IN GUMMAT UKHRRA NEAR GYAN BHARATI INTER COLLEGE LOHE KE KHAMBE VALA HISSA","Prof SP Singh Baghel","AGRA(SC)","Images","25-Apr-2025","1199684"
"249","Normal/Others","WS/MP494/2024-2025/137214-Construction of roads, link roads, pathways or any other road with or without drainage system","Uttar Pradesh","AGRA(DISTRICT MAGISTRAE AGRA_IDA)","CC WORK IN VILLAGE NAGALA HARIRAM FROM BIJENDRA TYAGI TO JITENDRA HOUSE","Prof SP Singh Baghel","AGRA(SC)","Images","15-Dec-2025","722986"
"250","Normal/Others","WS/MP494/2024-2025/137215-Construction of roads, link roads, pathways or any other road with or without drainage system","Uttar Pradesh","AGRA(DISTRICT MAGISTRAE AGRA_IDA)","CC WORK IN TEDI BAGIYA RADHA NAGAR COLONY JD FARM HOUSE TO DEVENDRA BAGHEL HOUSE","Prof SP Singh Baghel","AGRA(SC)","Images","21-Jan-2026","2794931"
"251","Normal/Others","WS/MP494/2024-2025/137216-Construction of roads, link roads, pathways or any other road with or without drainage system","Uttar Pradesh","AGRA(DISTRICT MAGISTRAE AGRA_IDA)","CC WORK IN VILLAGE BADA GUDHA FROM GHANSHYAM TO PRADEEP BAGHEL HOUSE","Prof SP Singh Baghel","AGRA(SC)","Images","21-Jan-2026","1668177"
"252","Normal/Others","WS/MP494/2024-2025/137217-Construction of roads, link roads, pathways or any other road with or without drainage system","Uttar Pradesh","AGRA(DISTRICT MAGISTRAE AGRA_IDA)","CC WORK IN KAILASHPURI FROM VIPIN SHIVHARE TO ARCHANA GARG HOUSE","Prof SP Singh Baghel","AGRA(SC)","Images","25-Apr-2025","1265891"
"253","Normal/Others","WS/MP494/2024-2025/137218-Installing community drinking water plants","Uttar Pradesh","AGRA(DISTRICT MAGISTRAE AGRA_IDA)","INSTALLATION OF SUMBARSEBIL IN VILLAGE AGARWARNEAR KHUSHI RAM SO SRI JALIM SINGH HOUSE","Prof SP Singh Baghel","AGRA(SC)","Images","21-Jan-2026","263973"
"254","Normal/Others","WS/MP494/2024-2025/137219-Installing community drinking water plants","Uttar Pradesh","AGRA(DISTRICT MAGISTRAE AGRA_IDA)","NSTALLATION OF SUMBARSEBIL IN VILLAGE BAS DALEL NEAR INTER COLLEGE","Prof SP Singh Baghel","AGRA(SC)","Images","21-Jan-2026","263851"
"255","Normal/Others","WS/MP494/2024-2025/137220-Installing community drinking water plants","Uttar Pradesh","AGRA(DISTRICT MAGISTRAE AGRA_IDA)","NSTALLATION OF SUMBARSEBIL IN VILLAGEGADHI PRATHAVI ETMADPUR","Prof SP Singh Baghel","AGRA(SC)","Images","21-Jan-2026","263948"
"256","Normal/Others","WS/MP494/2024-2025/137221-Installing community drinking water plants","Uttar Pradesh","AGRA(DISTRICT MAGISTRAE AGRA_IDA)","NSTALLATION OF SUMBARSEBIL IN IN SULABH PURAM BODALA ROAD NEAR NATCHAR PARK","Prof SP Singh Baghel","AGRA(SC)","Images","04-Jun-2025","264053"
"257","Normal/Others","WS/MP494/2024-2025/137222-Installing community drinking water plants","Uttar Pradesh","AGRA(DISTRICT MAGISTRAE AGRA_IDA)","NSTALLATION OF SUMBARSEBIL IN Dr AMBEDKAR NAGAR VAALI MATA TEDI BAGHIYA HATRASH ROAD AGRA","Prof SP Singh Baghel","AGRA(SC)","Images","21-Jan-2026","263761"
"258","Normal/Others","WS/MP494/2024-2025/137223-Installing community drinking water plants","Uttar Pradesh","AGRA(DISTRICT MAGISTRAE AGRA_IDA)","NSTALLATION OF SUMBARSEBIL IN VILLAGE SATOLI ETMADPUR SHIV MANDIR MOHALLA BAGHELAN","Prof SP Singh Baghel","AGRA(SC)","Images","15-Dec-2025","263802"
"259","Normal/Others","WS/MP18074/2024-2025/138472-Construction of public libraries and reading rooms","Jharkhand","SIMDEGA(Deputy Commissioner simdega_IDA)","Construction of library building near (Maktab) Madrasa in Khairantoli under Simdega block.","KALI CHARAN MUNDA","KHUNTI(ST)","N/A","18-May-2025","750000"
"260","Normal/Others","WS/MP18074/2024-2025/138464-Development of playfields and sports grounds","Jharkhand","SIMDEGA(Deputy Commissioner simdega_IDA)","Construction work of playground at Ursaline Convent Samtoli in the town of Simdega block.","KALI CHARAN MUNDA","KHUNTI(ST)","N/A","18-May-2025","1300000"
"261","Normal/Others","WS/MP18074/2024-2025/138466-Providing drains and gutters for public drainage","Jharkhand","SIMDEGA(Deputy Commissioner simdega_IDA)","Construction of drain from Turi Toli resident Sandeep Kumar's house towards Guddu Turi's house in Konjoba Panchayat of Kersai block.","KALI CHARAN MUNDA","KHUNTI(ST)","N/A","18-May-2025","400000"
"262","Normal/Others","WS/MP18278/2024-2025/137692-Construction of roads, link roads, pathways or any other road with or without drainage system","Chhattisgarh","SAKTI(COLLECTOR SAKTI_IDA)","GRAM RAJABHATHA GRAM PANCHAYAT BELHADIH ME C.C. ROAD NIRMARAN (RAHUL RATRE GHAR SE SURESH GHR KI ORE)","KAMLESH JANGDE","JANJGIR CHAMPA(SC)","Images","21-Dec-2024","999869"
"263","Normal/Others","WS/MP18278/2024-2025/134658-Construction of roads, link roads, pathways or any other road with or without drainage system","Chhattisgarh","SAKTI(COLLECTOR SAKTI_IDA)","CC Road- From the main road towards Sandhya Home.","KAMLESH JANGDE","JANJGIR CHAMPA(SC)","Images","30-Jan-2025","999744"
"264","Normal/Others","WS/MP18391/2024-2025/140325-Creation of new ponds","Nagaland","MOKOKCHUNG(Deputy Commissioner Mokokchung_IDA)","Construction of fishery pond","S SUPONGMEREN JAMIR","NAGALAND","N/A","02-Dec-2024","500000"
"265","Normal/Others","WS/MP18391/2024-2025/140306-Renovation of ponds and lakes","Nagaland","MOKOKCHUNG(Deputy Commissioner Mokokchung_IDA)","Construction of community fishery pond","S SUPONGMEREN JAMIR","NAGALAND","N/A","02-Dec-2024","1000000"
"266","Normal/Others","WS/MP761/2024-2025/147237-Construction of common work sheds/ common covered sitting area","Telangana","NIZAMABAD(DISTRICT COLLECTOR NIZAMABAD_IDA)","Construction of Artisan Shed near Peddamma Thalli Temple","Arvind Dharmapuri","NIZAMABAD","N/A","16-Oct-2024","398457"
"267","Normal/Others","WS/MP761/2024-2025/147235-Construction of roads, link roads, pathways or any other road with or without drainage system","Telangana","NIZAMABAD(DISTRICT COLLECTOR NIZAMABAD_IDA)","Construction of CC road from Mamulla Pedda Pothanna (H) to Allulla Narayana (H)","Arvind Dharmapuri","NIZAMABAD","N/A","16-Oct-2024","294440"
"268","Normal/Others","WS/MP761/2024-2025/147238-Construction of rooms and halls in school and colleges","Telangana","NIZAMABAD(DISTRICT COLLECTOR NIZAMABAD_IDA)","Construction of hall in TSRS&JC (G) Bodhan at Yedapally","Arvind Dharmapuri","NIZAMABAD","N/A","16-Oct-2024","494999"
"269","Normal/Others","WS/MP761/2024-2025/146604-Construction of common work sheds/ common covered sitting area","Telangana","NIZAMABAD(DISTRICT COLLECTOR NIZAMABAD_IDA)","Construction of Artisan shed near Onte Hanuman mandir","Arvind Dharmapuri","NIZAMABAD","N/A","26-Jul-2025","400000"
"270","Normal/Others","WS/MP761/2024-2025/147241-Construction of community centers and community halls","Telangana","NIZAMABAD(DISTRICT COLLECTOR NIZAMABAD_IDA)","Construction of Community hall in Bit-1","Arvind Dharmapuri","NIZAMABAD","N/A","16-Oct-2024","492939"
"271","Normal/Others","WS/MP761/2024-2025/146605-Construction of community centers and community halls","Telangana","NIZAMABAD(DISTRICT COLLECTOR NIZAMABAD_IDA)","Construction of Community hall- Bit 2","Arvind Dharmapuri","NIZAMABAD","N/A","16-Oct-2024","399551"
"272","Normal/Others","WS/MP761/2024-2025/146607-Construction of community centers and community halls","Telangana","NIZAMABAD(DISTRICT COLLECTOR NIZAMABAD_IDA)","Construction of Mahila Bhavan near Shabarimatha Aashramam, Nyalkal road","Arvind Dharmapuri","NIZAMABAD","N/A","16-Oct-2024","300000"
"273","Normal/Others","WS/MP761/2024-2025/146606-Construction of community centers and community halls","Telangana","NIZAMABAD(DISTRICT COLLECTOR NIZAMABAD_IDA)","Construction of Community hall in Reddy Colony","Arvind Dharmapuri","NIZAMABAD","N/A","16-Oct-2024","494999"
"274","Normal/Others","WS/MP761/2024-2025/147242-Providing drains and gutters for public drainage","Telangana","NIZAMABAD(DISTRICT COLLECTOR NIZAMABAD_IDA)","Construction of CC Drain in Indiramma Colony","Arvind Dharmapuri","NIZAMABAD","N/A","16-Oct-2024","300000"
"275","Normal/Others","WS/MP393/2024-2025/143044-Construction of roads, link roads, pathways or any other road with or without drainage system","Tamil Nadu","SIVAGANGA(DISTRICT COLLECTOR SIVAGANGA_IDA)","Construction of (MPLADS 2023-24)Near TV Room Paver Block Road in Peyanpatti Village, Koviloor Panchayat","Shri Karti P Chidambaram","SIVAGANGA","Images","16-Oct-2024","199871"
"276","Normal/Others","WS/MP393/2024-2025/143046-Construction of public toilets and bathrooms","Tamil Nadu","SIVAGANGA(DISTRICT COLLECTOR SIVAGANGA_IDA)","Construction of (MPLADS2023-24) Near Sivankovil in Bathtube in Kmbanur Village, Kambanur Panchayat. Kallal block","Shri Karti P Chidambaram","SIVAGANGA","Images","16-Oct-2024","149904"
"277","Normal/Others","WS/MP761/2024-2025/145859-Construction of boundary walls of existing public and community buildings","Telangana","Jagitial(DISTRICT COLLECTOR JAGTIAL_IDA)","Construction of Compound wall to PACS Bhupathipur","Arvind Dharmapuri","NIZAMABAD","Images","18-Oct-2024","400000"
"278","Normal/Others","WS/MP18278/2024-2025/142724-Construction of roads, link roads, pathways or any other road with or without drainage system","Chhattisgarh","SAKTI(COLLECTOR SAKTI_IDA)","GRAM PANCHAYAT CHORBHATTI ME C.C. ROAD NIRMARAN(MEN ROAD SE AAGE KI ORE)","KAMLESH JANGDE","JANJGIR CHAMPA(SC)","Images","10-Jan-2025","500000"
"279","Normal/Others","WS/MP18278/2024-2025/134629-Construction of roads, link roads, pathways or any other road with or without drainage system","Chhattisgarh","SAKTI(COLLECTOR SAKTI_IDA)","CC Road - Yaadram varman Home to towards Gothhan.","KAMLESH JANGDE","JANJGIR CHAMPA(SC)","Images","17-Dec-2024","1000000"
"280","Normal/Others","WS/MP18278/2024-2025/135168-Street lights","Chhattisgarh","JANJGIR-CHAMPA(DISTRICT COLLECTOR JANJGIR CHAMPA_IDA)","Highmast solar Street light- Two piece","KAMLESH JANGDE","JANJGIR CHAMPA(SC)","Images","09-Dec-2024","993000"
"281","Normal/Others","WS/MP18278/2024-2025/135170-Street lights","Chhattisgarh","JANJGIR-CHAMPA(DISTRICT COLLECTOR JANJGIR CHAMPA_IDA)","Highmast Solar Street light- Two Piece.","KAMLESH JANGDE","JANJGIR CHAMPA(SC)","Images","09-Dec-2024","993000"
"282","Normal/Others","WS/MP18278/2024-2025/135169-Street lights","Chhattisgarh","JANJGIR-CHAMPA(DISTRICT COLLECTOR JANJGIR CHAMPA_IDA)","Highmast  Solar Street light- Two Piece","KAMLESH JANGDE","JANJGIR CHAMPA(SC)","Images","09-Dec-2024","993000"
"283","Normal/Others","WS/MP18152/2024-2025/133702-Installing community drinking water plants","Punjab","FARIDKOT(DEPUTY COMMISSIONER FARIDKOT_IDA)","Installation of RO System and water cooler in Govt Middle school Chahal","SARABJEET SINGH KHALSA","FARIDKOT(SC)","N/A","07-May-2025","84500"
"284","Normal/Others","WS/MP18278/2024-2025/141837-Construction of roads, link roads, pathways or any other road with or without drainage system","Chhattisgarh","SAKTI(COLLECTOR SAKTI_IDA)","GRAM UPANI ME C.C. ROAD NIRMARAN(KUSHU YADAW GHAR SE MAJHAKHOL SYAM KUMAR MALIGHAR KI ORE)","KAMLESH JANGDE","JANJGIR CHAMPA(SC)","Images","20-Aug-2025","999127"
"285","Normal/Others","WS/MP761/2024-2025/148179-Construction of public toilets and bathrooms","Telangana","NIZAMABAD(DISTRICT COLLECTOR NIZAMABAD_IDA)","Construction of Public Toilets and bathrooms near Venkateshwara temple","Arvind Dharmapuri","NIZAMABAD","N/A","19-Oct-2024","399004"
"286","Normal/Others","WS/MP761/2024-2025/148184-Construction of community centers and community halls","Telangana","NIZAMABAD(DISTRICT COLLECTOR NIZAMABAD_IDA)","Construction of community hall in Gangaputra wada","Arvind Dharmapuri","NIZAMABAD","N/A","19-Oct-2024","348178"
"287","Normal/Others","WS/MP761/2024-2025/148187-Street lights","Telangana","NIZAMABAD(DISTRICT COLLECTOR NIZAMABAD_IDA)","Providing 2 Himast lights near Maddul Laxmi Narsimha swamy temple","Arvind Dharmapuri","NIZAMABAD","N/A","21-Oct-2024","288856"
"288","Normal/Others","WS/MP761/2024-2025/148189-Street lights","Telangana","NIZAMABAD(DISTRICT COLLECTOR NIZAMABAD_IDA)","Providing Himast light near Yellamma temple, Dubbaka","Arvind Dharmapuri","NIZAMABAD","N/A","28-Oct-2024","144072"
"289","Normal/Others","WS/MP761/2024-2025/146279-Providing drains and gutters for public drainage","Telangana","Jagitial(DISTRICT COLLECTOR JAGTIAL_IDA)","Laying of CC Drains in Agriculture Market","Arvind Dharmapuri","NIZAMABAD","Images","19-Oct-2024","445245"
"290","Normal/Others","WS/MP761/2024-2025/146295-Construction of community centers and community halls","Telangana","Jagitial(DISTRICT COLLECTOR JAGTIAL_IDA)","Construction of Community hall in Mudiraj Jangiti wada","Arvind Dharmapuri","NIZAMABAD","Images","19-Oct-2024","268220"
"291","Normal/Others","WS/MP761/2024-2025/146297-Setting up of electric vehicle charging stations","Telangana","Jagitial(DISTRICT COLLECTOR JAGTIAL_IDA)","Construction of Community hall in Yadava wada in Sattakkapally Village","Arvind Dharmapuri","NIZAMABAD","Images","19-Oct-2024","268203"
"292","Normal/Others","WS/MP18278/2024-2025/142729-Construction of roads, link roads, pathways or any other road with or without drainage system","Chhattisgarh","JANJGIR-CHAMPA(DISTRICT COLLECTOR JANJGIR CHAMPA_IDA)","GRAM PANCHAYAT TUSMA ME C.C. ROAD NIRMARAN(JITENDRA SAHU KE GHAR SE DHANI RAM SAHU GHAR KI ORE)","KAMLESH JANGDE","JANJGIR CHAMPA(SC)","Images","28-Nov-2024","499989"
"293","Normal/Others","WS/MP761/2024-2025/146752-Construction of community centers and community halls","Telangana","Jagitial(DISTRICT COLLECTOR JAGTIAL_IDA)","Construction of Community hall at Raithumithra Sangham at Ward No 14","Arvind Dharmapuri","NIZAMABAD","Images","21-Oct-2024","397121"
"294","Normal/Others","WS/MP761/2024-2025/146748-Construction of community centers and community halls","Telangana","Jagitial(DISTRICT COLLECTOR JAGTIAL_IDA)","Construction of Community hall in Guradikapu wada,","Arvind Dharmapuri","NIZAMABAD","Images","21-Oct-2024","296538"
"295","Normal/Others","WS/MP18278/2024-2025/141835-Construction of roads, link roads, pathways or any other road with or without drainage system","Chhattisgarh","SAKTI(COLLECTOR SAKTI_IDA)","GRAM NAWAPARA ME C.C. ROAD NIRMARAN(LABHO RAM CHAUHAN GHAR SE AAGE KI ORE)","KAMLESH JANGDE","JANJGIR CHAMPA(SC)","Images","31-Dec-2024","498533"
"296","Normal/Others","WS/MP761/2024-2025/146659-Construction of community centers and community halls","Telangana","Jagitial(DISTRICT COLLECTOR JAGTIAL_IDA)","Construction of Community hall in Gangaputa Colony, Arapet 5th ward, Metpally town","Arvind Dharmapuri","NIZAMABAD","Images","21-Oct-2024","250000"
"297","Normal/Others","WS/MP761/2024-2025/146434-Construction of community centers and community halls","Telangana","Jagitial(DISTRICT COLLECTOR JAGTIAL_IDA)","Construction of Community hall in SC Madiga Colony at Arapet 5th ward Metpally","Arvind Dharmapuri","NIZAMABAD","Images","21-Oct-2024","249579"
"298","Normal/Others","WS/MP761/2024-2025/146622-Providing drains and gutters for public drainage","Telangana","Jagitial(DISTRICT COLLECTOR JAGTIAL_IDA)","Laying of CC drain from Sc Community hall to Library","Arvind Dharmapuri","NIZAMABAD","Images","21-Oct-2024","493396"
"299","Normal/Others","WS/MP761/2024-2025/146758-Construction of common work sheds/ common covered sitting area","Telangana","Jagitial(DISTRICT COLLECTOR JAGTIAL_IDA)","Construction of Artisan shed near Konda Swamy Devasthanam","Arvind Dharmapuri","NIZAMABAD","Images","21-Oct-2024","399659"
"300","Normal/Others","WS/MP761/2024-2025/146746-Construction of community centers and community halls","Telangana","Jagitial(DISTRICT COLLECTOR JAGTIAL_IDA)","Construction of Community hall in Shivaji Nagar Munnurukapu wada at Ward No 1 Metpally town","Arvind Dharmapuri","NIZAMABAD","Images","21-Oct-2024","299650"
"301","Normal/Others","WS/MP429/2024-2025/143350-Construction of buildings for community cultural activities","Chhattisgarh","Gaurela-Pendra-Marwahi(Collector GPM_IDA)","Construction of Shed near Bhaina Samaj Samudayik Bhawan at Gram Panchayat - Sonbacharwar, Vikas Khand - Pendra","Jyotsna Charandas Mahant","KORBA","Images","21-Jan-2026","584210"
"302","Normal/Others","WS/MP429/2024-2025/143351-Construction of common work sheds/ common covered sitting area","Chhattisgarh","Gaurela-Pendra-Marwahi(Collector GPM_IDA)","Construction of shed near Rashan Dukan at Gram Panchayat - Ghaghra, Vikas Khand - Pendra.","Jyotsna Charandas Mahant","KORBA","Images","09-Jan-2026","398989"
"303","Normal/Others","WS/MP18313/2024-2025/147458-Construction of community centers and community halls","Rajasthan","BANSWARA(DISTRICT COLLECTOR BANSWARA_IDA)","pitradev bavsi khorapada mein biradari nirman kary","RAJ KUMAR ROAT","BANSWARA(ST)","N/A","07-Jan-2026","981300"
"304","Normal/Others","WS/MP761/2024-2025/144972-Construction of boundary walls of existing public and community buildings","Telangana","NIZAMABAD(DISTRICT COLLECTOR NIZAMABAD_IDA)","Construction of Compound Wall to existing Community Hall in Soma Kshatriya Colony","Arvind Dharmapuri","NIZAMABAD","N/A","22-Oct-2024","394417"
"305","Normal/Others","WS/MP761/2024-2025/149042-Construction of community centers and community halls","Telangana","NIZAMABAD(DISTRICT COLLECTOR NIZAMABAD_IDA)","Construction of Community hall in 2nd floor in existing community hall near Sri Gandla Pattana Sangham, Sirnapalli Gadi","Arvind Dharmapuri","NIZAMABAD","N/A","23-Oct-2024","400000"
"306","Normal/Others","WS/MP18101/2024-2025/142502-Construction of additional rooms and halls in the existing public and community building","Madhya Pradesh","DAMOH(DISTRICT COLLECTOR DAMOH_IDA)","GRAM PANCHAYAT SHAHJAD PURA K GRAM GHANSHIYAMPURA ME SAMUDAYK BHAVN NIRMAN KARY","RAHUL SINGH LODHI","DAMOH","Images","13-Jan-2025","1000000"
"307","Normal/Others","WS/MP393/2024-2025/143061-Construction of roads, link roads, pathways or any other road with or without drainage system","Tamil Nadu","SIVAGANGA(DISTRICT COLLECTOR SIVAGANGA_IDA)","Construction of (MPLADS 2021-22) Paver Block Road in Ice keni Street,Keela Street, Karaikudi Municipality","Shri Karti P Chidambaram","SIVAGANGA","N/A","23-Oct-2024","200000"
"308","Normal/Others","WS/MP761/2024-2025/145019-Construction of common work sheds/ common covered sitting area","Telangana","NIZAMABAD(DISTRICT COLLECTOR NIZAMABAD_IDA)","Construction of Artisan Shed near Shivalayam Temple","Arvind Dharmapuri","NIZAMABAD","N/A","23-Oct-2024","495000"
"309","Normal/Others","WS/MP429/2024-2025/146726-Renovation of ponds and lakes","Chhattisgarh","KORBA(Collector-Korba)","Pachri construction (2 units) at Bhadbhad Talaab in Gram Panchayat - Parsada, VIkas Khand - Pali","Jyotsna Charandas Mahant","KORBA","Images","14-Jul-2025","600000"
"310","Normal/Others","WS/MP18152/2024-2025/141227-Construction of roads, link roads, pathways or any other road with or without drainage system","Punjab","MANSA(DEPUTY COMMISSIONER MANSA_IDA)","Construction of Street using Interlock tiles street and Drains Nirmal Singh House to Majer Singh House","SARABJEET SINGH KHALSA","FARIDKOT(SC)","Images","28-Mar-2025","465477"
"311","Normal/Others","WS/MP18176/2024-2025/139956-Installing tube-wells and borewells","Tamil Nadu","DINDIGUL(DISTRICT COLLECTOR DINDIGUL_IDA)","Installing Vellodu - Narasingapuram Government higher Secondary school - bore well (Purpose Drinking water)","SACHITHANANTHAM R","DINDIGUL","N/A","24-Oct-2024","399715"
"312","Normal/Others","WS/MP761/2024-2025/146611-Construction of common work sheds/ common covered sitting area","Telangana","NIZAMABAD(DISTRICT COLLECTOR NIZAMABAD_IDA)","Construction of Artisan Shed near Peddamma TEMPLE","Arvind Dharmapuri","NIZAMABAD","N/A","24-Oct-2024","298836"
"313","Normal/Others","WS/MP761/2024-2025/144939-Construction of boundary walls of existing public and community buildings","Telangana","NIZAMABAD(DISTRICT COLLECTOR NIZAMABAD_IDA)","Construction of Compound wall to existing Community hall in Kurma wada","Arvind Dharmapuri","NIZAMABAD","N/A","24-Oct-2024","250000"
"314","Normal/Others","WS/MP418/2024-2025/147613-Setting up of laboratories","Bihar","ARARIA(DISTRICT PLANNING OFFICER ARARIA_IDA)","Purchase of  Equipment and furniture/accessories for setting up Laboratories as per enclosed list in following schools/institutions: 1 UTKARMIT  MADHYAMIK VIDYALAY , SONAMANI GODAM","Pradeep Kumar Singh","ARARIA","N/A","13-Nov-2024","2475000"
"315","Normal/Others","WS/MP18006/2024-2025/135645-Construction of roads, link roads, pathways or any other road with or without drainage system","Andhra Pradesh","CHITTOOR(DISTRICT COLLECTOR CHITTOOR_IDA)","Construction of CC Road in Payanagaripalli HW Village at sathayma Temple to Venkatama House and Sumati House to Tirumalaiaha House and Venkateswara Temple to Hari House, Gundlapalli GP, Irala mandal of Puthalapattu Constituency.","DAGGUMALLA PRASADA RAO","CHITTOOR","Images","25-Oct-2024","397837"
"316","Normal/Others","WS/MP18006/2024-2025/135647-Construction of roads, link roads, pathways or any other road with or without drainage system","Andhra Pradesh","CHITTOOR(DISTRICT COLLECTOR CHITTOOR_IDA)","Construction of CC Road From Pump House room to R&B Road Link and Markondaiah House to Venkatapuram HW end in Venkatapuram HW Village in Gundlapalli GP, Irala Mandal of Puthalapattu Constituency.","DAGGUMALLA PRASADA RAO","CHITTOOR","Images","25-Oct-2024","497766"
"317","Normal/Others","WS/MP18006/2024-2025/135646-Construction of roads, link roads, pathways or any other road with or without drainage system","Andhra Pradesh","CHITTOOR(DISTRICT COLLECTOR CHITTOOR_IDA)","Construction of CC Road at Hand Borewell to Sri Ramathirtha Sevashramam in Gundlapalli GP, Irala Mandal of Puthalapattu Constituency.","DAGGUMALLA PRASADA RAO","CHITTOOR","Images","25-Oct-2024","99809"
"318","Normal/Others","WS/MP761/2024-2025/146603-Construction of roads, link roads, pathways or any other road with or without drainage system","Telangana","NIZAMABAD(DISTRICT COLLECTOR NIZAMABAD_IDA)","Construction of CC road from Bheemaraya Sangham Tarpa 45 to H.No 3-3-313","Arvind Dharmapuri","NIZAMABAD","N/A","25-Oct-2024","319034"
"319","Normal/Others","WS/MP429/2024-2025/143878-Construction of footpaths and pedestrian ways","Chhattisgarh","KORBA(Collector-Korba)","Construction of Interlocking Pavement Flooring at Primary School in Gram Purri Katra. Gram Panchayat - Kotmer, Vikas Khand - Kartala","Jyotsna Charandas Mahant","KORBA","Images","23-Dec-2024","295600"
"320","Normal/Others","WS/MP429/2024-2025/143352-Construction of footpaths and pedestrian ways","Chhattisgarh","KORBA(Collector-Korba)","Construction of Pavement at Primary School in Gram Panchayat Kotmer, Vikas Khand - Kartala.","Jyotsna Charandas Mahant","KORBA","Images","23-Dec-2024","300000"
"321","Normal/Others","WS/MP429/2024-2025/142111-Construction of roads, link roads, pathways or any other road with or without drainage system","Chhattisgarh","KORBA(Collector-Korba)","CC Road construction from Samund Singh ghar towards Gothan at Sajapani Gram Panchayat. Vikas Khand - Kartala","Jyotsna Charandas Mahant","KORBA","Images","23-Dec-2024","498606"
"322","Normal/Others","WS/MP429/2024-2025/141157-Construction of community centers and community halls","Chhattisgarh","KORBA(Collector-Korba)","Construction of Chhatdaar Manch in Gram Panchayat - Pahadgaon, Vikas Khand - Kartala","Jyotsna Charandas Mahant","KORBA","Images","03-Apr-2025","350000"
"323","Normal/Others","WS/MP429/2024-2025/141156-Construction of common work sheds/ common covered sitting area","Chhattisgarh","KORBA(Collector-Korba)","Construction of Chhatdaar chabutra in Gram Panchayat - Tilaidand, Vikas Khand - Korba.","Jyotsna Charandas Mahant","KORBA","Images","19-Nov-2025","400000"
"324","Normal/Others","WS/MP429/2024-2025/144851-Renovation of ponds and lakes","Chhattisgarh","KORBA(Collector-Korba)","Construction of Pachri at Gadhiya Talab in Gram Panchayat - Silli, Vikas Khand - Pali","Jyotsna Charandas Mahant","KORBA","Images","14-Jul-2025","299681"
"325","Normal/Others","WS/MP429/2024-2025/144849-Renovation of ponds and lakes","Chhattisgarh","KORBA(Collector-Korba)","Construction of Pachri at Budhan Talab in Gram Panchayat - Kodar, Vikas Khand - Pali.","Jyotsna Charandas Mahant","KORBA","Images","13-May-2025","299323"
"326","Normal/Others","WS/MP429/2024-2025/144850-Renovation of ponds and lakes","Chhattisgarh","KORBA(Collector-Korba)","Construction of Pachri at Gangasagar Talab in Gram Panchayat - Pulali Kala, Vikas Khand - Pali.","Jyotsna Charandas Mahant","KORBA","Images","06-Aug-2025","300000"
"327","Normal/Others","WS/MP18278/2024-2025/134665-Construction of roads, link roads, pathways or any other road with or without drainage system","Chhattisgarh","SAKTI(COLLECTOR SAKTI_IDA)","CC Road- From the main road towards Muktidham.","KAMLESH JANGDE","JANJGIR CHAMPA(SC)","Images","29-Aug-2025","881196"
"328","Normal/Others","WS/MP761/2024-2025/149044-Construction of common work sheds/ common covered sitting area","Telangana","Jagitial(DISTRICT COLLECTOR JAGTIAL_IDA)","Construction of Artisan Shed in Court Complex","Arvind Dharmapuri","NIZAMABAD","Images","26-Oct-2024","399432"
"329","Normal/Others","WS/MP761/2024-2025/149045-Construction of community centers and community halls","Telangana","Jagitial(DISTRICT COLLECTOR JAGTIAL_IDA)","Construction of Community hall in Gudetikapu Colony at Arapet 5th ward Metpally","Arvind Dharmapuri","NIZAMABAD","Images","26-Oct-2024","250000"
"330","Normal/Others","WS/MP017/2024-2025/143500-Renovation of ponds and lakes","Tamil Nadu","THIRUVALLUR(DISTRICT COLLECTOR TIRUVALLUR_IDA)","Chekkanur to Ramakrishnapuram Road Big Lake Retaining Work","S. Jagathrakshakan","ARAKKONAM","N/A","26-Oct-2024","999654"
"331","Normal/Others","WS/MP761/2024-2025/146265-Construction of boundary walls of existing public and community buildings","Telangana","Jagitial(DISTRICT COLLECTOR JAGTIAL_IDA)","Construction of compound wall ZPHS Gundampally","Arvind Dharmapuri","NIZAMABAD","Images","26-Oct-2024","357627"
"332","Normal/Others","WS/MP761/2024-2025/149043-Construction of community centers and community halls","Telangana","NIZAMABAD(DISTRICT COLLECTOR NIZAMABAD_IDA)","Construction of Community hall near Motadireddy  Sangham, Borgaon P","Arvind Dharmapuri","NIZAMABAD","N/A","28-Oct-2024","495000"
"333","Normal/Others","WS/MP18242/2024-2025/145618-Lighting of public spaces","Uttar Pradesh","SULTANPUR(DISTRICT MAGISTRATE SULTANPUR_IDA)","As per list attached of 44 places of installation of high mast led light - 6 LED for different blocks and villages.","RAMBHUAL NISHAD","SULTANPUR","Images","21-Aug-2026","9852234"
"334","Normal/Others","WS/MP582/2024-2025/137295-Construction of footpaths and pedestrian ways","Gujarat","SURAT(DISTRICT COLLECTOR SURAT_IDA)","Paver block work near Swaminarayan Temple at Vankaner Village, Taluka Bardoli, District Surat","Prabhubhai Nagarbhai Vasava","BARDOLI(ST)","N/A","25-Jun-2025","294287"
"335","Normal/Others","WS/MP18278/2024-2025/145244-Construction of roads, link roads, pathways or any other road with or without drainage system","Chhattisgarh","JANJGIR-CHAMPA(DISTRICT COLLECTOR JANJGIR CHAMPA_IDA)","GRAM PANCHAYAT NANDELI ME C.C. ROAD NIRMARAN(PAKKI ROAD SE NARENDRA SURYAVANSHI GHAR KI ORE)","KAMLESH JANGDE","JANJGIR CHAMPA(SC)","Images","13-Dec-2024","500000"
"336","Normal/Others","WS/MP429/2024-2025/140677-Construction of community centers and community halls","Chhattisgarh","Gaurela-Pendra-Marwahi(Collector GPM_IDA)","Samudayik Bhawan Construction at Sadak Para, Gram Panchayat - Amarpur, Vikas Khand - Pedra","Jyotsna Charandas Mahant","KORBA","Images","16-Feb-2026","499839"
"337","Normal/Others","WS/MP429/2024-2025/140687-Construction of common work sheds/ common covered sitting area","Chhattisgarh","Gaurela-Pendra-Marwahi(Collector GPM_IDA)","Shed construction in Gram Panchayat - Latkoni, Janpad - Pendra","Jyotsna Charandas Mahant","KORBA","Images","06-Nov-2025","199651"
"338","Normal/Others","WS/MP418/2024-2025/147612-Setting up of laboratories","Bihar","ARARIA(DISTRICT PLANNING OFFICER ARARIA_IDA)","Purchase of  Equipment and furniture/accessories for setting up Laboratories as per enclosed list in following schools/institutions: 1 UCHCH MADHYAMIK VIDYALYA, RAMPUR MOHANPUR WEST","Pradeep Kumar Singh","ARARIA","N/A","13-Nov-2024","2475000"
"339","Normal/Others","WS/MP418/2024-2025/147611-Setting up of laboratories","Bihar","ARARIA(DISTRICT PLANNING OFFICER ARARIA_IDA)","Purchase of Equipment and furniture/accessories for setting up Laboratories as per enclosed list in following schools/institutions: 1 +2 RAJKIYAKRIT HIGH SCHOOL KUARI","Pradeep Kumar Singh","ARARIA","N/A","13-Nov-2024","2475000"
"340","Normal/Others","WS/MP761/2024-2025/146482-Construction of community centers and community halls","Telangana","Jagitial(DISTRICT COLLECTOR JAGTIAL_IDA)","Construction of community hall in Munnurukapu Colony","Arvind Dharmapuri","NIZAMABAD","Images","29-Oct-2024","399973"
"341","Normal/Others","WS/MP829/2024-2025/141023-Lighting of public spaces","West Bengal","HOWRAH(DISTRICT MAGISTRATE HOWRAH_IDA)","Installation of High Mast Light at Ajodhya Mandirtala,( Electicity to be provided by Shyampur II Panchayat Samity )","Smt Sajda Ahmed","ULUBERIA","Images","22-Jan-2025","149712"
"342","Normal/Others","WS/MP829/2024-2025/141025-Lighting of public spaces","West Bengal","HOWRAH(DISTRICT MAGISTRATE HOWRAH_IDA)","Installation of High Mast Light at Bardabar Kisan Mandi , Electicity to be provided by Shyampur II Panchayat Samity","Smt Sajda Ahmed","ULUBERIA","Images","22-Jan-2025","149712"
"343","Normal/Others","WS/MP829/2024-2025/141466-Installing tube-wells and borewells","West Bengal","HOWRAH(DISTRICT MAGISTRATE HOWRAH_IDA)","Sinking of Tubewell at Jhumjhumi Hospital","Smt Sajda Ahmed","ULUBERIA","Images","17-Dec-2024","129039"
"344","Normal/Others","WS/MP829/2024-2025/141465-Lighting of public spaces","West Bengal","HOWRAH(DISTRICT MAGISTRATE HOWRAH_IDA)","Installation of High Mast Light at Nawripara Bridge ( electricity to be provided by Shyampur II Panchayat Samity )","Smt Sajda Ahmed","ULUBERIA","Images","31-Jan-2025","149712"
"345","Normal/Others","WS/MP429/2024-2025/140683-Construction of common work sheds/ common covered sitting area","Chhattisgarh","Gaurela-Pendra-Marwahi(Collector GPM_IDA)","Shed construction at Gram Panchayat Deori Kalan, Janpad - Pendra","Jyotsna Charandas Mahant","KORBA","Images","11-Dec-2025","199559"
"346","Normal/Others","WS/MP429/2024-2025/140684-Construction of common work sheds/ common covered sitting area","Chhattisgarh","Gaurela-Pendra-Marwahi(Collector GPM_IDA)","Shed construction in Gram Panchayat - Nawagaon, Janpad - Pendra","Jyotsna Charandas Mahant","KORBA","Images","11-Dec-2025","199711"
"347","Normal/Others","WS/MP429/2024-2025/140682-Construction of common work sheds/ common covered sitting area","Chhattisgarh","Gaurela-Pendra-Marwahi(Collector GPM_IDA)","Shed construction at Gram Panchayat Damdam, Janpad - Pendra","Jyotsna Charandas Mahant","KORBA","Images","11-Dec-2025","200000"
"348","Normal/Others","WS/MP347/2024-2025/140240-Construction of roads, link roads, pathways or any other road with or without drainage system","Kerala","KOLLAM(DISTRICT COLLECTOR KOLLAM_IDA)","Construction of Pera- St.John's Marthoma Church- Cheruvalloore Road in Ummannoor Grama Panchayath","Shri Suresh Kodikunnil","MAVELIKKARA(SC)","Images","30-Oct-2024","1406283"
"349","Normal/Others","WS/MP013/2024-2025/136719-Construction of boundary walls of existing public and community buildings","Sikkim","Gangtok(DISTRICT COLLECTOR EAST DISTRICT_IDA)","Construction of dry wall and boundary wall for protection of agriculture crops from wild animals within Tomki estate at Middle Luing under Luing Parbing GPU","Indra Hang Subba","SIKKIM","N/A","30-Oct-2024","1999677"
"350","Normal/Others","WS/MP429/2024-2025/140552-Construction of common work sheds/ common covered sitting area","Chhattisgarh","Gaurela-Pendra-Marwahi(Collector GPM_IDA)","Sarvajanik Shed Construction at Ward no.-6 near Majar, Gram Panchayat - Semara, Vikas Khand - Gaurela","Jyotsna Charandas Mahant","KORBA","N/A","01-Jan-2025","499900"
"351","Normal/Others","WS/MP313/2024-2025/140878-Construction of roads, link roads, pathways or any other road with or without drainage system","Arunachal Pradesh","LOWER DIBANG VALLEY(Deputy Commisioner Lower Dibang Valley_IDA)","C/o RLR at Ekisang Village in Lower Dibang Valley District","Shri Tapir Gao","ARUNACHAL EAST","Images","18-Nov-2024","1000000"
"352","Normal/Others","WS/MP761/2024-2025/149790-Construction of community centers and community halls","Telangana","NIZAMABAD(DISTRICT COLLECTOR NIZAMABAD_IDA)","Construction of Community hall in BC Wada","Arvind Dharmapuri","NIZAMABAD","N/A","04-Nov-2024","400000"
"353","Normal/Others","WS/MP761/2024-2025/146759-Construction of community centers and community halls","Telangana","Jagitial(DISTRICT COLLECTOR JAGTIAL_IDA)","Construction of Village Commmunity hall at Chinnametupally","Arvind Dharmapuri","NIZAMABAD","N/A","19-Aug-2025","449770"
"354","Normal/Others","WS/MP429/2024-2025/144852-Construction of buildings for community cultural activities","Chhattisgarh","KORBA(Collector-Korba)","Construction of Sarvajanik Manch at Ravan Bhata's Gauri Gaura Sthhal in Gram Panchayat - Banjari, Vikas Khand - Poudi Uproda","Jyotsna Charandas Mahant","KORBA","Images","10-Aug-2026","400000"
"355","Normal/Others","WS/MP18278/2024-2025/145245-Construction of roads, link roads, pathways or any other road with or without drainage system","Chhattisgarh","JANJGIR-CHAMPA(DISTRICT COLLECTOR JANJGIR CHAMPA_IDA)","GRAM PANCHAYAT DHANGAON ME C.C. ROAD NIRMARAN(MUKYA MARG SE HIRRI MAINAR KI ORE)","KAMLESH JANGDE","JANJGIR CHAMPA(SC)","Images","13-Dec-2024","1000000"
"356","Normal/Others","WS/MP761/2024-2025/147243-Construction of community centers and community halls","Telangana","NIZAMABAD(DISTRICT COLLECTOR NIZAMABAD_IDA)","Construction of Community hall in Yadava Wada","Arvind Dharmapuri","NIZAMABAD","N/A","04-Nov-2024","450000"
"357","Normal/Others","WS/MP18278/2024-2025/145247-Construction of roads, link roads, pathways or any other road with or without drainage system","Chhattisgarh","JANJGIR-CHAMPA(DISTRICT COLLECTOR JANJGIR CHAMPA_IDA)","GRAM PANCHAYAT DHANGAON ME C.C. ROAD NIRMARAN(GANGA DEEYAL GHAR SE NAHAR PAR KI ORE)","KAMLESH JANGDE","JANJGIR CHAMPA(SC)","Images","13-Dec-2024","800000"
"358","Normal/Others","WS/MP18278/2024-2025/145246-Construction of roads, link roads, pathways or any other road with or without drainage system","Chhattisgarh","JANJGIR-CHAMPA(DISTRICT COLLECTOR JANJGIR CHAMPA_IDA)","GRAM PANCHAYAT PANGAON ME C.C. ROAD NIRMARAN(RAJENDRA DINKAR KE GHAR SE ANUJ KURRE GHAR KI ORE)","KAMLESH JANGDE","JANJGIR CHAMPA(SC)","Images","13-Dec-2024","600000"
"359","Normal/Others","WS/MP393/2024-2025/148973-Construction of public toilets and bathrooms","Tamil Nadu","SIVAGANGA(DISTRICT COLLECTOR SIVAGANGA_IDA)","Construction of (MPLADS 2022-23) Bath tube near Kaveripatti Cemetery  in South Ilayathankudi Panchayat","Shri Karti P Chidambaram","SIVAGANGA","N/A","05-Nov-2024","199969"
"360","Normal/Others","WS/MP761/2024-2025/144943-Construction of community centers and community halls","Telangana","NIZAMABAD(DISTRICT COLLECTOR NIZAMABAD_IDA)","Construction of Community hall Near Sarva Samaj Bhavan in Armoor town","Arvind Dharmapuri","NIZAMABAD","N/A","05-Nov-2024","495000"
"361","Normal/Others","WS/MP18152/2024-2025/141222-Purchase of mobile water tankers","Punjab","FARIDKOT(DEPUTY COMMISSIONER FARIDKOT_IDA)","Purchase of mobile Steel water tanker at Gram Panchayat Gobind nagar bholuwala road","SARABJEET SINGH KHALSA","FARIDKOT(SC)","N/A","07-Apr-2025","200000"
"362","Normal/Others","WS/MP761/2024-2025/149051-Construction of community centers and community halls","Telangana","NIZAMABAD(DISTRICT COLLECTOR NIZAMABAD_IDA)","Construction of Building for Cultural Activities at Aloor road","Arvind Dharmapuri","NIZAMABAD","N/A","05-Nov-2024","495000"
"363","Normal/Others","WS/MP761/2024-2025/144974-Construction of boundary walls of existing public and community buildings","Telangana","NIZAMABAD(DISTRICT COLLECTOR NIZAMABAD_IDA)","Construction of Compound Wall to Mahalaxmi Colony Community Hall","Arvind Dharmapuri","NIZAMABAD","N/A","05-Nov-2024","495000"
"364","Normal/Others","WS/MP761/2024-2025/150625-Construction of community centers and community halls","Telangana","Jagitial(DISTRICT COLLECTOR JAGTIAL_IDA)","Construction of Community hall in Munnurukapu wada, Subhash nagar in ward No 26, Metpally","Arvind Dharmapuri","NIZAMABAD","N/A","19-Aug-2025","299648"
"365","Normal/Others","WS/MP751/2024-2025/146656-Construction of bus-sheds or bus-stops","Tamil Nadu","MADURAI(DISTRICT COLLECTOR MADURAI_IDA)","Additional Fund for Construction of New Bus Stand at  Kottampatti (2024-2025)","S Venkatesan","MADURAI","Images","05-Nov-2024","2500000"
"366","Normal/Others","WS/MP317/2024-2025/145371-Purchase Books for Library","Bihar","MUZAFFARPUR(DISTRICT PLANNING OFFICER MUZAFFARPUR_IDA)","purchase books for library","Smt Veena Devi","VAISHALI","Images","05-Nov-2024","5000000"
"367","Normal/Others","WS/MP710/2024-2025/146442-Construction of roads, link roads, pathways or any other road with or without drainage system","Puducherry","Puducherry(PROJECT DIRECTOR RDA PUDUCHERRY_IDA)","Balance work of Construction of U drain at Annaitherasa Nagar, Murungapakkam, Puducherry","Vaithilingam Ve","Puducherry","Images","06-Nov-2024","1716890"
"368","Normal/Others","WS/MP858/2024-2025/139945-Construction of boundary walls of existing public and community buildings","West Bengal","BIRBHUM(DISTRICT MAGISTRATE BIRBHUM_IDA)","Construction of Boundary Wall for TANAYENDAR Vidyalaya at GOALPARA Village, Executing Agency will be EO SRINIKETAN SANTINIKETAN DEVELOPMENT AUTHORITY,BOLPUR,BIRBHUM.W.B.","Asit Kumar Mal","BOLPUR(SC)","Images","24-Nov-2025","3720542"
"369","Normal/Others","WS/MP18019/2024-2025/137589-Tree plantation for community","Assam","KARBI ANGLONG(DEPUTY COMMISSIONER KARBI ANGLONG_IDA)","Tree Plantation for providing self sufficiency to the 06 (six) Nos. of Ex-Revolutionary Cadre under the Banner of ""KERUP- Karbi Ex-Revolutionary United Forum""","AMARSING TISSO","Diphu (ST)","N/A","23-Apr-2025","999679"
"370","Normal/Others","WS/MP18217/2024-2025/136140-Construction of roads, link roads, pathways or any other road with or without drainage system","Uttar Pradesh","FIROZABAD(DISTRICT MAGISTRATE FIROZABAD_IDA)","from anwara majra nagla chhainkur hanuman tample to railway underpass interlocking road and drainage system  developement lenght 400 meters by 7 meter","AKSHAYA YADAV","FIROZABAD","Images","20-Mar-2025","9511630"
"371","Normal/Others","WS/MP317/2024-2025/145198-Purchase Books for Library","Bihar","MUZAFFARPUR(DISTRICT PLANNING OFFICER MUZAFFARPUR_IDA)","purchase books of library","Smt Veena Devi","VAISHALI","Images","06-Nov-2024","5000000"
"372","Normal/Others","WS/MP317/2024-2025/145098-Purchase Books for Library","Bihar","MUZAFFARPUR(DISTRICT PLANNING OFFICER MUZAFFARPUR_IDA)","purchase book for library","Smt Veena Devi","VAISHALI","Images","06-Nov-2024","5000000"
"373","Normal/Others","WS/MP317/2024-2025/144904-Purchase Books for Library","Bihar","MUZAFFARPUR(DISTRICT PLANNING OFFICER MUZAFFARPUR_IDA)","puchase book of diffrent school library","Smt Veena Devi","VAISHALI","Images","06-Nov-2024","5000000"
"374","Normal/Others","WS/MP429/2024-2025/140532-Construction of common work sheds/ common covered sitting area","Chhattisgarh","KORBA(Collector-Korba)","Manch construction in Pitambari Mohalla Gram Panchayat- Malda,  Janpad - Podi Uproda","Jyotsna Charandas Mahant","KORBA","Images","04-Dec-2025","400000"
"375","Normal/Others","WS/MP429/2024-2025/143874-Construction of buildings for community cultural activities","Chhattisgarh","KORBA(Collector-Korba)","Constriction of Manch at Dhanwar Para, Delvadand. Gram Panchayat - Kuteshwar Nagoi, Vikas Khand - Poundi Uproda","Jyotsna Charandas Mahant","KORBA","Images","20-May-2025","400000"
"376","Normal/Others","WS/MP317/2024-2025/144816-Purchase Books for Library","Bihar","MUZAFFARPUR(DISTRICT PLANNING OFFICER MUZAFFARPUR_IDA)","Kanti, Motipur, saraiya ewam paroo prakhand ke bibhinna vidyalayo ke pushtakalayo mein pustak aapurti","Smt Veena Devi","VAISHALI","Images","06-Nov-2024","5000000"
"377","Normal/Others","WS/MP654/2024-2025/142741-Construction of culverts and bridges","Madhya Pradesh","ANUPPUR(DISTRICT COLLECTOR ANUPPUR_IDA)","construction of culvert near sant kumar's field.","Smt Himadri Singh","SHAHDOL (ST)","Images","20-Mar-2025","1499800"
"378","Normal/Others","WS/MP393/2024-2025/148975-Construction of roads, link roads, pathways or any other road with or without drainage system","Tamil Nadu","SIVAGANGA(DISTRICT COLLECTOR SIVAGANGA_IDA)","Construction of (MPLADS 2021-22) Paver Block Road in S.S.Nagar in Singampunari Town Panchayat","Shri Karti P Chidambaram","SIVAGANGA","Images","07-Nov-2024","200000"
"379","Normal/Others","WS/MP18404/2024-2025/142554-Lighting of public spaces","Uttar Pradesh","BIJNOR(DISTRICT MAGISTRATE BIJNOR_IDA)","1.	HIGH MAST LIGHT WITH SIX LED RECOMMENDED IN MY CONSTITUENCY NAGINA BY IMPLEMNETING AGENCY PCCD BIJNORE (VILLAGE HAMEEDPUR ME LAL SINGH KE MAKAN  KE PASS HIGH MAST LIGHT)","CHANDRA SHEKHAR","NAGINA(SC)","Images","05-Feb-2025","189869"
"380","Normal/Others","WS/MP18404/2024-2025/142558-Lighting of public spaces","Uttar Pradesh","BIJNOR(DISTRICT MAGISTRATE BIJNOR_IDA)","5.	HIGH MAST LIGHT WITH SIX LED RECOMMENDED IN MY CONSTITUENCY NAGINA BY IMPLEMNETING AGENCY PCCD BIJNORE (VILLAGE HAMEEDPUR ME BHOLAY KE GHAR  KE PASS HIGH MAST LIGHT)","CHANDRA SHEKHAR","NAGINA(SC)","Images","05-Feb-2025","189869"
"381","Normal/Others","WS/MP18404/2024-2025/142557-Lighting of public spaces","Uttar Pradesh","BIJNOR(DISTRICT MAGISTRATE BIJNOR_IDA)","4.	HIGH MAST LIGHT WITH SIX LED RECOMMENDED IN MY CONSTITUENCY NAGINA BY IMPLEMNETING AGENCY PCCD BIJNORE (VILLAGE BISAT BIJENDRA SINGH KE GHAR KE PASS HIGH MAST LIGHT)","CHANDRA SHEKHAR","NAGINA(SC)","Images","05-Feb-2025","189869"
"382","Normal/Others","WS/MP18404/2024-2025/142556-Lighting of public spaces","Uttar Pradesh","BIJNOR(DISTRICT MAGISTRATE BIJNOR_IDA)","3.	HIGH MAST LIGHT WITH SIX LED RECOMMENDED IN MY CONSTITUENCY NAGINA BY IMPLEMNETING AGENCY PCCD BIJNORE (VILLAGE BISAT MANDIR KE PASS ME HIGH MAST LIGHT)","CHANDRA SHEKHAR","NAGINA(SC)","Images","05-Feb-2025","189869"
"383","Normal/Others","WS/MP18404/2024-2025/142555-Lighting of public spaces","Uttar Pradesh","BIJNOR(DISTRICT MAGISTRATE BIJNOR_IDA)","2.	HIGH MAST LIGHT WITH SIX LED RECOMMENDED IN MY CONSTITUENCY NAGINA BY IMPLEMNETING AGENCY PCCD BIJNORE (VILLAGE HAMEEDPUR ME RAKESH BALMIKI JEE KE GHAR  KE PASS HIGH MAST LIGHT)","CHANDRA SHEKHAR","NAGINA(SC)","Images","05-Feb-2025","189869"
"384","Normal/Others","WS/MP18404/2024-2025/142560-Lighting of public spaces","Uttar Pradesh","BIJNOR(DISTRICT MAGISTRATE BIJNOR_IDA)","7.	HIGH MAST LIGHT WITH SIX LED RECOMMENDED IN MY CONSTITUENCY NAGINA BY IMPLEMNETING AGENCY PCCD BIJNORE (VILLAGE KHOSPURA ME HOLI CHOK  KE PASS HIGH MAST LIGHT)","CHANDRA SHEKHAR","NAGINA(SC)","Images","05-Feb-2025","189869"
"385","Normal/Others","WS/MP18404/2024-2025/142559-Lighting of public spaces","Uttar Pradesh","BIJNOR(DISTRICT MAGISTRATE BIJNOR_IDA)","6.	HIGH MAST LIGHT WITH SIX LED RECOMMENDED IN MY CONSTITUENCY NAGINA BY IMPLEMNETING AGENCY PCCD BIJNORE (VILLAGE MEHMUDPUR KAMIL ME HAJI NISAR KE GHAR  KE PASS HIGH MAST LIGHT)","CHANDRA SHEKHAR","NAGINA(SC)","Images","20-Mar-2025","189869"
"386","Normal/Others","WS/MP18404/2024-2025/142561-Lighting of public spaces","Uttar Pradesh","BIJNOR(DISTRICT MAGISTRATE BIJNOR_IDA)","8.	HIGH MAST LIGHT WITH SIX LED RECOMMENDED IN MY CONSTITUENCY NAGINA BY IMPLEMNETING AGENCY PCCD BIJNORE (VILLAGE NARGADI ME PRIMARY SCHOOL CHOK  KE PASS HIGH MAST LIGHT)","CHANDRA SHEKHAR","NAGINA(SC)","Images","03-Feb-2025","189869"
"387","Normal/Others","WS/MP18404/2024-2025/142562-Lighting of public spaces","Uttar Pradesh","BIJNOR(DISTRICT MAGISTRATE BIJNOR_IDA)","9.	HIGH MAST LIGHT WITH SIX LED RECOMMENDED IN MY CONSTITUENCY NAGINA BY IMPLEMNETING AGENCY PCCD BIJNORE (VILLAGE CHHAJUPURA ME CHORAHE  KE PASS HIGH MAST LIGHT)","CHANDRA SHEKHAR","NAGINA(SC)","Images","03-Feb-2025","189869"
"388","Normal/Others","WS/MP18404/2024-2025/142569-Lighting of public spaces","Uttar Pradesh","BIJNOR(DISTRICT MAGISTRATE BIJNOR_IDA)","16.	HIGH MAST LIGHT WITH SIX LED RECOMMENDED IN MY CONSTITUENCY NAGINA BY IMPLEMNETING AGENCY PCCD BIJNORE (VILLAGE PATHVARI ME MANDIR KE PASS HIGH MAST LIGHT)","CHANDRA SHEKHAR","NAGINA(SC)","Images","03-Feb-2025","189869"
"389","Normal/Others","WS/MP18404/2024-2025/142568-Lighting of public spaces","Uttar Pradesh","BIJNOR(DISTRICT MAGISTRATE BIJNOR_IDA)","15.	HIGH MAST LIGHT WITH SIX LED RECOMMENDED IN MY CONSTITUENCY NAGINA BY IMPLEMNETING AGENCY PCCD BIJNORE (VILLAGE PATHVARI ME KABRISTAN KE PASS HIGH MAST LIGHT)","CHANDRA SHEKHAR","NAGINA(SC)","Images","03-Feb-2025","189869"
"390","Normal/Others","WS/MP18404/2024-2025/142567-Lighting of public spaces","Uttar Pradesh","BIJNOR(DISTRICT MAGISTRATE BIJNOR_IDA)","14.	HIGH MAST LIGHT WITH SIX LED RECOMMENDED IN MY CONSTITUENCY NAGINA BY IMPLEMNETING AGENCY PCCD BIJNORE (VILLAGE PATHVARI ME RAVIDASH DHARMSHALA  KE PASS HIGH MAST LIGHT)","CHANDRA SHEKHAR","NAGINA(SC)","Images","03-Feb-2025","189869"
"391","Normal/Others","WS/MP18404/2024-2025/142566-Lighting of public spaces","Uttar Pradesh","BIJNOR(DISTRICT MAGISTRATE BIJNOR_IDA)","13.	HIGH MAST LIGHT WITH SIX LED RECOMMENDED IN MY CONSTITUENCY NAGINA BY IMPLEMNETING AGENCY PCCD BIJNORE (VILLAGE RUGDI SAID ME MANIRAM CHOK  KE PASS HIGH MAST LIGHT)","CHANDRA SHEKHAR","NAGINA(SC)","Images","03-Feb-2025","189869"
"392","Normal/Others","WS/MP18404/2024-2025/142565-Lighting of public spaces","Uttar Pradesh","BIJNOR(DISTRICT MAGISTRATE BIJNOR_IDA)","12.	HIGH MAST LIGHT WITH SIX LED RECOMMENDED IN MY CONSTITUENCY NAGINA BY IMPLEMNETING AGENCY PCCD BIJNORE (VILLAGE ALLEHDATPUR MUBARAKPUR (NAWADA) ME YATRI SHAID  KE PASS HIGH MAST LIGHT)","CHANDRA SHEKHAR","NAGINA(SC)","Images","01-Feb-2025","189869"
"393","Normal/Others","WS/MP18404/2024-2025/142564-Lighting of public spaces","Uttar Pradesh","BIJNOR(DISTRICT MAGISTRATE BIJNOR_IDA)","11.	HIGH MAST LIGHT WITH SIX LED RECOMMENDED IN MY CONSTITUENCY NAGINA BY IMPLEMNETING AGENCY PCCD BIJNORE (VILLAGE MEHMUDPUR BUZURGE ME SARKARI HOSPITAL  KE PASS HIGH MAST LIGHT)","CHANDRA SHEKHAR","NAGINA(SC)","Images","01-Feb-2025","189869"
"394","Normal/Others","WS/MP18404/2024-2025/142563-Lighting of public spaces","Uttar Pradesh","BIJNOR(DISTRICT MAGISTRATE BIJNOR_IDA)","10.	HIGH MAST LIGHT WITH SIX LED RECOMMENDED IN MY CONSTITUENCY NAGINA BY IMPLEMNETING AGENCY PCCD BIJNORE (VILLAGE NARGADI ME ANUJ TYAGI KE GHAR  KE PASS HIGH MAST LIGHT)","CHANDRA SHEKHAR","NAGINA(SC)","Images","07-Mar-2025","189869"
"395","Normal/Others","WS/MP18404/2024-2025/142570-Lighting of public spaces","Uttar Pradesh","BIJNOR(DISTRICT MAGISTRATE BIJNOR_IDA)","17.	HIGH MAST LIGHT WITH SIX LED RECOMMENDED IN MY CONSTITUENCY NAGINA BY IMPLEMNETING AGENCY PCCD BIJNORE (VILLAGE PATHVARI ME MASZID KE PASS HIGH MAST LIGHT)","CHANDRA SHEKHAR","NAGINA(SC)","Images","04-Mar-2025","189869"
"396","Normal/Others","WS/MP18404/2024-2025/142577-Lighting of public spaces","Uttar Pradesh","BIJNOR(DISTRICT MAGISTRATE BIJNOR_IDA)","24.	HIGH MAST LIGHT WITH SIX LED RECOMMENDED IN MY CONSTITUENCY NAGINA BY IMPLEMNETING AGENCY PCCD BIJNORE (VILLAGE SHAHJAHAPUR ME RAVIDASH MANDIR KE PASS HIGH MAST LIGHT","CHANDRA SHEKHAR","NAGINA(SC)","Images","20-Mar-2025","189869"
"397","Normal/Others","WS/MP18404/2024-2025/142576-Lighting of public spaces","Uttar Pradesh","BIJNOR(DISTRICT MAGISTRATE BIJNOR_IDA)","23.	HIGH MAST LIGHT WITH SIX LED RECOMMENDED IN MY CONSTITUENCY NAGINA BY IMPLEMNETING AGENCY PCCD BIJNORE (VILLAGE THEPUR(VILLAGE  PURSHOTTAMPUR URF THEPUR  ME MASZID KE PASS HIGH MAST LIGHT)","CHANDRA SHEKHAR","NAGINA(SC)","Images","05-Feb-2025","189869"
"398","Normal/Others","WS/MP18404/2024-2025/142575-Lighting of public spaces","Uttar Pradesh","BIJNOR(DISTRICT MAGISTRATE BIJNOR_IDA)","22.	HIGH MAST LIGHT WITH SIX LED RECOMMENDED IN MY CONSTITUENCY NAGINA BY IMPLEMNETING AGENCY PCCD BIJNORE (VILLAGE SADATPUR ME RAVIDASH MANDIR KE PASS HIGH MAST LIGHT)","CHANDRA SHEKHAR","NAGINA(SC)","Images","05-Feb-2025","189869"
"399","Normal/Others","WS/MP18404/2024-2025/142574-Lighting of public spaces","Uttar Pradesh","BIJNOR(DISTRICT MAGISTRATE BIJNOR_IDA)","21.	HIGH MAST LIGHT WITH SIX LED RECOMMENDED IN MY CONSTITUENCY NAGINA BY IMPLEMNETING AGENCY PCCD BIJNORE (VILLAGE MUNGARPUR ME CHORAHE PAR HIGH MAST LIGHT)","CHANDRA SHEKHAR","NAGINA(SC)","Images","05-Feb-2025","189869"
"400","Normal/Others","WS/MP18404/2024-2025/142573-Lighting of public spaces","Uttar Pradesh","BIJNOR(DISTRICT MAGISTRATE BIJNOR_IDA)","20.	HIGH MAST LIGHT WITH SIX LED RECOMMENDED IN MY CONSTITUENCY NAGINA BY IMPLEMNETING AGENCY PCCD BIJNORE (VILLAGE DARIYAPUR ME PANCHAYAT GHAR KE PASS HIGH MAST LIGHT)","CHANDRA SHEKHAR","NAGINA(SC)","Images","20-Mar-2025","189869"
"401","Normal/Others","WS/MP18404/2024-2025/142572-Lighting of public spaces","Uttar Pradesh","BIJNOR(DISTRICT MAGISTRATE BIJNOR_IDA)","19.	HIGH MAST LIGHT WITH SIX LED RECOMMENDED IN MY CONSTITUENCY NAGINA BY IMPLEMNETING AGENCY PCCD BIJNORE (VILLAGE DEHRI (MALAKPUR DEHRI) ME DHARMSHALA KE PASS HIGH MAST LIGHT)","CHANDRA SHEKHAR","NAGINA(SC)","Images","05-Feb-2025","189869"
"402","Normal/Others","WS/MP18404/2024-2025/142571-Lighting of public spaces","Uttar Pradesh","BIJNOR(DISTRICT MAGISTRATE BIJNOR_IDA)","18.	HIGH MAST LIGHT WITH SIX LED RECOMMENDED IN MY CONSTITUENCY NAGINA BY IMPLEMNETING AGENCY PCCD BIJNORE (VILLAGE DARIYAPUR ME MASZID KE PASS HIGH MAST LIGHT)","CHANDRA SHEKHAR","NAGINA(SC)","Images","20-Mar-2025","189869"
"403","Normal/Others","WS/MP18404/2024-2025/142579-Lighting of public spaces","Uttar Pradesh","BIJNOR(DISTRICT MAGISTRATE BIJNOR_IDA)","26.	HIGH MAST LIGHT WITH SIX LED RECOMMENDED IN MY CONSTITUENCY NAGINA BY IMPLEMNETING AGENCY PCCD BIJNORE (VILLAGE UMARPUR ME CHORAHE  KE PASS HIGH MAST LIGHT)","CHANDRA SHEKHAR","NAGINA(SC)","Images","18-Mar-2025","189869"
"404","Normal/Others","WS/MP18404/2024-2025/142578-Lighting of public spaces","Uttar Pradesh","BIJNOR(DISTRICT MAGISTRATE BIJNOR_IDA)","25.	HIGH MAST LIGHT WITH SIX LED RECOMMENDED IN MY CONSTITUENCY NAGINA BY IMPLEMNETING AGENCY PCCD BIJNORE (VILLAGE SHAHABPURA ME MASZID KE PASS HIGH MAST LIGHT)","CHANDRA SHEKHAR","NAGINA(SC)","Images","18-Mar-2025","189869"
"405","Normal/Others","WS/MP18404/2024-2025/142583-Lighting of public spaces","Uttar Pradesh","BIJNOR(DISTRICT MAGISTRATE BIJNOR_IDA)","30.	HIGH MAST LIGHT WITH SIX LED RECOMMENDED IN MY CONSTITUENCY NAGINA BY IMPLEMNETING AGENCY PCCD BIJNORE (VILLAGE NORANGABAD ME SUKHVEER KE GHAR KE PASS HIGH MAST LIGHT)","CHANDRA SHEKHAR","NAGINA(SC)","Images","18-Mar-2025","189869"
"406","Normal/Others","WS/MP18404/2024-2025/142582-Lighting of public spaces","Uttar Pradesh","BIJNOR(DISTRICT MAGISTRATE BIJNOR_IDA)","29.	HIGH MAST LIGHT WITH SIX LED RECOMMENDED IN MY CONSTITUENCY NAGINA BY IMPLEMNETING AGENCY PCCD BIJNORE (VILLAGE NORANGABAD ME RAVIDASH DHARMSHALA KE PASS HIGH MAST LIGHT)","CHANDRA SHEKHAR","NAGINA(SC)","Images","18-Mar-2025","189869"
"407","Normal/Others","WS/MP18404/2024-2025/142581-Lighting of public spaces","Uttar Pradesh","BIJNOR(DISTRICT MAGISTRATE BIJNOR_IDA)","28.	HIGH MAST LIGHT WITH SIX LED RECOMMENDED IN MY CONSTITUENCY NAGINA BY IMPLEMNETING AGENCY PCCD BIJNORE (VILLAGE MUSTAFAPUR NAI BASTI ME BAIPASS SERVICE ROAD  KE PASS HIGH MAST LIGHT)","CHANDRA SHEKHAR","NAGINA(SC)","Images","07-Mar-2025","189869"
"408","Normal/Others","WS/MP18404/2024-2025/142580-Lighting of public spaces","Uttar Pradesh","BIJNOR(DISTRICT MAGISTRATE BIJNOR_IDA)","27.	HIGH MAST LIGHT WITH SIX LED RECOMMENDED IN MY CONSTITUENCY NAGINA BY IMPLEMNETING AGENCY PCCD BIJNORE (VILLAGE MUSTAFAPUR ME MAIN CHORAHE KE PASS HIGH MAST LIGHT)","CHANDRA SHEKHAR","NAGINA(SC)","Images","07-Mar-2025","189869"
"409","Normal/Others","WS/MP18404/2024-2025/142588-Lighting of public spaces","Uttar Pradesh","BIJNOR(DISTRICT MAGISTRATE BIJNOR_IDA)","32.	HIGH MAST LIGHT WITH SIX LED RECOMMENDED IN MY CONSTITUENCY NAGINA BY IMPLEMNETING AGENCY PCCD BIJNORE (VILLAGE SADARANPUR ME MONU KE GHAR KE PASS HIGH MAST LIGHT)","CHANDRA SHEKHAR","NAGINA(SC)","Images","07-Mar-2025","189869"
"410","Normal/Others","WS/MP18404/2024-2025/142587-Lighting of public spaces","Uttar Pradesh","BIJNOR(DISTRICT MAGISTRATE BIJNOR_IDA)","31.	HIGH MAST LIGHT WITH SIX LED RECOMMENDED IN MY CONSTITUENCY NAGINA BY IMPLEMNETING AGENCY PCCD BIJNORE (VILLAGE SADARANPUR ME RAVIDASH MANDIR KE PASS HIGH MAST LIGHT)","CHANDRA SHEKHAR","NAGINA(SC)","Images","07-Mar-2025","189869"
"411","Normal/Others","WS/MP761/2024-2025/146610-Construction of community centers and community halls","Telangana","NIZAMABAD(DISTRICT COLLECTOR NIZAMABAD_IDA)","Construction of Community hall near Sri Krishna","Arvind Dharmapuri","NIZAMABAD","N/A","07-Nov-2024","400000"
"412","Normal/Others","WS/MP18404/2024-2025/142593-Lighting of public spaces","Uttar Pradesh","BIJNOR(DISTRICT MAGISTRATE BIJNOR_IDA)","37.	HIGH MAST LIGHT WITH SIX LED RECOMMENDED IN MY CONSTITUENCY NAGINA BY IMPLEMNETING AGENCY PCCD BIJNORE (VILLAGE RAMSAHAYVALA ME ALI MASZID  KE PASS HIGH MAST LIGHT)","CHANDRA SHEKHAR","NAGINA(SC)","Images","07-Mar-2025","189869"
"413","Normal/Others","WS/MP18404/2024-2025/142592-Lighting of public spaces","Uttar Pradesh","BIJNOR(DISTRICT MAGISTRATE BIJNOR_IDA)","36.	HIGH MAST LIGHT WITH SIX LED RECOMMENDED IN MY CONSTITUENCY NAGINA BY IMPLEMNETING AGENCY PCCD BIJNORE (SHERKOT ME HAKIMO VALE KABRISTAN KE PASS HIGH MAST LIGHT)","CHANDRA SHEKHAR","NAGINA(SC)","Images","07-Mar-2025","189869"
"414","Normal/Others","WS/MP18404/2024-2025/142591-Lighting of public spaces","Uttar Pradesh","BIJNOR(DISTRICT MAGISTRATE BIJNOR_IDA)","35.	HIGH MAST LIGHT WITH SIX LED RECOMMENDED IN MY CONSTITUENCY NAGINA BY IMPLEMNETING AGENCY PCCD BIJNORE (SHERKOT ME PEER  SAIYYAD ALI KABRISTAN KE PASS HIGH MAST LIGHT)","CHANDRA SHEKHAR","NAGINA(SC)","Images","07-Mar-2025","189869"
"415","Normal/Others","WS/MP18404/2024-2025/142590-Lighting of public spaces","Uttar Pradesh","BIJNOR(DISTRICT MAGISTRATE BIJNOR_IDA)","34.	HIGH MAST LIGHT WITH SIX LED RECOMMENDED IN MY CONSTITUENCY NAGINA BY IMPLEMNETING AGENCY PCCD BIJNORE (PURANA DHAMPUR HUSAINPUR ME RAVIDASH MANDIR  KE PASS HIGH MAST LIGHT)","CHANDRA SHEKHAR","NAGINA(SC)","Images","07-Mar-2025","189869"
"416","Normal/Others","WS/MP18404/2024-2025/142589-Lighting of public spaces","Uttar Pradesh","BIJNOR(DISTRICT MAGISTRATE BIJNOR_IDA)","33.	HIGH MAST LIGHT WITH SIX LED RECOMMENDED IN MY CONSTITUENCY NAGINA BY IMPLEMNETING AGENCY PCCD BIJNORE (VILLAGE UMARPUR BANGAR ME PARVENDRA  KE GHAR KE PASS HIGH MAST LIGHT)","CHANDRA SHEKHAR","NAGINA(SC)","Images","20-Mar-2025","189869"
"417","Normal/Others","WS/MP18404/2024-2025/142598-Lighting of public spaces","Uttar Pradesh","BIJNOR(DISTRICT MAGISTRATE BIJNOR_IDA)","42.	HIGH MAST LIGHT WITH SIX LED RECOMMENDED IN MY CONSTITUENCY NAGINA BY IMPLEMNETING AGENCY PCCD BIJNORE (VILLAGE RAJPUR NAWADA ME RAVIDASH DHARMSHALA KE PASS HIGH MAST LIGHT)","CHANDRA SHEKHAR","NAGINA(SC)","Images","07-Mar-2025","189869"
"418","Normal/Others","WS/MP18404/2024-2025/142597-Lighting of public spaces","Uttar Pradesh","BIJNOR(DISTRICT MAGISTRATE BIJNOR_IDA)","41.	HIGH MAST LIGHT WITH SIX LED RECOMMENDED IN MY CONSTITUENCY NAGINA BY IMPLEMNETING AGENCY PCCD BIJNORE (VILLAGE MATORA MAN ME MADARSE KE PASS HIGH MAST LIGHT)","CHANDRA SHEKHAR","NAGINA(SC)","Images","07-Mar-2025","189869"
"419","Normal/Others","WS/MP18404/2024-2025/142596-Lighting of public spaces","Uttar Pradesh","BIJNOR(DISTRICT MAGISTRATE BIJNOR_IDA)","40.	HIGH MAST LIGHT WITH SIX LED RECOMMENDED IN MY CONSTITUENCY NAGINA BY IMPLEMNETING AGENCY PCCD BIJNORE (VILLAGE MATORAMAN ME RAVIDASH DHARMSHALA KE PASS HIGH MAST LIGHT)","CHANDRA SHEKHAR","NAGINA(SC)","Images","20-Mar-2025","189869"
"420","Normal/Others","WS/MP18404/2024-2025/142595-Lighting of public spaces","Uttar Pradesh","BIJNOR(DISTRICT MAGISTRATE BIJNOR_IDA)","39.	HIGH MAST LIGHT WITH SIX LED RECOMMENDED IN MY CONSTITUENCY NAGINA BY IMPLEMNETING AGENCY PCCD BIJNORE (VILLAGE KAGPUR ME DHARMSHALA KE PASS HIGH MAST LIGHT)","CHANDRA SHEKHAR","NAGINA(SC)","Images","21-Jan-2026","189869"
"421","Normal/Others","WS/MP18404/2024-2025/142594-Lighting of public spaces","Uttar Pradesh","BIJNOR(DISTRICT MAGISTRATE BIJNOR_IDA)","38.	HIGH MAST LIGHT WITH SIX LED RECOMMENDED IN MY CONSTITUENCY NAGINA BY IMPLEMNETING AGENCY PCCD BIJNORE (SHERKOT ME SALAM KE MAKAN  KE PASS HIGH MAST LIGHT)","CHANDRA SHEKHAR","NAGINA(SC)","Images","21-Jan-2026","189869"
"422","Normal/Others","WS/MP18404/2024-2025/142601-Lighting of public spaces","Uttar Pradesh","BIJNOR(DISTRICT MAGISTRATE BIJNOR_IDA)","45.	HIGH MAST LIGHT WITH SIX LED RECOMMENDED IN MY CONSTITUENCY NAGINA BY IMPLEMNETING AGENCY PCCD BIJNORE (VILLAGE BAKHARPUR ME DHARMSHALA KE PASS HIGH MAST LIGHT)","CHANDRA SHEKHAR","NAGINA(SC)","Images","18-Mar-2025","189869"
"423","Normal/Others","WS/MP18404/2024-2025/142600-Lighting of public spaces","Uttar Pradesh","BIJNOR(DISTRICT MAGISTRATE BIJNOR_IDA)","44.	HIGH MAST LIGHT WITH SIX LED RECOMMENDED IN MY CONSTITUENCY NAGINA BY IMPLEMNETING AGENCY PCCD BIJNORE (VILLAGE SARAI IMMA ME MASZID KE PASS HIGH MAST LIGHT))","CHANDRA SHEKHAR","NAGINA(SC)","Images","18-Mar-2025","189869"
"424","Normal/Others","WS/MP18404/2024-2025/142599-Lighting of public spaces","Uttar Pradesh","BIJNOR(DISTRICT MAGISTRATE BIJNOR_IDA)","43.	HIGH MAST LIGHT WITH SIX LED RECOMMENDED IN MY CONSTITUENCY NAGINA BY IMPLEMNETING AGENCY PCCD BIJNORE (VILLAGE SIKRODA ME RAVIDASH MANDIR KE PASS HIGH MAST LIGHT)","CHANDRA SHEKHAR","NAGINA(SC)","Images","18-Mar-2025","189869"
"425","Normal/Others","WS/MP18404/2024-2025/142607-Lighting of public spaces","Uttar Pradesh","BIJNOR(DISTRICT MAGISTRATE BIJNOR_IDA)","51.	HIGH MAST LIGHT WITH SIX LED RECOMMENDED IN MY CONSTITUENCY NAGINA BY IMPLEMNETING AGENCY PCCD BIJNORE (VILLAGE SADDO BAIR (MOHRA) ME BAIRKHA KUEIN KE PASS  HIGH MAST LIGHT)","CHANDRA SHEKHAR","NAGINA(SC)","Images","18-Mar-2025","189869"
"426","Normal/Others","WS/MP18404/2024-2025/142606-Lighting of public spaces","Uttar Pradesh","BIJNOR(DISTRICT MAGISTRATE BIJNOR_IDA)","50.	HIGH MAST LIGHT WITH SIX LED RECOMMENDED IN MY CONSTITUENCY NAGINA BY IMPLEMNETING AGENCY PCCD BIJNORE (VILLAGE MOHRA ME RAVIDASH DHARMSHALA KE PASS  HIGH MAST LIGHT)","CHANDRA SHEKHAR","NAGINA(SC)","Images","18-Mar-2025","189869"
"427","Normal/Others","WS/MP18404/2024-2025/142605-Lighting of public spaces","Uttar Pradesh","BIJNOR(DISTRICT MAGISTRATE BIJNOR_IDA)","49.	HIGH MAST LIGHT WITH SIX LED RECOMMENDED IN MY CONSTITUENCY NAGINA BY IMPLEMNETING AGENCY PCCD BIJNORE (NAGAR PANCHAYAT SAHANPUR ME MAIN CHORAHE PAR HIGH MAST LIGHT)","CHANDRA SHEKHAR","NAGINA(SC)","Images","18-Mar-2025","189869"
"428","Normal/Others","WS/MP18404/2024-2025/142604-Lighting of public spaces","Uttar Pradesh","BIJNOR(DISTRICT MAGISTRATE BIJNOR_IDA)","48.	HIGH MAST LIGHT WITH SIX LED RECOMMENDED IN MY CONSTITUENCY NAGINA BY IMPLEMNETING AGENCY PCCD BIJNORE (VILLAGE BHAGUWALA ABDULLAH JI KE GHAR KE PASS HIGH MAST LIGHT)","CHANDRA SHEKHAR","NAGINA(SC)","Images","21-Jan-2026","189869"
"429","Normal/Others","WS/MP18404/2024-2025/142603-Lighting of public spaces","Uttar Pradesh","BIJNOR(DISTRICT MAGISTRATE BIJNOR_IDA)","47.	HIGH MAST LIGHT WITH SIX LED RECOMMENDED IN MY CONSTITUENCY NAGINA BY IMPLEMNETING AGENCY PCCD BIJNORE (VILLAGE LAHAK HAJI SHAHJAD KE GHAR KE PASS HIGH MAST LIGHT)","CHANDRA SHEKHAR","NAGINA(SC)","Images","18-Mar-2025","189869"
"430","Normal/Others","WS/MP18217/2024-2025/136148-Construction of roads, link roads, pathways or any other road with or without drainage system","Uttar Pradesh","FIROZABAD(DISTRICT MAGISTRATE FIROZABAD_IDA)","developement work of interlocking road from parikrama marg to shrikumarpal house around 70 meters by 4 meters","AKSHAYA YADAV","FIROZABAD","Images","20-Mar-2025","783782"
"431","Normal/Others","WS/MP18404/2024-2025/142602-Lighting of public spaces","Uttar Pradesh","BIJNOR(DISTRICT MAGISTRATE BIJNOR_IDA)","46.	HIGH MAST LIGHT WITH SIX LED RECOMMENDED IN MY CONSTITUENCY NAGINA BY IMPLEMNETING AGENCY PCCD BIJNORE (VILLAGE SHYAMIVALA KHURSHID MANSURI KE GHAR KE PASS HIGH MAST LIGHT)","CHANDRA SHEKHAR","NAGINA(SC)","Images","18-Mar-2025","189869"
"432","Normal/Others","WS/MP18404/2024-2025/142608-Lighting of public spaces","Uttar Pradesh","BIJNOR(DISTRICT MAGISTRATE BIJNOR_IDA)","52.	HIGH MAST LIGHT WITH SIX LED RECOMMENDED IN MY CONSTITUENCY NAGINA BY IMPLEMNETING AGENCY PCCD BIJNORE (VILLAGE SADDO BAIR (MOHRA) ME LOVELY KE GHAR KE PASS  HIGH MAST LIGHT)","CHANDRA SHEKHAR","NAGINA(SC)","Images","18-Mar-2025","189869"
"433","Normal/Others","WS/MP18404/2024-2025/142609-Lighting of public spaces","Uttar Pradesh","BIJNOR(DISTRICT MAGISTRATE BIJNOR_IDA)","53.	HIGH MAST LIGHT WITH SIX LED RECOMMENDED IN MY CONSTITUENCY NAGINA BY IMPLEMNETING AGENCY PCCD BIJNORE (VILLAGE MATHURAPURMOR (BADIYA) ME MAIN HIGHWAY PAR HIGH MAST LIGHT)","CHANDRA SHEKHAR","NAGINA(SC)","Images","18-Mar-2025","189869"
"434","Normal/Others","WS/MP18404/2024-2025/142611-Lighting of public spaces","Uttar Pradesh","BIJNOR(DISTRICT MAGISTRATE BIJNOR_IDA)","56.	HIGH MAST LIGHT WITH SIX LED RECOMMENDED IN MY CONSTITUENCY NAGINA BY IMPLEMNETING AGENCY PCCD BIJNORE (VILLAGE BIRUWALA ME TAHARPUR GURUDWARA  KE BACK SIDE ME  HIGH MAST LIGHT)","CHANDRA SHEKHAR","NAGINA(SC)","Images","18-Mar-2025","189869"
"435","Normal/Others","WS/MP18404/2024-2025/142610-Lighting of public spaces","Uttar Pradesh","BIJNOR(DISTRICT MAGISTRATE BIJNOR_IDA)","54.	HIGH MAST LIGHT WITH SIX LED RECOMMENDED IN MY CONSTITUENCY NAGINA BY IMPLEMNETING AGENCY PCCD BIJNORE (VILLAGE CHANDANPUR ME MASZID KE PASS  HIGH MAST LIGHT)","CHANDRA SHEKHAR","NAGINA(SC)","Images","20-Mar-2025","189869"
"436","Normal/Others","WS/MP18404/2024-2025/142613-Lighting of public spaces","Uttar Pradesh","BIJNOR(DISTRICT MAGISTRATE BIJNOR_IDA)","58.	HIGH MAST LIGHT WITH SIX LED RECOMMENDED IN MY CONSTITUENCY NAGINA BY IMPLEMNETING AGENCY PCCD BIJNORE (VILLAGE BHOGPUR ME GURUDWARA CHORAHE KE PASS  HIGH MAST LIGHT)","CHANDRA SHEKHAR","NAGINA(SC)","Images","20-Mar-2025","189869"
"437","Normal/Others","WS/MP18404/2024-2025/142625-Lighting of public spaces","Uttar Pradesh","BIJNOR(DISTRICT MAGISTRATE BIJNOR_IDA)","70.	HIGH MAST LIGHT WITH SIX LED RECOMMENDED IN MY CONSTITUENCY NAGINA BY IMPLEMNETING AGENCY PCCD BIJNORE (VILLAGE MAHUA ME RAVIDASH DHARMSHALA KE PASS HIGH MAST LIGHT)","CHANDRA SHEKHAR","NAGINA(SC)","Images","20-Mar-2025","189869"
"438","Normal/Others","WS/MP18404/2024-2025/142626-Lighting of public spaces","Uttar Pradesh","BIJNOR(DISTRICT MAGISTRATE BIJNOR_IDA)","71.	HIGH MAST LIGHT WITH SIX LED RECOMMENDED IN MY CONSTITUENCY NAGINA BY IMPLEMNETING AGENCY PCCD BIJNORE (VILLAGE SAMIPUR ME KABRISTAN KE PASS  HIGH MAST LIGHT)","CHANDRA SHEKHAR","NAGINA(SC)","Images","20-Mar-2025","189869"
"439","Normal/Others","WS/MP18404/2024-2025/142627-Lighting of public spaces","Uttar Pradesh","BIJNOR(DISTRICT MAGISTRATE BIJNOR_IDA)","72.	HIGH MAST LIGHT WITH SIX LED RECOMMENDED IN MY CONSTITUENCY NAGINA BY IMPLEMNETING AGENCY PCCD BIJNORE (VILLAGE FATEHULLAPUR DURG ME MAIN CHORAHE PAR HIGH MAST LIGHT)","CHANDRA SHEKHAR","NAGINA(SC)","Images","20-Mar-2025","189869"
"440","Normal/Others","WS/MP18404/2024-2025/142628-Lighting of public spaces","Uttar Pradesh","BIJNOR(DISTRICT MAGISTRATE BIJNOR_IDA)","73.	HIGH MAST LIGHT WITH SIX LED RECOMMENDED IN MY CONSTITUENCY NAGINA BY IMPLEMNETING AGENCY PCCD BIJNORE (VILLAGE MUNGADPUR ME BIJENDRA SINGH KE GHAR KE PASS  HIGH MAST LIGHT)","CHANDRA SHEKHAR","NAGINA(SC)","Images","20-Mar-2025","189869"
"441","Normal/Others","WS/MP18404/2024-2025/142629-Lighting of public spaces","Uttar Pradesh","BIJNOR(DISTRICT MAGISTRATE BIJNOR_IDA)","74.	HIGH MAST LIGHT WITH SIX LED RECOMMENDED IN MY CONSTITUENCY NAGINA BY IMPLEMNETING AGENCY PCCD BIJNORE (VILLAGE MANDORI ME DHARMSHALA KE PASS  HIGH MAST LIGHT)","CHANDRA SHEKHAR","NAGINA(SC)","Images","20-Mar-2025","189869"
"442","Normal/Others","WS/MP18404/2024-2025/142617-Lighting of public spaces","Uttar Pradesh","BIJNOR(DISTRICT MAGISTRATE BIJNOR_IDA)","62.	HIGH MAST LIGHT WITH SIX LED RECOMMENDED IN MY CONSTITUENCY NAGINA BY IMPLEMNETING AGENCY PCCD BIJNORE (VILLAGE SUGARPUR BAHERA ME RAVIDASH DHARMSHALA KE PASS  HIGH MAST LIGHT)","CHANDRA SHEKHAR","NAGINA(SC)","Images","20-Mar-2025","189869"
"443","Normal/Others","WS/MP18217/2024-2025/136145-Construction of roads, link roads, pathways or any other road with or without drainage system","Uttar Pradesh","FIROZABAD(DISTRICT MAGISTRATE FIROZABAD_IDA)","developement of inerlocking road from dabur road to village side 500 meters by 3.5 meters","AKSHAYA YADAV","FIROZABAD","Images","20-Mar-2025","4296367"
"444","Normal/Others","WS/MP18404/2024-2025/142618-Lighting of public spaces","Uttar Pradesh","BIJNOR(DISTRICT MAGISTRATE BIJNOR_IDA)","63.	HIGH MAST LIGHT WITH SIX LED RECOMMENDED IN MY CONSTITUENCY NAGINA BY IMPLEMNETING AGENCY PCCD BIJNORE (VILLAGE SADULLAPUR TISOTRA ME AMBEDKAR MURTI KE PASS  HIGH MAST LIGHT)","CHANDRA SHEKHAR","NAGINA(SC)","Images","20-Mar-2025","189869"
"445","Normal/Others","WS/MP18404/2024-2025/142612-Lighting of public spaces","Uttar Pradesh","BIJNOR(DISTRICT MAGISTRATE BIJNOR_IDA)","57.	HIGH MAST LIGHT WITH SIX LED RECOMMENDED IN MY CONSTITUENCY NAGINA BY IMPLEMNETING AGENCY PCCD BIJNORE (VILLAGE TAHARPUR (BIRUWALA)  TAHARPUR GURUDWARA KE FRONT SIDE ME PASS  HIGH MAST LIGHT)","CHANDRA SHEKHAR","NAGINA(SC)","Images","20-Mar-2025","189869"
"446","Normal/Others","WS/MP18217/2024-2025/136143-Construction of roads, link roads, pathways or any other road with or without drainage system","Uttar Pradesh","FIROZABAD(DISTRICT MAGISTRATE FIROZABAD_IDA)","develovement of cc road in nagla chheeta  from house of ajab singh to maan singh 215 meters","AKSHAYA YADAV","FIROZABAD","Images","20-Mar-2025","1723797"
"447","Normal/Others","WS/MP18404/2024-2025/142619-Lighting of public spaces","Uttar Pradesh","BIJNOR(DISTRICT MAGISTRATE BIJNOR_IDA)","64.	HIGH MAST LIGHT WITH SIX LED RECOMMENDED IN MY CONSTITUENCY NAGINA BY IMPLEMNETING AGENCY PCCD BIJNORE (VILLAGE SHAHJAHAPUR JASRATH ME RAVIDASH DHARMSHALA KE PASS  HIGH MAST LIGHT)","CHANDRA SHEKHAR","NAGINA(SC)","Images","20-Mar-2025","189869"
"448","Normal/Others","WS/MP18217/2024-2025/136147-Construction of roads, link roads, pathways or any other road with or without drainage system","Uttar Pradesh","FIROZABAD(DISTRICT MAGISTRATE FIROZABAD_IDA)","developement of interlocking road from bholebaba tample to rajender prasdhad house 110 meters  by 4 meters","AKSHAYA YADAV","FIROZABAD","N/A","19-Jan-2026","1307559"
"449","Normal/Others","WS/MP18404/2024-2025/142622-Lighting of public spaces","Uttar Pradesh","BIJNOR(DISTRICT MAGISTRATE BIJNOR_IDA)","67.	HIGH MAST LIGHT WITH SIX LED RECOMMENDED IN MY CONSTITUENCY NAGINA BY IMPLEMNETING AGENCY PCCD BIJNORE (VILLAGE ALIPUR DWARIKA ME RAVIDASH DHARMSHALA KE PASS  HIGH MAST LIGHT)","CHANDRA SHEKHAR","NAGINA(SC)","Images","20-Mar-2025","189869"
"450","Normal/Others","WS/MP18404/2024-2025/142621-Lighting of public spaces","Uttar Pradesh","BIJNOR(DISTRICT MAGISTRATE BIJNOR_IDA)","66.	HIGH MAST LIGHT WITH SIX LED RECOMMENDED IN MY CONSTITUENCY NAGINA BY IMPLEMNETING AGENCY PCCD BIJNORE (VILLAGE RAJPUR NAWADA ME DHARMSHALA PASS  HIGH MAST LIGHT)","CHANDRA SHEKHAR","NAGINA(SC)","Images","20-Mar-2025","189869"
"451","Normal/Others","WS/MP18217/2024-2025/136146-Construction of roads, link roads, pathways or any other road with or without drainage system","Uttar Pradesh","FIROZABAD(DISTRICT MAGISTRATE FIROZABAD_IDA)","developement work of interlocking road and drainage  in nagla gange from balvir yadav house 80 meter road and 100 meter drainage","AKSHAYA YADAV","FIROZABAD","Images","20-Mar-2025","1188741"
"452","Normal/Others","WS/MP18404/2024-2025/142620-Lighting of public spaces","Uttar Pradesh","BIJNOR(DISTRICT MAGISTRATE BIJNOR_IDA)","65.	HIGH MAST LIGHT WITH SIX LED RECOMMENDED IN MY CONSTITUENCY NAGINA BY IMPLEMNETING AGENCY PCCD BIJNORE (VILLAGE MAHUA ME MASZID KE PASS HIGH MAST LIGHT)","CHANDRA SHEKHAR","NAGINA(SC)","Images","20-Mar-2025","189869"
"453","Normal/Others","WS/MP18404/2024-2025/142642-Lighting of public spaces","Uttar Pradesh","BIJNOR(DISTRICT MAGISTRATE BIJNOR_IDA)","88.	HIGH MAST LIGHT WITH SIX LED RECOMMENDED IN MY CONSTITUENCY NAGINA BY IMPLEMNETING AGENCY PCCD BIJNORE (VILLAGE AKBARABAD ME MADARSE KE PASS  HIGH MAST LIGHT)","CHANDRA SHEKHAR","NAGINA(SC)","Images","28-Apr-2025","189869"
"454","Normal/Others","WS/MP18404/2024-2025/142643-Lighting of public spaces","Uttar Pradesh","BIJNOR(DISTRICT MAGISTRATE BIJNOR_IDA)","89.	HIGH MAST LIGHT WITH SIX LED RECOMMENDED IN MY CONSTITUENCY NAGINA BY IMPLEMNETING AGENCY PCCD BIJNORE (VILLAGE BHANEDA ME RAVIDASH MANDIR KE PASS HIGH MAST LIGHT)","CHANDRA SHEKHAR","NAGINA(SC)","Images","20-Mar-2025","189869"
"455","Normal/Others","WS/MP18404/2024-2025/142644-Lighting of public spaces","Uttar Pradesh","BIJNOR(DISTRICT MAGISTRATE BIJNOR_IDA)","90.	HIGH MAST LIGHT WITH SIX LED RECOMMENDED IN MY CONSTITUENCY NAGINA BY IMPLEMNETING AGENCY PCCD BIJNORE (VILLAGE BHANEDA ME AMBEDKAR DHARMSHALA KE PASS HIGH MAST LIGHT)","CHANDRA SHEKHAR","NAGINA(SC)","Images","20-Mar-2025","189869"
"456","Normal/Others","WS/MP18404/2024-2025/142638-Lighting of public spaces","Uttar Pradesh","BIJNOR(DISTRICT MAGISTRATE BIJNOR_IDA)","83.	HIGH MAST LIGHT WITH SIX LED RECOMMENDED IN MY CONSTITUENCY NAGINA BY IMPLEMNETING AGENCY PCCD BIJNORE (SEOHARA ME MAIN CHORAHE PAR HIGH MAST LIGHT)","CHANDRA SHEKHAR","NAGINA(SC)","Images","21-Jan-2026","189869"
"457","Normal/Others","WS/MP18217/2024-2025/136144-Construction of roads, link roads, pathways or any other road with or without drainage system","Uttar Pradesh","FIROZABAD(DISTRICT MAGISTRATE FIROZABAD_IDA)","developement of 100 meter interloking road from sampark marg to ttsp plot of udaiveer and developement of drainage system from sampark marg bridge to primary school around 250 meters .","AKSHAYA YADAV","FIROZABAD","Images","20-Mar-2025","1698459"
"458","Normal/Others","WS/MP18404/2024-2025/142639-Lighting of public spaces","Uttar Pradesh","BIJNOR(DISTRICT MAGISTRATE BIJNOR_IDA)","84.	HIGH MAST LIGHT WITH SIX LED RECOMMENDED IN MY CONSTITUENCY NAGINA BY IMPLEMNETING AGENCY PCCD BIJNORE (SEOHARA ME KURI HOUSE KE PASS HIGH MAST LIGHT)","CHANDRA SHEKHAR","NAGINA(SC)","Images","21-Jan-2026","189869"
"459","Normal/Others","WS/MP18404/2024-2025/142640-Lighting of public spaces","Uttar Pradesh","BIJNOR(DISTRICT MAGISTRATE BIJNOR_IDA)","85.	HIGH MAST LIGHT WITH SIX LED RECOMMENDED IN MY CONSTITUENCY NAGINA BY IMPLEMNETING AGENCY PCCD BIJNORE (VILLAGE KADRABADKHURD ME DHARMSHALA KE PASS  HIGH MAST LIGHT)","CHANDRA SHEKHAR","NAGINA(SC)","Images","20-Mar-2025","189869"
"460","Normal/Others","WS/MP18404/2024-2025/142641-Lighting of public spaces","Uttar Pradesh","BIJNOR(DISTRICT MAGISTRATE BIJNOR_IDA)","86.	HIGH MAST LIGHT WITH SIX LED RECOMMENDED IN MY CONSTITUENCY NAGINA BY IMPLEMNETING AGENCY PCCD BIJNORE (DHAMPUR ME DHAMPUR FIRE STATION KE PASS HIGH MAST LIGHT)","CHANDRA SHEKHAR","NAGINA(SC)","Images","21-Jan-2026","189869"
"461","Normal/Others","WS/MP18404/2024-2025/142624-Lighting of public spaces","Uttar Pradesh","BIJNOR(DISTRICT MAGISTRATE BIJNOR_IDA)","69.	HIGH MAST LIGHT WITH SIX LED RECOMMENDED IN MY CONSTITUENCY NAGINA BY IMPLEMNETING AGENCY PCCD BIJNORE (VILLAGE NANGLA PITHORA  ME RAVIDASH DHARMSHALA KE PASS  HIGH MAST LIGHT)","CHANDRA SHEKHAR","NAGINA(SC)","Images","20-Mar-2025","189869"
"462","Normal/Others","WS/MP18404/2024-2025/142623-Lighting of public spaces","Uttar Pradesh","BIJNOR(DISTRICT MAGISTRATE BIJNOR_IDA)","68.	HIGH MAST LIGHT WITH SIX LED RECOMMENDED IN MY CONSTITUENCY NAGINA BY IMPLEMNETING AGENCY PCCD BIJNORE (VILLAGE PREMPURI ME AMBEDKAR PARK ME  HIGH MAST LIGHT)","CHANDRA SHEKHAR","NAGINA(SC)","Images","20-Mar-2025","189869"
"463","Normal/Others","WS/MP18404/2024-2025/142630-Lighting of public spaces","Uttar Pradesh","BIJNOR(DISTRICT MAGISTRATE BIJNOR_IDA)","76.	HIGH MAST LIGHT WITH SIX LED RECOMMENDED IN MY CONSTITUENCY NAGINA BY IMPLEMNETING AGENCY PCCD BIJNORE (VILLAGE SHERNAGAR NARAINI ME DHARMSHALA KE PASS  HIGH MAST LIGHT)","CHANDRA SHEKHAR","NAGINA(SC)","Images","20-Mar-2025","189869"
"464","Normal/Others","WS/MP18404/2024-2025/142636-Lighting of public spaces","Uttar Pradesh","BIJNOR(DISTRICT MAGISTRATE BIJNOR_IDA)","82.	HIGH MAST LIGHT WITH SIX LED RECOMMENDED IN MY CONSTITUENCY NAGINA BY IMPLEMNETING AGENCY PCCD BIJNORE (VILLAGE ASIFABAD BHAWAN URF GAWDI ME MADARSE KE PASS  HIGH MAST LIGHT)","CHANDRA SHEKHAR","NAGINA(SC)","Images","20-Mar-2025","189869"
"465","Normal/Others","WS/MP18404/2024-2025/142631-Lighting of public spaces","Uttar Pradesh","BIJNOR(DISTRICT MAGISTRATE BIJNOR_IDA)","77.	HIGH MAST LIGHT WITH SIX LED RECOMMENDED IN MY CONSTITUENCY NAGINA BY IMPLEMNETING AGENCY PCCD BIJNORE (VILLAGE SARKADA CHAKRAJMAL ME RAVIDASH DHARMSHALA KE PASS  HIGH MAST LIGHT)","CHANDRA SHEKHAR","NAGINA(SC)","Images","20-Mar-2025","189869"
"466","Normal/Others","WS/MP18404/2024-2025/142635-Lighting of public spaces","Uttar Pradesh","BIJNOR(DISTRICT MAGISTRATE BIJNOR_IDA)","81.	HIGH MAST LIGHT WITH SIX LED RECOMMENDED IN MY CONSTITUENCY NAGINA BY IMPLEMNETING AGENCY PCCD BIJNORE (VILLAGE ASIFABAD BHAWAN URF GAWDI ME RAVIDASH DHARMSHALA KE PASS  HIGH MAST LIGHT)","CHANDRA SHEKHAR","NAGINA(SC)","Images","20-Mar-2025","189869"
"467","Normal/Others","WS/MP18404/2024-2025/142634-Lighting of public spaces","Uttar Pradesh","BIJNOR(DISTRICT MAGISTRATE BIJNOR_IDA)","80.	HIGH MAST LIGHT WITH SIX LED RECOMMENDED IN MY CONSTITUENCY NAGINA BY IMPLEMNETING AGENCY PCCD BIJNORE (VILLAGE HAFIZABAD ME MADARSE KE PASS  HIGH MAST LIGHT)","CHANDRA SHEKHAR","NAGINA(SC)","Images","20-Mar-2025","189869"
"468","Normal/Others","WS/MP18404/2024-2025/142632-Lighting of public spaces","Uttar Pradesh","BIJNOR(DISTRICT MAGISTRATE BIJNOR_IDA)","78.	HIGH MAST LIGHT WITH SIX LED RECOMMENDED IN MY CONSTITUENCY NAGINA BY IMPLEMNETING AGENCY PCCD BIJNORE (VILLAGE JALPUR ME MAIN CHORAHE PAR  HIGH MAST LIGHT)","CHANDRA SHEKHAR","NAGINA(SC)","Images","20-Mar-2025","189869"
"469","Normal/Others","WS/MP18404/2024-2025/142633-Lighting of public spaces","Uttar Pradesh","BIJNOR(DISTRICT MAGISTRATE BIJNOR_IDA)","79.	HIGH MAST LIGHT WITH SIX LED RECOMMENDED IN MY CONSTITUENCY NAGINA BY IMPLEMNETING AGENCY PCCD BIJNORE (VILLAGE MIRZAAPUR PALLAVALA ME MAIN CHORAHE PAR  HIGH MAST LIGHT)","CHANDRA SHEKHAR","NAGINA(SC)","Images","20-Mar-2025","189869"
"470","Normal/Others","WS/MP761/2024-2025/150762-Construction of community centers and community halls","Telangana","NIZAMABAD(DISTRICT COLLECTOR NIZAMABAD_IDA)","Construction of Community hall in Munnurukapu Kindiwadakattu wada at Lolam(V) of Indalwai","Arvind Dharmapuri","NIZAMABAD","N/A","08-Nov-2024","300000"
"471","Normal/Others","WS/MP761/2024-2025/151474-Construction of common work sheds/ common covered sitting area","Telangana","NIZAMABAD(DISTRICT COLLECTOR NIZAMABAD_IDA)","Construction of Artisan Shed near Mestri Narsaiah House at Div 15","Arvind Dharmapuri","NIZAMABAD","N/A","08-Nov-2024","494999"
"472","Normal/Others","WS/MP761/2024-2025/150988-Construction of roads, link roads, pathways or any other road with or without drainage system","Telangana","NIZAMABAD(DISTRICT COLLECTOR NIZAMABAD_IDA)","Laying of CC roadfrom Gouda Sangham to Panchayath Raj Colony","Arvind Dharmapuri","NIZAMABAD","N/A","08-Nov-2024","376288"
"473","Normal/Others","WS/MP761/2024-2025/150990-Construction of common work sheds/ common covered sitting area","Telangana","NIZAMABAD(DISTRICT COLLECTOR NIZAMABAD_IDA)","Construction of Artisan Shed near Panchamukhi Lingeshwara Mandir at Sirpur(v)","Arvind Dharmapuri","NIZAMABAD","N/A","08-Nov-2024","300000"
"474","Normal/Others","WS/MP18278/2024-2025/134661-Construction of boundary walls of existing public and community buildings","Chhattisgarh","SAKTI(COLLECTOR SAKTI_IDA)","Gram-kanchanpur me sarvajanik samudaik bhavan (patel mohalla me)Ahata nirmaran","KAMLESH JANGDE","JANJGIR CHAMPA(SC)","Images","19-Feb-2025","500000"
"475","Normal/Others","WS/MP18278/2024-2025/141792-Construction of roads, link roads, pathways or any other road with or without drainage system","Chhattisgarh","SAKTI(COLLECTOR SAKTI_IDA)","GRAM RAIPURA ME C.C. ROAD NIRMARAN(MEN ROAD SE PULL KI ORE)","KAMLESH JANGDE","JANJGIR CHAMPA(SC)","Images","17-Dec-2024","800000"
"476","Normal/Others","WS/MP761/2024-2025/146655-Improvement of electricity distribution infrastructure","Telangana","Jagitial(DISTRICT COLLECTOR JAGTIAL_IDA)","Improvement of Electricity distribution infrastructure and sanction of 24Watt X 4 Arm LED Junction street lights at Y junction","Arvind Dharmapuri","NIZAMABAD","N/A","19-Aug-2025","264390"
"477","Normal/Others","WS/MP18278/2024-2025/142722-Street lights","Chhattisgarh","SAKTI(COLLECTOR SAKTI_IDA)","GRAM PANCHAYAT NANDELI ME STREET LIGHTS","KAMLESH JANGDE","JANJGIR CHAMPA(SC)","Images","20-Dec-2024","500000"
"478","Normal/Others","WS/MP18278/2024-2025/142728-Street lights","Chhattisgarh","SAKTI(COLLECTOR SAKTI_IDA)","GRAM PANCHAYAT SENDURAS ME (STREET LIGHTS)","KAMLESH JANGDE","JANJGIR CHAMPA(SC)","Images","20-Dec-2024","1296216"
"479","Normal/Others","WS/MP517/2024-2025/140104-Lighting of public spaces","Uttar Pradesh","AGRA(DISTRICT MAGISTRAE AGRA_IDA)","1- Pl see my letter no 7897 dated 27-8-2024 me prastavit high mast light install as sr no 1,2,3,4,6,7,19,22,24,31","Rajkumar Chahar","FATEHPUR SIKRI","N/A","23-Jun-2025","2489504"
"480","Normal/Others","WS/MP761/2024-2025/149052-Construction of community centers and community halls","Telangana","NIZAMABAD(DISTRICT COLLECTOR NIZAMABAD_IDA)","Construction of community hall near ZPHS Thimmapur","Arvind Dharmapuri","NIZAMABAD","N/A","08-Nov-2024","400000"
"481","Normal/Others","WS/MP18217/2024-2025/136860-Construction of roads, link roads, pathways or any other road with or without drainage system","Uttar Pradesh","FIROZABAD(DISTRICT MAGISTRATE FIROZABAD_IDA)","developement of interlocking road from jagdish (khet) to ramveer yadav ki thar length 330 meter","AKSHAYA YADAV","FIROZABAD","Images","20-Mar-2025","2598311"
"482","Normal/Others","WS/MP18217/2024-2025/136866-Construction of roads, link roads, pathways or any other road with or without drainage system","Uttar Pradesh","FIROZABAD(DISTRICT MAGISTRATE FIROZABAD_IDA)","developement of interlocking road from  ramniwas house to dayaveer house  length 240 meter by 3 meter","AKSHAYA YADAV","FIROZABAD","Images","20-Mar-2025","1898082"
"483","Normal/Others","WS/MP18217/2024-2025/136864-Construction of roads, link roads, pathways or any other road with or without drainage system","Uttar Pradesh","FIROZABAD(DISTRICT MAGISTRATE FIROZABAD_IDA)","cc road developement to be done in ward number 56 urdu nagar from alim baba house to zulfkar house length 100 meter by 3 meter *(ward number 56 not showing in list )","AKSHAYA YADAV","FIROZABAD","Images","20-Mar-2025","998617"
"484","Normal/Others","WS/MP517/2024-2025/140105-Lighting of public spaces","Uttar Pradesh","AGRA(DISTRICT MAGISTRAE AGRA_IDA)","2- Pl see my letter no 7897 dated 27-8-2024 me prastavit high mast light install in block Pinahat as par sr no 32,33,34,38,39,43,46,47,","Rajkumar Chahar","FATEHPUR SIKRI","N/A","23-Jun-2025","1991603"
"485","Normal/Others","WS/MP18217/2024-2025/136861-Construction of roads, link roads, pathways or any other road with or without drainage system","Uttar Pradesh","FIROZABAD(DISTRICT MAGISTRATE FIROZABAD_IDA)","interlocking road developement from ramniwas house to chanderpal house lenght 250 meter by 4.5 meter","AKSHAYA YADAV","FIROZABAD","Images","20-Mar-2025","2398489"
"486","Normal/Others","WS/MP517/2024-2025/140106-Lighting of public spaces","Uttar Pradesh","AGRA(DISTRICT MAGISTRAE AGRA_IDA)","2- Pl see my letter no 7897 dated 27-8-2024 me prastavit high mast light install in block Pinahat as par sr no 5,8,9,10,11,12,18,20,21,23","Rajkumar Chahar","FATEHPUR SIKRI","N/A","23-Jun-2025","2489504"
"487","Normal/Others","WS/MP517/2024-2025/140107-Lighting of public spaces","Uttar Pradesh","AGRA(DISTRICT MAGISTRAE AGRA_IDA)","4- Pl see my letter no 7897 dated 27-8-2024 me prastavit high mast light install in block Pinahat as par sr no 26,28,30,40,41,42,44,45,48,49","Rajkumar Chahar","FATEHPUR SIKRI","N/A","23-Jun-2025","2489258"
"488","Normal/Others","WS/MP517/2024-2025/140108-Lighting of public spaces","Uttar Pradesh","AGRA(DISTRICT MAGISTRAE AGRA_IDA)","2- Pl see my letter no 7897 dated 27-8-2024 me prastavit high mast light install in block Pinahat as par sr no 13,14,15,16,17,25,27,29,35,36","Rajkumar Chahar","FATEHPUR SIKRI","N/A","23-Jun-2025","2489258"
"489","Normal/Others","WS/MP517/2024-2025/140109-Lighting of public spaces","Uttar Pradesh","AGRA(DISTRICT MAGISTRAE AGRA_IDA)","2- Pl see my letter no 7897 dated 27-8-2024 me prastavit high mast light install in block Pinahat as par sr no 37,50","Rajkumar Chahar","FATEHPUR SIKRI","N/A","23-Jun-2025","497798"
"490","Normal/Others","WS/MP18391/2024-2025/140309-Construction of roads, link roads, pathways or any other road with or without drainage system","Nagaland","DIMAPUR(DEPUTY COMMISSIONER DIMAPUR_IDA)","soiling metalling of approach road","S SUPONGMEREN JAMIR","NAGALAND","N/A","14-Dec-2024","4500000"
"491","Normal/Others","WS/MP18391/2024-2025/140323-Creation of new ponds","Nagaland","Chumoukedima(Deputy Commissioner Chumoukedima_IDA)","Construction of fishery pond","S SUPONGMEREN JAMIR","NAGALAND","Images","19-Feb-2025","1700000"
"492","Normal/Others","WS/MP18391/2024-2025/140318-Creation of new ponds","Nagaland","Chumoukedima(Deputy Commissioner Chumoukedima_IDA)","Construction of fishery pond","S SUPONGMEREN JAMIR","NAGALAND","Images","19-Feb-2025","1000000"
"493","Normal/Others","WS/MP18391/2024-2025/140300-Construction of footpaths and pedestrian ways","Nagaland","Chumoukedima(Deputy Commissioner Chumoukedima_IDA)","Construction of foot steps","S SUPONGMEREN JAMIR","NAGALAND","Images","02-Dec-2024","200000"
"494","Normal/Others","WS/	 MP443/2024-2025/138724-Construction of common work sheds/ common covered sitting area","Madhya Pradesh","RAJGARH(DISTRICT COLLECTOR RAJGARH_IDA)","General workshed (40×30feet)","Rodmal Nagar","RAJGARH","Images","23-Feb-2026","1386077"
"495","Normal/Others","WS/	 MP443/2024-2025/138725-Construction of common work sheds/ common covered sitting area","Madhya Pradesh","RAJGARH(DISTRICT COLLECTOR RAJGARH_IDA)","General workshed with toilets full brick work (40×30feet)","Rodmal Nagar","RAJGARH","Images","23-Feb-2026","2258637"
"496","Normal/Others","WS/	 MP443/2024-2025/138722-Construction of common work sheds/ common covered sitting area","Madhya Pradesh","RAJGARH(DISTRICT COLLECTOR RAJGARH_IDA)","General workshed with toilets (40×30feet)","Rodmal Nagar","RAJGARH","Images","23-Feb-2026","1400153"
"497","Normal/Others","WS/	 MP443/2024-2025/138723-Construction of common work sheds/ common covered sitting area","Madhya Pradesh","RAJGARH(DISTRICT COLLECTOR RAJGARH_IDA)","General workshed with toilets full brick work (40×30feet)","Rodmal Nagar","RAJGARH","Images","23-Feb-2026","2258932"
"498","Normal/Others","WS/MP18217/2024-2025/136142-Construction of roads, link roads, pathways or any other road with or without drainage system","Uttar Pradesh","FIROZABAD(DISTRICT MAGISTRATE FIROZABAD_IDA)","constuction of cc road  in nagla vishnu from balakram house to maharaj singh house around 250 meters and drainage system of 300 meters","AKSHAYA YADAV","FIROZABAD","Images","20-Mar-2025","2748610"
"499","Normal/Others","WS/MP18217/2024-2025/136856-Construction of roads, link roads, pathways or any other road with or without drainage system","Uttar Pradesh","FIROZABAD(DISTRICT MAGISTRATE FIROZABAD_IDA)","developement work of interlocking road and drainage system nagla inchi from ajaypal house to rakesh house 275 meter by 4 meter and drainage 550 meter","AKSHAYA YADAV","FIROZABAD","Images","20-Mar-2025","3947127"
"500","Normal/Others","WS/MP18217/2024-2025/136857-Construction of roads, link roads, pathways or any other road with or without drainage system","Uttar Pradesh","FIROZABAD(DISTRICT MAGISTRATE FIROZABAD_IDA)","developement of interlocking and drainage system from kishanpal house to jagdish yadav plot length 400 meter by 4 meter","AKSHAYA YADAV","FIROZABAD","Images","20-Mar-2025","3148552"
"501","Normal/Others","WS/MP18217/2024-2025/136858-Construction of roads, link roads, pathways or any other road with or without drainage system","Uttar Pradesh","FIROZABAD(DISTRICT MAGISTRATE FIROZABAD_IDA)","development of interlocking road from veeresh house  to rambabu house length 90 meter by 3.5 meter","AKSHAYA YADAV","FIROZABAD","Images","20-Mar-2025","698994"
"502","Normal/Others","WS/MP18217/2024-2025/136865-Construction of roads, link roads, pathways or any other road with or without drainage system","Uttar Pradesh","FIROZABAD(DISTRICT MAGISTRATE FIROZABAD_IDA)","cc road developement work in ward number 58 habibganj from ziaul haji house to kadir haji house length 90 meter by 3 meter * ( ward number 58 not showing in list )","AKSHAYA YADAV","FIROZABAD","Images","20-Mar-2025","898946"
"503","Normal/Others","WS/MP18217/2024-2025/136863-Construction of roads, link roads, pathways or any other road with or without drainage system","Uttar Pradesh","FIROZABAD(DISTRICT MAGISTRATE FIROZABAD_IDA)","cc road developement work to be done in ward no 60 macca colony from babu bhai house to afsar bhai house length 120 meter by 3 meter *(ward number 60 not showing in list )","AKSHAYA YADAV","FIROZABAD","Images","20-Mar-2025","1198790"
"504","Normal/Others","WS/MP18217/2024-2025/136141-Construction of roads, link roads, pathways or any other road with or without drainage system","Uttar Pradesh","FIROZABAD(DISTRICT MAGISTRATE FIROZABAD_IDA)","construction of road from mata temple to house of mr motilal around 300 meters by 4 meter and drainage system of 600 meters","AKSHAYA YADAV","FIROZABAD","Images","20-Mar-2025","4762760"
"505","Normal/Others","WS/MP18217/2024-2025/136859-Construction of roads, link roads, pathways or any other road with or without drainage system","Uttar Pradesh","FIROZABAD(DISTRICT MAGISTRATE FIROZABAD_IDA)","developement of interlocking road and drainage system from rajesh kumar valmaki house to thakurji temple length 220 meter by 4 meter","AKSHAYA YADAV","FIROZABAD","Images","20-Mar-2025","2497235"
"506","Normal/Others","WS/MP18217/2024-2025/136862-Construction of roads, link roads, pathways or any other road with or without drainage system","Uttar Pradesh","FIROZABAD(DISTRICT MAGISTRATE FIROZABAD_IDA)","cc road work to be done in ward 64 mohalla husani from masjid husani to jishan bhai pani wale house tak length 50 meter by 4 meter   *(in ward list  it is not showing  ward number above ward 37 )","AKSHAYA YADAV","FIROZABAD","Images","20-Mar-2025","548869"
"507","Normal/Others","WS/MP761/2024-2025/146612-Construction of boundary walls of existing public and community buildings","Telangana","NIZAMABAD(DISTRICT COLLECTOR NIZAMABAD_IDA)","Construction of Compound wall to existing community hall in Padmashali wada","Arvind Dharmapuri","NIZAMABAD","N/A","16-Nov-2024","395916"
"508","Normal/Others","WS/MP761/2024-2025/148991-Construction of public libraries and reading rooms","Telangana","NIZAMABAD(DISTRICT COLLECTOR NIZAMABAD_IDA)","Construction of Library Building","Arvind Dharmapuri","NIZAMABAD","N/A","11-Nov-2024","298749"
"509","Normal/Others","WS/MP18278/2024-2025/141796-Construction of roads, link roads, pathways or any other road with or without drainage system","Chhattisgarh","SAKTI(COLLECTOR SAKTI_IDA)","GRAM GALGALADIH ME C.C. ROAD NIRMARAN((MUKHYA BASTI ME C.C. ROAD)","KAMLESH JANGDE","JANJGIR CHAMPA(SC)","Images","02-Dec-2024","800000"
"510","Normal/Others","WS/MP18278/2024-2025/141791-Construction of roads, link roads, pathways or any other road with or without drainage system","Chhattisgarh","SAKTI(COLLECTOR SAKTI_IDA)","GRAM BHOTHIYA ME C.C. ROAD NIRMARAN(KANCHANPUR MOHALLA ME C.C. ROAD NIRMARAN)","KAMLESH JANGDE","JANJGIR CHAMPA(SC)","Images","20-Dec-2024","800000"
"511","Normal/Others","WS/MP18278/2024-2025/141794-Construction of roads, link roads, pathways or any other road with or without drainage system","Chhattisgarh","SAKTI(COLLECTOR SAKTI_IDA)","GRAM GUCHKULIYA ME C.C. ROAD NIRMARAN(SONU GHAR SE SAGAR GHAR KI ORE)","KAMLESH JANGDE","JANJGIR CHAMPA(SC)","Images","02-Dec-2024","800000"
"512","Normal/Others","WS/MP18152/2024-2025/141193-Installation of fixed garden gym equipment","Punjab","FARIDKOT(DEPUTY COMMISSIONER FARIDKOT_IDA)","Installation of fixed garden gym equipment","SARABJEET SINGH KHALSA","FARIDKOT(SC)","N/A","07-Apr-2025","300000"
"513","Normal/Others","WS/MP347/2024-2025/140252-Purchase of IT systems, including hardware and software for educational purposes","Kerala","KOLLAM(DISTRICT COLLECTOR KOLLAM_IDA)","Provide Laptop to Govt.UPS,Nedumoncavu in Kareepra Grama Panchayath","Shri Suresh Kodikunnil","MAVELIKKARA(SC)","Images","11-Nov-2024","211242"
"514","Normal/Others","WS/MP18391/2024-2025/140324-Construction of shelters for animals","Nagaland","Chumoukedima(Deputy Commissioner Chumoukedima_IDA)","Rearing of life stock","S SUPONGMEREN JAMIR","NAGALAND","Images","13-Mar-2025","2200000"
"515","Normal/Others","WS/MP18278/2024-2025/142727-Construction of roads, link roads, pathways or any other road with or without drainage system","Chhattisgarh","SAKTI(COLLECTOR SAKTI_IDA)","GRAM PANCHAYAT DODAKI ME C.C. ROAD NIRMARAN(MEN ROAD SE MAHADEV SATNAMI GHAR KI ORE)","KAMLESH JANGDE","JANJGIR CHAMPA(SC)","Images","09-Jan-2025","1000000"
"516","Normal/Others","WS/MP761/2024-2025/150759-Construction of community centers and community halls","Telangana","NIZAMABAD(DISTRICT COLLECTOR NIZAMABAD_IDA)","Construction of Compound wall to Community hall near Munnurukapu wada at Dharpally (V) & (M)","Arvind Dharmapuri","NIZAMABAD","N/A","11-Nov-2024","400000"
"517","Normal/Others","WS/MP429/2024-2025/144853-Construction of buildings for community cultural activities","Chhattisgarh","KORBA(Collector-Korba)","Construction of Manch at Gram Panchayat - Baigapali, Vikas Khand - Kartala","Jyotsna Charandas Mahant","KORBA","Images","23-May-2025","400000"
"518","Normal/Others","WS/MP423/2024-2025/133966-Construction of rainwater harvesting structures","Bihar","MADHUBANI(DISTRICT PLANNING OFFICER MADHUBANI_IDA)","Rajkitkrit +2 Uchh vidyalay Lauthwa block basopatti  men 2 set lab upkaran ka kray evam adhisthapan karya","Ramprit Mandal","JHANJHARPUR","N/A","12-Nov-2024","1096000"
"519","Normal/Others","WS/MP423/2024-2025/133965-Construction of rainwater harvesting structures","Bihar","MADHUBANI(DISTRICT PLANNING OFFICER MADHUBANI_IDA)","U.U.M. School Chhatauni block basopatti men  2 set lab upkaran ka kray evam adhisthapan karya","Ramprit Mandal","JHANJHARPUR","N/A","12-Nov-2024","1096000"
"520","Normal/Others","WS/MP423/2024-2025/133963-Construction of rainwater harvesting structures","Bihar","MADHUBANI(DISTRICT PLANNING OFFICER MADHUBANI_IDA)","utkarmit uchya madhyamik vidyalay  Durgipatti block KHutauna men  2 set lab upkaran ka kray evam adhisthapan karya","Ramprit Mandal","JHANJHARPUR","N/A","12-Nov-2024","1096000"
"521","Normal/Others","WS/MP423/2024-2025/133962-Construction of rainwater harvesting structures","Bihar","MADHUBANI(DISTRICT PLANNING OFFICER MADHUBANI_IDA)","Uchh Madhymik vidyalay Narkatiya block Bassopatti  men 2 set lab upkaran ka kray evam adhisthapan karya","Ramprit Mandal","JHANJHARPUR","N/A","12-Nov-2024","1096000"
"522","Normal/Others","WS/MP423/2024-2025/133970-Construction of rainwater harvesting structures","Bihar","MADHUBANI(DISTRICT PLANNING OFFICER MADHUBANI_IDA)","Kabir uchya madhyamik (+2) vidyalay selra block Jaynagar men  2 set lab upkaran ka kray evam adhisthapan karya","Ramprit Mandal","JHANJHARPUR","N/A","12-Nov-2024","1096000"
"523","Normal/Others","WS/MP423/2024-2025/133961-Construction of rainwater harvesting structures","Bihar","MADHUBANI(DISTRICT PLANNING OFFICER MADHUBANI_IDA)","Utkarmit Uchhy VidyalayChandan Kasera block basopatti men 2 set lab upkaran ka kray evam adhisthapan karya","Ramprit Mandal","JHANJHARPUR","N/A","12-Nov-2024","1096000"
"524","Normal/Others","WS/MP423/2024-2025/133969-Construction of rainwater harvesting structures","Bihar","MADHUBANI(DISTRICT PLANNING OFFICER MADHUBANI_IDA)","Utkarmit uchhy Madhyamik Vidyalay fentPatauna block basopatti men 2 set lab upkaran ka kray evam adhisthapan karya","Ramprit Mandal","JHANJHARPUR","N/A","12-Nov-2024","1096000"
"525","Normal/Others","WS/MP423/2024-2025/133968-Construction of rainwater harvesting structures","Bihar","MADHUBANI(DISTRICT PLANNING OFFICER MADHUBANI_IDA)","utkarmit uchya vidyalay Dhamiyanpatti blockJaynagar men 2 set lab upkaran ka kray evam adhisthapan karya","Ramprit Mandal","JHANJHARPUR","N/A","12-Nov-2024","1096000"
"526","Normal/Others","WS/MP423/2024-2025/133967-Construction of rainwater harvesting structures","Bihar","MADHUBANI(DISTRICT PLANNING OFFICER MADHUBANI_IDA)","utkarmit madhyamik uchh vidyalay Kauyaha block Bassopatti men 2 set lab upkaran kakray evam adhisthapan karya","Ramprit Mandal","JHANJHARPUR","N/A","12-Nov-2024","1096000"
"527","Normal/Others","WS/MP313/2024-2025/138706-Construction of boundary walls of existing public and community buildings","Arunachal Pradesh","LONGDING(Deputy Commisioner Longding_IDA)","C/o Retaining wall at Chingdam Colony, Khasa Village in Longding District","Shri Tapir Gao","ARUNACHAL EAST","N/A","16-Nov-2024","1000000"
"528","Normal/Others","WS/	 MP443/2024-2025/138721-Construction of common work sheds/ common covered sitting area","Madhya Pradesh","RAJGARH(DISTRICT COLLECTOR RAJGARH_IDA)","General workshed with toilets (125×80feet)","Rodmal Nagar","RAJGARH","Images","22-Jul-2025","16176660"
"529","Normal/Others","WS/MP761/2024-2025/151486-Street lights","Telangana","NIZAMABAD(DISTRICT COLLECTOR NIZAMABAD_IDA)","ProvidingHigh Mast light at VijayaNagar Colony near RTC Colony","Arvind Dharmapuri","NIZAMABAD","N/A","12-Nov-2024","147546"
"530","Normal/Others","WS/MP313/2024-2025/138683-Construction of night shelters for homeless","Arunachal Pradesh","SIANG(Deputy Commisioner Siang_IDA)","C/o Shelters for homeless at Pareng Village in Siang District","Shri Tapir Gao","ARUNACHAL EAST","N/A","17-Nov-2024","1000000"
"531","Normal/Others","WS/MP313/2024-2025/151253-Construction of night shelters for homeless","Arunachal Pradesh","SIANG(Deputy Commisioner Siang_IDA)","C/o Shelters for homeless at Pareng Village in Siang District Ph-II","Shri Tapir Gao","ARUNACHAL EAST","N/A","17-Nov-2024","1000000"
"532","Normal/Others","WS/MP18206/2024-2025/137994-Lighting of public spaces","Uttar Pradesh","BANDA(DISTRICT MAGISTRATE BANDA_IDA)","gram panchayat dhundhui me rameshwar yadav ke makan ke chaurahe ke paas sarvjanik sthan par himax light sthapna kary","KRISHNA DEVI SHIVSHANKER PATEL","BANDA","Images","28-Dec-2024","232197.98"
"533","Normal/Others","WS/MP18206/2024-2025/137993-Lighting of public spaces","Uttar Pradesh","BANDA(DISTRICT MAGISTRATE BANDA_IDA)","gram panchayat andaura me mahendra pratap a d o sahab ke tirahe me sarvjanik sthan par himax light sthapna kary","KRISHNA DEVI SHIVSHANKER PATEL","BANDA","Images","28-Dec-2024","232197.98"
"534","Normal/Others","WS/MP18206/2024-2025/137995-Lighting of public spaces","Uttar Pradesh","BANDA(DISTRICT MAGISTRATE BANDA_IDA)","gram panchayat bhadanv me nanku yadav poorv pradhan ke tirahe ke paas sarvjanik sthan par himax light sthapna kary","KRISHNA DEVI SHIVSHANKER PATEL","BANDA","Images","28-Dec-2024","232197.98"
"535","Normal/Others","WS/MP18206/2024-2025/137996-Lighting of public spaces","Uttar Pradesh","BANDA(DISTRICT MAGISTRATE BANDA_IDA)","gram panchayat maraulee me baberu oran marg me bade dev baba ke paas sarvjanik sthan par himax light sthapna kary","KRISHNA DEVI SHIVSHANKER PATEL","BANDA","Images","28-Dec-2024","232197.98"
"536","Normal/Others","WS/MP18206/2024-2025/137999-Lighting of public spaces","Uttar Pradesh","BANDA(DISTRICT MAGISTRATE BANDA_IDA)","gram panchayat badaganv me thakur ji ke sthan par sarvjanik sthan par himax light sthapna kary","KRISHNA DEVI SHIVSHANKER PATEL","BANDA","Images","28-Dec-2024","232197.98"
"537","Normal/Others","WS/MP18206/2024-2025/137998-Lighting of public spaces","Uttar Pradesh","BANDA(DISTRICT MAGISTRATE BANDA_IDA)","gram panchayat baroulee azam me bala prasad ke hnuman mandir ke paas sarvjanik sthan par himax light sthapna kary","KRISHNA DEVI SHIVSHANKER PATEL","BANDA","Images","28-Dec-2024","232197.98"
"538","Normal/Others","WS/MP761/2024-2025/146753-Construction of community centers and community halls","Telangana","Jagitial(DISTRICT COLLECTOR JAGTIAL_IDA)","Construction of Community hall in Reddy wada near Hanuman Mandir","Arvind Dharmapuri","NIZAMABAD","N/A","19-Aug-2025","357627"
"539","Normal/Others","WS/MP654/2024-2025/142740-Construction of culverts and bridges","Madhya Pradesh","ANUPPUR(DISTRICT COLLECTOR ANUPPUR_IDA)","Construction work of a culvert in ward no. 09, Dadratola","Smt Himadri Singh","SHAHDOL (ST)","N/A","20-Mar-2025","999000"
"540","Normal/Others","WS/MP18206/2024-2025/137997-Lighting of public spaces","Uttar Pradesh","BANDA(DISTRICT MAGISTRATE BANDA_IDA)","gram panchayat bakal me jogini mata mandir ke paas sarvjanik sthan par himax light sthapna kary","KRISHNA DEVI SHIVSHANKER PATEL","BANDA","Images","28-Dec-2024","232197.98"
"541","Normal/Others","WS/MP18206/2024-2025/138001-Lighting of public spaces","Uttar Pradesh","BANDA(DISTRICT MAGISTRATE BANDA_IDA)","gram panchayat bhadehadu me Rajesh kumar master sahab ke paas sarvjanik sthan par himax light sthapna kary","KRISHNA DEVI SHIVSHANKER PATEL","BANDA","Images","28-Dec-2024","232197.98"
"542","Normal/Others","WS/MP654/2024-2025/142739-Construction of culverts and bridges","Madhya Pradesh","ANUPPUR(DISTRICT COLLECTOR ANUPPUR_IDA)","Construction work of a culvert in semardhar nala, village Mauhari.","Smt Himadri Singh","SHAHDOL (ST)","Images","07-Jul-2025","999300"
"543","Normal/Others","WS/MP18206/2024-2025/138000-Lighting of public spaces","Uttar Pradesh","BANDA(DISTRICT MAGISTRATE BANDA_IDA)","gram panchayat vinvat me sabhajeet yadav ke makan ke chaurahe ke paas sarvjanik sthan par himax light sthapna kary","KRISHNA DEVI SHIVSHANKER PATEL","BANDA","Images","28-Dec-2024","232197.98"
"544","Normal/Others","WS/MP18206/2024-2025/138002-Lighting of public spaces","Uttar Pradesh","BANDA(DISTRICT MAGISTRATE BANDA_IDA)","gram panchyat milathu me karoo baba ke sthan par sarvjanik sthan par himax light sthapna kary","KRISHNA DEVI SHIVSHANKER PATEL","BANDA","Images","28-Dec-2024","232197.98"
"545","Normal/Others","WS/MP18206/2024-2025/138004-Lighting of public spaces","Uttar Pradesh","BANDA(DISTRICT MAGISTRATE BANDA_IDA)","gram panchayat Beera ka majara sandi Beera ka majara sandi me shivmangal yadav ka dera  sarvjanik sthan par himax light sthapna kary","KRISHNA DEVI SHIVSHANKER PATEL","BANDA","Images","28-Dec-2024","232197.98"
"546","Normal/Others","WS/MP18206/2024-2025/138003-Lighting of public spaces","Uttar Pradesh","BANDA(DISTRICT MAGISTRATE BANDA_IDA)","gram panchayat chandrayal me dhama baba mandir ke paas sarvjanik sthan par himax light sthapna kary","KRISHNA DEVI SHIVSHANKER PATEL","BANDA","Images","28-Dec-2024","232197.98"
"547","Normal/Others","WS/MP18206/2024-2025/138005-Lighting of public spaces","Uttar Pradesh","BANDA(DISTRICT MAGISTRATE BANDA_IDA)","gram panchayat marka me mukhy tirahe me sarvjanik sthan par himax light sthapna kary","KRISHNA DEVI SHIVSHANKER PATEL","BANDA","Images","28-Dec-2024","232197.98"
"548","Normal/Others","WS/MP18206/2024-2025/138006-Lighting of public spaces","Uttar Pradesh","BANDA(DISTRICT MAGISTRATE BANDA_IDA)","gram panchayat kamasin ke dando tirahe me sarvjanik sthan par himax light sthapna kary","KRISHNA DEVI SHIVSHANKER PATEL","BANDA","Images","28-Dec-2024","232197.98"
"549","Normal/Others","WS/MP18206/2024-2025/138007-Lighting of public spaces","Uttar Pradesh","BANDA(DISTRICT MAGISTRATE BANDA_IDA)","gram panchayat dandau me chunubad yadav poorv pradhan ke sarvjanik sthsn par himax light sthapna kary","KRISHNA DEVI SHIVSHANKER PATEL","BANDA","Images","28-Dec-2024","232197.98"
"550","Normal/Others","WS/MP18206/2024-2025/138008-Lighting of public spaces","Uttar Pradesh","BANDA(DISTRICT MAGISTRATE BANDA_IDA)","gram panchayat kalana me devi ji ke sthan par sarvjanik sthan par himax light sthapna kary","KRISHNA DEVI SHIVSHANKER PATEL","BANDA","Images","28-Dec-2024","232197.98"
"551","Normal/Others","WS/MP18206/2024-2025/138010-Lighting of public spaces","Uttar Pradesh","BANDA(DISTRICT MAGISTRATE BANDA_IDA)","gram panchayat ragoulee ke majra baghanda me bhairav baba ke sthan par sarvjanik sthan par himax light sthapna kary","KRISHNA DEVI SHIVSHANKER PATEL","BANDA","Images","28-Dec-2024","232197.98"
"552","Normal/Others","WS/MP18206/2024-2025/138011-Lighting of public spaces","Uttar Pradesh","BANDA(DISTRICT MAGISTRATE BANDA_IDA)","gram panchayat hardaoulee me imambada masjid ke paas sarvjanik sthan par himax light sthapna kary","KRISHNA DEVI SHIVSHANKER PATEL","BANDA","Images","28-Dec-2024","232197.98"
"553","Normal/Others","WS/MP18206/2024-2025/138013-Lighting of public spaces","Uttar Pradesh","BANDA(DISTRICT MAGISTRATE BANDA_IDA)","gram panchayat pindaran ke muhalla bajar koora me shankar ji ke sthan par sarvjanik sthan par himax light sthapna kary","KRISHNA DEVI SHIVSHANKER PATEL","BANDA","Images","28-Dec-2024","232197.98"
"554","Normal/Others","WS/MP18206/2024-2025/138012-Lighting of public spaces","Uttar Pradesh","BANDA(DISTRICT MAGISTRATE BANDA_IDA)","gram panchayat armar me jind baba ke sthsn par sarvjanik sthan par himax light sthapna kary","KRISHNA DEVI SHIVSHANKER PATEL","BANDA","Images","28-Dec-2024","232197.98"
"555","Normal/Others","WS/MP18206/2024-2025/138014-Lighting of public spaces","Uttar Pradesh","BANDA(DISTRICT MAGISTRATE BANDA_IDA)","gram panchayat kairee me chaukadi dai ke sthan par sarvjanik sthan par himax light sthapna kary","KRISHNA DEVI SHIVSHANKER PATEL","BANDA","Images","28-Dec-2024","232197.98"
"556","Normal/Others","WS/MP18206/2024-2025/138016-Lighting of public spaces","Uttar Pradesh","BANDA(DISTRICT MAGISTRATE BANDA_IDA)","gram panchayat badaulee ke majra kyotara me prathmik vidyalay ke paas sarvjanik sthan par himax light sthapna kary","KRISHNA DEVI SHIVSHANKER PATEL","BANDA","Images","28-Dec-2024","232197.98"
"557","Normal/Others","WS/MP18206/2024-2025/138015-Lighting of public spaces","Uttar Pradesh","BANDA(DISTRICT MAGISTRATE BANDA_IDA)","gram panchayat anvan me kuti me talab ke paas sarvjanik sthan par himax light sthapna kary","KRISHNA DEVI SHIVSHANKER PATEL","BANDA","Images","28-Dec-2024","232197.98"
"558","Normal/Others","WS/MP18206/2024-2025/138017-Lighting of public spaces","Uttar Pradesh","BANDA(DISTRICT MAGISTRATE BANDA_IDA)","gram panchayat devartha me dyaram patel ke bada ke paas tirahe me sarvjanik sthan par himax light sthapna kary","KRISHNA DEVI SHIVSHANKER PATEL","BANDA","Images","16-Nov-2024","232197.98"
"559","Normal/Others","WS/MP654/2024-2025/142738-Construction of culverts and bridges","Madhya Pradesh","ANUPPUR(DISTRICT COLLECTOR ANUPPUR_IDA)","Construction work of a culvert in  Kahjuraha Nala, Baiga Mohalla","Smt Himadri Singh","SHAHDOL (ST)","Images","28-Apr-2025","1495940"
"560","Normal/Others","WS/MP499/2024-2025/144946-Construction of bus-sheds or bus-stops","West Bengal","BIRBHUM(DISTRICT MAGISTRATE BIRBHUM_IDA)","Construction of Passanger shed for Rampurhat Bus stand at Word No- 07, Rampurhat Municipality.","Smt Satabdi Roy (Banerjee)","BIRBHUM","Images","20-Feb-2025","1051352"
"561","Normal/Others","WS/MP18278/2024-2025/142723-Construction of roads, link roads, pathways or any other road with or without drainage system","Chhattisgarh","SAKTI(COLLECTOR SAKTI_IDA)","GRAM PANCHAYAT AMGAON ME C.C. ROAD NIRMARAN(AMRIIT BHARGAW GHAR SE RESHAM TANDAN GHAR KI ORE)","KAMLESH JANGDE","JANJGIR CHAMPA(SC)","Images","23-Dec-2024","300000"
"562","Normal/Others","WS/MP18278/2024-2025/141793-Construction of roads, link roads, pathways or any other road with or without drainage system","Chhattisgarh","SAKTI(COLLECTOR SAKTI_IDA)","GRAM BODSARA ME C.C. ROAD NIRMARAN(PARDESHI GHAR SE AAGE KI ORE)","KAMLESH JANGDE","JANJGIR CHAMPA(SC)","Images","30-Jan-2025","798007"
"563","Normal/Others","WS/MP429/2024-2025/146733-Construction of buildings for community cultural activities","Chhattisgarh","KORBA(Collector-Korba)","Chhatdaar Manch construction at Chhuiya para in Gram Panchayat - Dhodhtarai, Vikas Khand - Kartala","Jyotsna Charandas Mahant","KORBA","Images","29-Jan-2026","499532"
"564","Normal/Others","WS/MP429/2024-2025/146734-Construction of buildings for community cultural activities","Chhattisgarh","KORBA(Collector-Korba)","Chhatdaar Manch construction near Angan Badi Bhawan in Gram Panchayat - Salihabhata, Vikas Khand - Kartala","Jyotsna Charandas Mahant","KORBA","Images","29-Jan-2026","300000"
"565","Normal/Others","WS/MP317/2024-2025/144813-Purchase Books for Library","Bihar","MUZAFFARPUR(DISTRICT PLANNING OFFICER MUZAFFARPUR_IDA)","sahebgang aur motipur prakhand ke bivvin schoos ke pustakalay mein book supply","Smt Veena Devi","VAISHALI","Images","13-Nov-2024","5000000"
"566","Normal/Others","WS/MP494/2024-2025/137201-Construction of roads, link roads, pathways or any other road with or without drainage system","Uttar Pradesh","AGRA(DISTRICT MAGISTRAE AGRA_IDA)","CC WORK IN VILLAGE MUKHWAR FROM LEKHRAJ TO OMPRAKASH HOUSE","Prof SP Singh Baghel","AGRA(SC)","Images","04-Jun-2025","853504"
"567","Normal/Others","WS/MP485/2024-2025/135682-Street lights","West Bengal","South 24 Parganas(DISTRICT MAGISTRATE SOUTH TWENTY FOUR PARGANAS_IDA)","Installation of Street Light from Pradip Bhandari's house to Anej Laskar's house  under Matla-II","Pratima Mondal","JOYNAGAR(SC)","Images","11-Dec-2024","349952"
"568","Normal/Others","WS/MP485/2024-2025/135681-Street lights","West Bengal","South 24 Parganas(DISTRICT MAGISTRATE SOUTH TWENTY FOUR PARGANAS_IDA)","Installation of Street Light from Pulin Sarder's house to High School para  under Matla-II","Pratima Mondal","JOYNAGAR(SC)","Images","11-Dec-2024","346522"
"569","Normal/Others","WS/MP485/2024-2025/135680-Street lights","West Bengal","South 24 Parganas(DISTRICT MAGISTRATE SOUTH TWENTY FOUR PARGANAS_IDA)","Installation of Street Light from Bimal Saha's house to Bijan Halder's shop under Matla-I","Pratima Mondal","JOYNAGAR(SC)","Images","17-Dec-2024","349842"
"570","Normal/Others","WS/MP485/2024-2025/135679-Street lights","West Bengal","South 24 Parganas(DISTRICT MAGISTRATE SOUTH TWENTY FOUR PARGANAS_IDA)","Installation of Street Light from Gouri Marble to Hanuman Mandir under Matla-I G.P","Pratima Mondal","JOYNAGAR(SC)","Images","21-Nov-2024","349964"
"571","Normal/Others","WS/MP485/2024-2025/135678-Construction of common work sheds/ common covered sitting area","West Bengal","South 24 Parganas(DISTRICT MAGISTRATE SOUTH TWENTY FOUR PARGANAS_IDA)","Construction  of yatrished near Canning S.D. Hospital ,Dighirpar Grmpanchayet","Pratima Mondal","JOYNAGAR(SC)","Images","08-Apr-2025","499837"
"572","Normal/Others","WS/MP485/2024-2025/134327-Street lights","West Bengal","South 24 Parganas(DISTRICT MAGISTRATE SOUTH TWENTY FOUR PARGANAS_IDA)","Installation of Low Mast light at Mostafar More under Hatpukuria G.P.","Pratima Mondal","JOYNAGAR(SC)","Images","25-Nov-2024","346475"
"573","Normal/Others","WS/MP485/2024-2025/134328-Street lights","West Bengal","South 24 Parganas(DISTRICT MAGISTRATE SOUTH TWENTY FOUR PARGANAS_IDA)","Installation of Low Mast light at Allahabad Bank under Nikarighata G.P.","Pratima Mondal","JOYNAGAR(SC)","Images","25-Nov-2024","345679"
"574","Normal/Others","WS/MP485/2024-2025/134329-Construction of common work sheds/ common covered sitting area","West Bengal","South 24 Parganas(DISTRICT MAGISTRATE SOUTH TWENTY FOUR PARGANAS_IDA)","Construction of Yatri Shed near Lakshminarayanpur High School under Bansra GP","Pratima Mondal","JOYNAGAR(SC)","Images","18-Apr-2025","499673"
"575","Normal/Others","WS/MP485/2024-2025/134330-Street lights","West Bengal","South 24 Parganas(DISTRICT MAGISTRATE SOUTH TWENTY FOUR PARGANAS_IDA)","Installation of Low Mast light at Dewan Para under Bansra Gram Panchayat","Pratima Mondal","JOYNAGAR(SC)","Images","25-Nov-2024","346477"
"576","Normal/Others","WS/MP485/2024-2025/134331-Construction of common work sheds/ common covered sitting area","West Bengal","South 24 Parganas(DISTRICT MAGISTRATE SOUTH TWENTY FOUR PARGANAS_IDA)","Construction of Pilgrim Shed at Thumkati under Matla-II Gram Panchayat","Pratima Mondal","JOYNAGAR(SC)","Images","02-Jun-2025","499680"
"577","Normal/Others","WS/MP485/2024-2025/134332-Construction of community centers and community halls","West Bengal","South 24 Parganas(DISTRICT MAGISTRATE SOUTH TWENTY FOUR PARGANAS_IDA)","Construction of Community Hall at Mithakhali under Matla-II GP","Pratima Mondal","JOYNAGAR(SC)","Images","21-Feb-2025","1998845"
"578","Normal/Others","WS/MP485/2024-2025/134334-Providing drains and gutters for public drainage","West Bengal","South 24 Parganas(DISTRICT MAGISTRATE SOUTH TWENTY FOUR PARGANAS_IDA)","Construction of CC Drain with slab from Nazrul Mondal pond to Nouka Ghata under Daria Gram Panchayat. Lenth: 150M","Pratima Mondal","JOYNAGAR(SC)","Images","07-Jan-2025","449935"
"579","Normal/Others","WS/MP485/2024-2025/134337-Installing community drinking water plants","West Bengal","South 24 Parganas(DISTRICT MAGISTRATE SOUTH TWENTY FOUR PARGANAS_IDA)","Sinking of deep tubewell with submercible with tank at Kumarsha F.P. School under Dighirpar Gram Panchayat","Pratima Mondal","JOYNAGAR(SC)","Images","12-Dec-2024","238772"
"580","Normal/Others","WS/MP485/2024-2025/134338-Construction of common work sheds/ common covered sitting area","West Bengal","South 24 Parganas(DISTRICT MAGISTRATE SOUTH TWENTY FOUR PARGANAS_IDA)","Construction of Pilgrim Shed near Nimai Chakdar house at Uttar Taldi under Taldi GP","Pratima Mondal","JOYNAGAR(SC)","Images","27-Feb-2025","349500"
"581","Normal/Others","WS/MP761/2024-2025/151489-Construction of community centers and community halls","Telangana","NIZAMABAD(DISTRICT COLLECTOR NIZAMABAD_IDA)","Construction of Community hall at Shapur(V)","Arvind Dharmapuri","NIZAMABAD","N/A","16-Nov-2024","400000"
"582","Normal/Others","WS/MP18206/2024-2025/137980-Lighting of public spaces","Uttar Pradesh","BANDA(DISTRICT MAGISTRATE BANDA_IDA)","gram panchayt achhah me thakur bsba ke pass sarvjanik sthan par himax light sthapna kary","KRISHNA DEVI SHIVSHANKER PATEL","BANDA","Images","28-Dec-2024","232197.98"
"583","Normal/Others","WS/MP18206/2024-2025/137979-Lighting of public spaces","Uttar Pradesh","BANDA(DISTRICT MAGISTRATE BANDA_IDA)","gram panchayat daftara me bhawani dai mandir ke paas sarvjanik sthan par himax light sthapna kary","KRISHNA DEVI SHIVSHANKER PATEL","BANDA","Images","28-Dec-2024","232197.98"
"584","Normal/Others","WS/MP18206/2024-2025/137982-Lighting of public spaces","Uttar Pradesh","BANDA(DISTRICT MAGISTRATE BANDA_IDA)","gram panchayat  samsuddinpur me shiv mandir talab ke paas sarvjanik sthan par himax light sthapna kary","KRISHNA DEVI SHIVSHANKER PATEL","BANDA","Images","28-Dec-2024","232197.98"
"585","Normal/Others","WS/MP18206/2024-2025/137984-Lighting of public spaces","Uttar Pradesh","BANDA(DISTRICT MAGISTRATE BANDA_IDA)","gram panchayat narayanpur me krishnpal yadav ke chaurahe ke paas sarvjanik sthan par himax light sthapna kary","KRISHNA DEVI SHIVSHANKER PATEL","BANDA","Images","28-Dec-2024","232197.98"
"586","Normal/Others","WS/MP18206/2024-2025/137983-Lighting of public spaces","Uttar Pradesh","BANDA(DISTRICT MAGISTRATE BANDA_IDA)","gram panchayt Ban banroulee me  sarvjanik sthan par himax light sthapna kary","KRISHNA DEVI SHIVSHANKER PATEL","BANDA","Images","28-Dec-2024","232197.98"
"587","Normal/Others","WS/MP18206/2024-2025/137985-Lighting of public spaces","Uttar Pradesh","BANDA(DISTRICT MAGISTRATE BANDA_IDA)","gram panchayat banthari me jamrehinath mandir ke paas sarvjanik sthan par himax light sthapna kary","KRISHNA DEVI SHIVSHANKER PATEL","BANDA","Images","28-Dec-2024","232197.98"
"588","Normal/Others","WS/MP18206/2024-2025/137987-Lighting of public spaces","Uttar Pradesh","BANDA(DISTRICT MAGISTRATE BANDA_IDA)","gram panchayat badauli me mandir maidan chaurahe ke paas sarvjanik sthan par himax light sthapna kary","KRISHNA DEVI SHIVSHANKER PATEL","BANDA","Images","28-Dec-2024","232197.98"
"589","Normal/Others","WS/MP18206/2024-2025/137990-Lighting of public spaces","Uttar Pradesh","BANDA(DISTRICT MAGISTRATE BANDA_IDA)","gram panchayat mamasi khurd ke kandhai purawa me tirahe ke paas sarvjanik sthan par himax light sthapna kary","KRISHNA DEVI SHIVSHANKER PATEL","BANDA","Images","28-Dec-2024","232197.98"
"590","Normal/Others","WS/MP18206/2024-2025/137989-Lighting of public spaces","Uttar Pradesh","BANDA(DISTRICT MAGISTRATE BANDA_IDA)","gram panchayat kemedha sani me durga dai ke sthsn ke paas sarvjanik sthan par himax light sthapna kary","KRISHNA DEVI SHIVSHANKER PATEL","BANDA","Images","28-Dec-2024","232197.98"
"591","Normal/Others","WS/MP18206/2024-2025/137988-Lighting of public spaces","Uttar Pradesh","BANDA(DISTRICT MAGISTRATE BANDA_IDA)","gram panchayat kemedha sani me shankar ji ke mandir ke paas devrar kuti me sarvjanik sthan par himax light sthapna kary","KRISHNA DEVI SHIVSHANKER PATEL","BANDA","Images","28-Dec-2024","232197.98"
"592","Normal/Others","WS/MP18206/2024-2025/137992-Lighting of public spaces","Uttar Pradesh","BANDA(DISTRICT MAGISTRATE BANDA_IDA)","gram panchayat chakrehi me guljar yadav ke chaurahe paas sarvjanik sthan par himax light sthapna kary","KRISHNA DEVI SHIVSHANKER PATEL","BANDA","Images","28-Dec-2024","232197.98"
"593","Normal/Others","WS/MP18206/2024-2025/137991-Lighting of public spaces","Uttar Pradesh","BANDA(DISTRICT MAGISTRATE BANDA_IDA)","gram panchayat enguva ke majara  gonda me vimlesh yadav ke ghar ke samne sarvjanik sthan par himax light sthapna kary","KRISHNA DEVI SHIVSHANKER PATEL","BANDA","Images","28-Dec-2024","232197.98"
"594","Normal/Others","WS/MP761/2024-2025/146423-Construction of roads, link roads, pathways or any other road with or without drainage system","Telangana","Jagitial(DISTRICT COLLECTOR JAGTIAL_IDA)","Construction of CC road near Peddamma temple","Arvind Dharmapuri","NIZAMABAD","N/A","19-Aug-2025","450000"
"595","Normal/Others","WS/MP429/2024-2025/146735-Construction of buildings for community cultural activities","Chhattisgarh","KORBA(Collector-Korba)","Construction of Sarvajanik Manch at Sadak Para Mohalla in front of Kirtan Lal House. Gram Panchayat - Supatarai, Vikas Khand - Kartala","Jyotsna Charandas Mahant","KORBA","Images","23-May-2025","300000"
"596","Normal/Others","WS/MP761/2024-2025/146424-Construction of community centers and community halls","Telangana","Jagitial(DISTRICT COLLECTOR JAGTIAL_IDA)","Construction of community hall in Munnurukapu wada","Arvind Dharmapuri","NIZAMABAD","N/A","19-Aug-2025","300000"
"597","Normal/Others","WS/MP428/2024-2025/149050-Construction of community centers and community halls","Chhattisgarh","RAJNANDGAON(DISTRICT COLLECTOR RAJNANDGAON_IDA)","Samudayik Bhavan Nirman (Shitlapara)","Santosh Pandey","RAJNANDGAON","Images","05-Feb-2026","600000"
"598","Normal/Others","WS/MP761/2024-2025/146638-Construction of community centers and community halls","Telangana","Jagitial(DISTRICT COLLECTOR JAGTIAL_IDA)","Construction of Community hall in Nayi Brahmin wada","Arvind Dharmapuri","NIZAMABAD","N/A","19-Aug-2025","223517"
"599","Normal/Others","WS/MP529/2024-2025/147861-Purchase of vehicle for mobile dispensaries (Four, three and two wheelers)","Andhra Pradesh","Tirupati(DISTRICT COLLECTOR TIRUPATI_IDA)","Supplying of One Honda Activa bike Three-wheeler to Shri Nagam Babu Rao PWD, Tirupati Urban.","Maddila Gurumoorthy","TIRUPATI(SC)","Images","14-Nov-2024","137000"
"600","Normal/Others","WS/MP18278/2024-2025/141782-Construction of roads, link roads, pathways or any other road with or without drainage system","Chhattisgarh","SAKTI(COLLECTOR SAKTI_IDA)","GRAM GHIWRA ME C.C. ROAD NIRMARAN(DEV PRASAD SATNAMI GHAR SE MUKTAWAN GHAR KI ORE)","KAMLESH JANGDE","JANJGIR CHAMPA(SC)","Images","08-Apr-2025","800000"
"601","Normal/Others","WS/MP18278/2024-2025/141784-Construction of roads, link roads, pathways or any other road with or without drainage system","Chhattisgarh","SAKTI(COLLECTOR SAKTI_IDA)","GRAM DHAMNI ME C.C. ROAD NIRMARAN (","KAMLESH JANGDE","JANJGIR CHAMPA(SC)","Images","24-Jan-2025","700000"
"602","Normal/Others","WS/MP18278/2024-2025/149061-Construction of roads, link roads, pathways or any other road with or without drainage system","Chhattisgarh","SAKTI(COLLECTOR SAKTI_IDA)","GRAM-BHATMAHOOL GRAM PANCHAYAT-BHATMAHOOL ME C.C. ROAD NIRMARAN(MEN ROAD SE BALRAM GHAR SE AAGE KI ORE)","KAMLESH JANGDE","JANJGIR CHAMPA(SC)","Images","12-Dec-2024","599094"
"603","Normal/Others","WS/MP18152/2024-2025/141221-Construction of rooms and halls in school and colleges","Punjab","FARIDKOT(DEPUTY COMMISSIONER FARIDKOT_IDA)","Construction of mid day meal shed at govt Primary school","SARABJEET SINGH KHALSA","FARIDKOT(SC)","N/A","07-Apr-2025","299155"
"604","Normal/Others","WS/MP18108/2024-2025/143811-Construction of bus-sheds or bus-stops","Madhya Pradesh","SAGAR(DISTRICT COLLECTOR SAGAR_IDA)","Pre fabricated  bus shelter  model number 3 with two LED solar light 1.Gram Panchayat sarkhedi Mein barghat ticketda per 2. Gram Panchayat barcha mein tigada per 3. Gram Panchayat chamari Mein school ke pass 4. Gram biram Khedi  Gram Panchayat GirHani  5. Gram Panchayat mudiya Dehra gram Mirzapur 6. Gram Panchayat Sila Pari men Road per 7. Gram Panchayat dikua 8. Gram Panchayat dhanagar 9. Gram Panchayat  bagthari 10. Gram Panchayat bhilon","DR. LATA WANKHEDE","SAGAR","Images","14-Nov-2024","2599420"
"605","Normal/Others","WS/MP18108/2024-2025/139268-Construction of bus-sheds or bus-stops","Madhya Pradesh","SAGAR(DISTRICT COLLECTOR SAGAR_IDA)","Construction of pre fabricated bus-sheds model 3 with 2 solar light 1-madkhera Rangir gate me, Sironja Makroniya Sadak Marg par, 2-Civil Lines Marg par Chavani Barrier ke pass, 3-Central Jail ke samne, 4-Makroniya -Narshingpur Road par","DR. LATA WANKHEDE","SAGAR","Images","14-Nov-2024","1299710"
"606","Normal/Others","WS/MP423/2024-2025/133971-Installing community drinking water plants","Bihar","MADHUBANI(DISTRICT PLANNING OFFICER MADHUBANI_IDA)","khutona samudayik sawasthya kendra men Samarsebal pump ka nirman karya","Ramprit Mandal","JHANJHARPUR","Images","01-Mar-2025","239686"
"607","Normal/Others","WS/MP423/2024-2025/136936-Construction of roads, link roads, pathways or any other road with or without drainage system","Bihar","MADHUBANI(DISTRICT PLANNING OFFICER MADHUBANI_IDA)","madhepur prakhand ke ward 14 panchayat madhepur purvi sthith vishnu mahto ghar se sanath jha pokhra ghat tk pcc sadak ka nirman karya.","Ramprit Mandal","JHANJHARPUR","Images","01-Mar-2025","1192920"
"608","Normal/Others","WS/MP761/2024-2025/146425-Construction of community centers and community halls","Telangana","Jagitial(DISTRICT COLLECTOR JAGTIAL_IDA)","Construction of Community hall in Mudiraj wada","Arvind Dharmapuri","NIZAMABAD","N/A","19-Aug-2025","268220"
"609","Normal/Others","WS/MP761/2024-2025/149002-Providing drains and gutters for public drainage","Telangana","NIZAMABAD(DISTRICT COLLECTOR NIZAMABAD_IDA)","Constrction of CC Drains from dammu Kirana shop to Venkateshwara Temple and Mada Banda to Muppeda Ramulu House 0.00 to 163.00 mtr","Arvind Dharmapuri","NIZAMABAD","N/A","16-Nov-2024","152980"
"610","Normal/Others","WS/MP761/2024-2025/149003-Providing drains and gutters for public drainage","Telangana","NIZAMABAD(DISTRICT COLLECTOR NIZAMABAD_IDA)","Construction of CC drains from Mada Banda to Muppeda Ramulu huose 163.00 to 255.00 Rmt and Chiluka Chinnaiahh House to Muppeda Gangaram  and Guddenugula Chinna Gangaram House to Chilukamar Laxaman House 0.00 to 28.00 Rmt","Arvind Dharmapuri","NIZAMABAD","N/A","16-Nov-2024","90021"
"611","Normal/Others","WS/MP761/2024-2025/149004-Providing drains and gutters for public drainage","Telangana","NIZAMABAD(DISTRICT COLLECTOR NIZAMABAD_IDA)","Construction of CC drains from Guddenugula Chinna Gangram House to Chilakamar Laxman House 28.00 to 60.00 Rmt and Vanjari Vinoda house to Allem Pedda Lasmanna House","Arvind Dharmapuri","NIZAMABAD","N/A","16-Nov-2024","100670"
"612","Normal/Others","WS/MP761/2024-2025/149006-Providing drains and gutters for public drainage","Telangana","NIZAMABAD(DISTRICT COLLECTOR NIZAMABAD_IDA)","Construction of CC drains from Kandela Gnagaram House to Old Gp building and Mohmed Lal House to Muppeda Ukkudar House","Arvind Dharmapuri","NIZAMABAD","N/A","16-Nov-2024","412381"
"613","Normal/Others","WS/MP761/2024-2025/149007-Construction of roads, link roads, pathways or any other road with or without drainage system","Telangana","NIZAMABAD(DISTRICT COLLECTOR NIZAMABAD_IDA)","Construction of CC road from Guddenugula Chinna Gangaram (H) to Kashiganti Poshetty (H)","Arvind Dharmapuri","NIZAMABAD","N/A","16-Nov-2024","248422"
"614","Normal/Others","WS/MP18006/2024-2025/141511-Construction of roads, link roads, pathways or any other road with or without drainage system","Andhra Pradesh","CHITTOOR(DISTRICT COLLECTOR CHITTOOR_IDA)","Construction of CC Road from CSI Church to Thomas House at Ellapalli HW in GD Nellore Mandal.","DAGGUMALLA PRASADA RAO","CHITTOOR","Images","26-Dec-2024","498526"
"615","Normal/Others","WS/MP18006/2024-2025/141518-Construction of roads, link roads, pathways or any other road with or without drainage system","Andhra Pradesh","CHITTOOR(DISTRICT COLLECTOR CHITTOOR_IDA)","Construction of CC Road from Kalamma Temple to Santhosh House at Ellapalli HW in GD Nellore Mandal.","DAGGUMALLA PRASADA RAO","CHITTOOR","Images","26-Dec-2024","498949"
"616","Normal/Others","WS/MP18336/2024-2025/147582-Construction of roads, link roads, pathways or any other road with or without drainage system","Chhattisgarh","Balodabazar-Bhatapara(Collector Baloda Bazar_IDA)","CC ROAD NIRMAN- GRAM PANCHAYAT CHANDI ME CC ROAD NIRMAN","BRIJMOHAN AGRAWAL","RAIPUR","N/A","05-Mar-2025","998300"
"617","Normal/Others","WS/MP761/2024-2025/151974-Installation of multi-gym equipment","Telangana","NIZAMABAD(DISTRICT COLLECTOR NIZAMABAD_IDA)","Installation of Multi gym equipment in Sai Laxi Nagar near Subrahmanya Swamy temple, Borgaon P","Arvind Dharmapuri","NIZAMABAD","N/A","18-Nov-2024","400000"
"618","Normal/Others","WS/MP761/2024-2025/151977-Construction of boundary walls of existing public and community buildings","Telangana","NIZAMABAD(DISTRICT COLLECTOR NIZAMABAD_IDA)","Construction of Boundary wall to ZPHS , Pegadapally","Arvind Dharmapuri","NIZAMABAD","N/A","18-Nov-2024","400000"
"619","Normal/Others","WS/MP761/2024-2025/151975-Installation of multi-gym equipment","Telangana","NIZAMABAD(DISTRICT COLLECTOR NIZAMABAD_IDA)","Installation of Multi gym equipment","Arvind Dharmapuri","NIZAMABAD","N/A","18-Nov-2024","400000"
"620","Normal/Others","WS/MP761/2024-2025/146426-Construction of boundary walls of existing public and community buildings","Telangana","Jagitial(DISTRICT COLLECTOR JAGTIAL_IDA)","Construction of Boundary wall to Govt Jr college","Arvind Dharmapuri","NIZAMABAD","N/A","19-Aug-2025","442562"
"621","Normal/Others","WS/MP761/2024-2025/146751-Construction of community centers and community halls","Telangana","Jagitial(DISTRICT COLLECTOR JAGTIAL_IDA)","Construction of Community hall in Padmashali Colony near Tahsil Office","Arvind Dharmapuri","NIZAMABAD","N/A","19-Aug-2025","312923"
"622","Normal/Others","WS/MP18108/2024-2025/143816-Construction of bus-sheds or bus-stops","Madhya Pradesh","VIDISHA(District Collector Vidisha_IDA)","Pre fabricated  bus shelter  model number 4 with two LED solar light 1. Gram Panchayat bagrod Mein mukhya Marg bagroda 2. Gram Panchayat batoli mein 3. Gram Panchayat Devpur Mein  4. Gram Panchayat deepnakheda 5. Gram Panchayat baretha mein  6. Gram Panchayat Barwal 7. Gram Panchayat baatami 8. Gram Panchayat Udaipur  9. Gram Panchayat Rampura 10. Gram Panchayat  pipaldhar","DR. LATA WANKHEDE","SAGAR","N/A","18-Nov-2024","2698500"
"623","Normal/Others","WS/MP18101/2024-2025/141644-Purchase of mobile water tankers","Madhya Pradesh","DAMOH(DISTRICT COLLECTOR DAMOH_IDA)","GRAM PANCHAYAT RAJPURA ME PANI KE TENKAR KI KHARED","RAHUL SINGH LODHI","DAMOH","Images","18-Nov-2024","198724"
"624","Normal/Others","WS/MP18101/2024-2025/141643-Purchase of mobile water tankers","Madhya Pradesh","DAMOH(DISTRICT COLLECTOR DAMOH_IDA)","GRAM PANCHAYT PIPRIYA SAHNI ME PANI KE TENKAR KI KHARED","RAHUL SINGH LODHI","DAMOH","Images","18-Nov-2024","198724"
"625","Normal/Others","WS/MP18101/2024-2025/141642-Purchase of mobile water tankers","Madhya Pradesh","DAMOH(DISTRICT COLLECTOR DAMOH_IDA)","GRAM PANCHAYT JAMUNIYA HAJARI ME PANI KE TENKAR KI KHARED","RAHUL SINGH LODHI","DAMOH","Images","18-Nov-2024","198724"
"626","Normal/Others","WS/MP18101/2024-2025/141630-Purchase of mobile water tankers","Madhya Pradesh","DAMOH(DISTRICT COLLECTOR DAMOH_IDA)","GRAM PANCHAYAT JORTALA KHURD ME PANI KE TENKAR KI KHARED","RAHUL SINGH LODHI","DAMOH","Images","18-Nov-2024","198724"
"627","Normal/Others","WS/MP18101/2024-2025/141629-Purchase of mobile water tankers","Madhya Pradesh","DAMOH(DISTRICT COLLECTOR DAMOH_IDA)","GRAM PANCHAYAT KANIYAGHAT PATI ME PANI KE TENKAR KI KHARED","RAHUL SINGH LODHI","DAMOH","Images","18-Nov-2024","198724"
"628","Normal/Others","WS/MP18101/2024-2025/141628-Purchase of mobile water tankers","Madhya Pradesh","DAMOH(DISTRICT COLLECTOR DAMOH_IDA)","GRAM PANCHAYT BHURI ME PANI KE TENKAR KI KHARED","RAHUL SINGH LODHI","DAMOH","Images","18-Nov-2024","198724"
"629","Normal/Others","WS/MP18101/2024-2025/141627-Purchase of mobile water tankers","Madhya Pradesh","DAMOH(DISTRICT COLLECTOR DAMOH_IDA)","GRAM PANCHAYAT ADHROTA ME PANI KE TENKAR KI KHARED","RAHUL SINGH LODHI","DAMOH","Images","18-Nov-2024","198724"
"630","Normal/Others","WS/MP18101/2024-2025/141626-Purchase of mobile water tankers","Madhya Pradesh","DAMOH(DISTRICT COLLECTOR DAMOH_IDA)","Ggam panchayat Abhana me pani ke tenkar ki khared","RAHUL SINGH LODHI","DAMOH","Images","18-Nov-2024","198724"
"631","Normal/Others","WS/MP18101/2024-2025/141651-Purchase of mobile water tankers","Madhya Pradesh","DAMOH(DISTRICT COLLECTOR DAMOH_IDA)","GRAM PANCHAYAT BAGDARI ME PANI KE TENKAR KI KHARED","RAHUL SINGH LODHI","DAMOH","Images","18-Nov-2024","198724"
"632","Normal/Others","WS/MP18101/2024-2025/141650-Purchase of mobile water tankers","Madhya Pradesh","DAMOH(DISTRICT COLLECTOR DAMOH_IDA)","GRAM PANCHAYAT BAMHORI PANJI ME PANI KE TENKAR KI KHARED","RAHUL SINGH LODHI","DAMOH","Images","18-Nov-2024","198724"
"633","Normal/Others","WS/MP18101/2024-2025/141649-Purchase of mobile water tankers","Madhya Pradesh","DAMOH(DISTRICT COLLECTOR DAMOH_IDA)","GRAM PANCHAYAT SOMKHEDA ME PANI KE TENKAR KI KHARED","RAHUL SINGH LODHI","DAMOH","Images","18-Nov-2024","198724"
"634","Normal/Others","WS/MP18101/2024-2025/141648-Purchase of mobile water tankers","Madhya Pradesh","DAMOH(DISTRICT COLLECTOR DAMOH_IDA)","GRAM PANCHAYAT KUDAI ME PANI KE TENKAR KI KHARED","RAHUL SINGH LODHI","DAMOH","Images","18-Nov-2024","198724"
"635","Normal/Others","WS/MP18101/2024-2025/141647-Purchase of mobile water tankers","Madhya Pradesh","DAMOH(DISTRICT COLLECTOR DAMOH_IDA)","GRAM PANCHAYAT PADAJHIR ME PANI KE TENKAR KI KHARED","RAHUL SINGH LODHI","DAMOH","Images","18-Nov-2024","198724"
"636","Normal/Others","WS/MP18101/2024-2025/141646-Purchase of mobile water tankers","Madhya Pradesh","DAMOH(DISTRICT COLLECTOR DAMOH_IDA)","GRAM PANCHAYAT KHAMARGOUR ME PANI KE TENKAR KI KHARED","RAHUL SINGH LODHI","DAMOH","Images","18-Nov-2024","198724"
"637","Normal/Others","WS/MP18101/2024-2025/141645-Purchase of mobile water tankers","Madhya Pradesh","DAMOH(DISTRICT COLLECTOR DAMOH_IDA)","GRAM PANCHAYT CHAKARDA ME PANI KE TENKAR KI KHARED","RAHUL SINGH LODHI","DAMOH","Images","18-Nov-2024","198724"
"638","Normal/Others","WS/MP641/2024-2025/147790-Purchase of mobile water tankers","Madhya Pradesh","Khargone (West Nimar)(DISTRICT COLLECTOR KHARGONE_IDA)","Purchase of mobile water tanker for village Balwara","Gajendra Singh Patel","KHARGONE(ST)","Images","12-Mar-2026","139388"
"639","Normal/Others","WS/MP641/2024-2025/147791-Purchase of mobile water tankers","Madhya Pradesh","Khargone (West Nimar)(DISTRICT COLLECTOR KHARGONE_IDA)","Purchase of mobile water tanker for village Bagod","Gajendra Singh Patel","KHARGONE(ST)","Images","11-Mar-2026","139388"
"640","Normal/Others","WS/MP641/2024-2025/147792-Purchase of mobile water tankers","Madhya Pradesh","Khargone (West Nimar)(DISTRICT COLLECTOR KHARGONE_IDA)","Purchase of mobile water tanker for village Samaspura(Mohna)","Gajendra Singh Patel","KHARGONE(ST)","Images","12-Mar-2026","139388"
"641","Normal/Others","WS/MP641/2024-2025/147793-Purchase of mobile water tankers","Madhya Pradesh","Khargone (West Nimar)(DISTRICT COLLECTOR KHARGONE_IDA)","Purchase of mobile water tanker for village Gujarmohna","Gajendra Singh Patel","KHARGONE(ST)","Images","12-Mar-2026","139388"
"642","Normal/Others","WS/MP641/2024-2025/147794-Purchase of mobile water tankers","Madhya Pradesh","Khargone (West Nimar)(DISTRICT COLLECTOR KHARGONE_IDA)","Purchase of mobile water tanker for village Kawdiya","Gajendra Singh Patel","KHARGONE(ST)","Images","12-Mar-2026","139388"
"643","Normal/Others","WS/MP641/2024-2025/147797-Purchase of mobile water tankers","Madhya Pradesh","Khargone (West Nimar)(DISTRICT COLLECTOR KHARGONE_IDA)","Purchase of mobile water tanker for village Amlatha","Gajendra Singh Patel","KHARGONE(ST)","Images","12-Mar-2026","139388"
"644","Normal/Others","WS/MP641/2024-2025/147798-Purchase of mobile water tankers","Madhya Pradesh","Khargone (West Nimar)(DISTRICT COLLECTOR KHARGONE_IDA)","Purchase of mobile water tanker for village BarDevla","Gajendra Singh Patel","KHARGONE(ST)","Images","01-Apr-2026","139388"
"645","Normal/Others","WS/MP641/2024-2025/147799-Purchase of mobile water tankers","Madhya Pradesh","Khargone (West Nimar)(DISTRICT COLLECTOR KHARGONE_IDA)","Purchase of mobile water tanker for village Nimoni","Gajendra Singh Patel","KHARGONE(ST)","Images","01-Apr-2026","139388"
"646","Normal/Others","WS/MP641/2024-2025/147800-Purchase of mobile water tankers","Madhya Pradesh","Khargone (West Nimar)(DISTRICT COLLECTOR KHARGONE_IDA)","Purchase of mobile water tanker for village BilkhedKhurd","Gajendra Singh Patel","KHARGONE(ST)","Images","01-Apr-2026","139388"
"647","Normal/Others","WS/MP641/2024-2025/147801-Purchase of mobile water tankers","Madhya Pradesh","Khargone (West Nimar)(DISTRICT COLLECTOR KHARGONE_IDA)","Purchase of mobile water tanker for village Bhesawad","Gajendra Singh Patel","KHARGONE(ST)","Images","02-Apr-2026","139388"
"648","Normal/Others","WS/MP641/2024-2025/147802-Purchase of mobile water tankers","Madhya Pradesh","Khargone (West Nimar)(DISTRICT COLLECTOR KHARGONE_IDA)","Purchase of mobile water tanker for village Bagwa","Gajendra Singh Patel","KHARGONE(ST)","Images","02-Apr-2026","139388"
"649","Normal/Others","WS/MP641/2024-2025/147803-Purchase of mobile water tankers","Madhya Pradesh","Khargone (West Nimar)(DISTRICT COLLECTOR KHARGONE_IDA)","Purchase of mobile water tanker for village Aghawan","Gajendra Singh Patel","KHARGONE(ST)","Images","08-Apr-2026","139388"
"650","Normal/Others","WS/MP641/2024-2025/147804-Purchase of mobile water tankers","Madhya Pradesh","Khargone (West Nimar)(DISTRICT COLLECTOR KHARGONE_IDA)","Purchase of mobile water tanker for village Piplai","Gajendra Singh Patel","KHARGONE(ST)","Images","08-Apr-2026","139388"
"651","Normal/Others","WS/MP641/2024-2025/147805-Purchase of mobile water tankers","Madhya Pradesh","Khargone (West Nimar)(DISTRICT COLLECTOR KHARGONE_IDA)","Purchase of mobile water tanker for village Baijapura","Gajendra Singh Patel","KHARGONE(ST)","Images","08-Apr-2026","139388"
"652","Normal/Others","WS/MP641/2024-2025/148071-Purchase of mobile water tankers","Madhya Pradesh","Khargone (West Nimar)(DISTRICT COLLECTOR KHARGONE_IDA)","Purchase of mobile water tanker for village Raisagar","Gajendra Singh Patel","KHARGONE(ST)","Images","08-Apr-2026","139388"
"653","Normal/Others","WS/MP641/2024-2025/148072-Purchase of mobile water tankers","Madhya Pradesh","Khargone (West Nimar)(DISTRICT COLLECTOR KHARGONE_IDA)","Purchase of mobile water tanker village Hirapur","Gajendra Singh Patel","KHARGONE(ST)","Images","08-Apr-2026","139388"
"654","Normal/Others","WS/MP641/2024-2025/148545-Purchase of mobile water tankers","Madhya Pradesh","Khargone (West Nimar)(DISTRICT COLLECTOR KHARGONE_IDA)","Purchase of mobile water tanker for village Amba","Gajendra Singh Patel","KHARGONE(ST)","Images","08-Apr-2026","139388"
"655","Normal/Others","WS/MP641/2024-2025/148546-Purchase of mobile water tankers","Madhya Pradesh","Khargone (West Nimar)(DISTRICT COLLECTOR KHARGONE_IDA)","Purchase of mobile water tanker for village Kumbi","Gajendra Singh Patel","KHARGONE(ST)","Images","08-Apr-2026","139388"
"656","Normal/Others","WS/MP641/2024-2025/148547-Purchase of mobile water tankers","Madhya Pradesh","Khargone (West Nimar)(DISTRICT COLLECTOR KHARGONE_IDA)","Purchase of mobile water tanker for village Tirmundi(Gouty)","Gajendra Singh Patel","KHARGONE(ST)","Images","08-Apr-2026","139388"
"657","Normal/Others","WS/MP641/2024-2025/148548-Purchase of mobile water tankers","Madhya Pradesh","Khargone (West Nimar)(DISTRICT COLLECTOR KHARGONE_IDA)","Purchase of mobile water tanker for village Bhopada","Gajendra Singh Patel","KHARGONE(ST)","Images","08-Apr-2026","139388"
"658","Normal/Others","WS/MP710/2024-2025/146369-Construction of roads, link roads, pathways or any other road with or without drainage system","Puducherry","Puducherry(PROJECT DIRECTOR RDA PUDUCHERRY_IDA)","“Raising and Improvements to the Chalakkara Punnol road, Chalakkara, Mahe, Puducherry”","Vaithilingam Ve","Puducherry","N/A","19-Nov-2024","2903403"
"659","Normal/Others","WS/MP18391/2024-2025/140293-Providing drains and gutters for public drainage","Nagaland","MOKOKCHUNG(Deputy Commissioner Mokokchung_IDA)","Construction of Drainage","S SUPONGMEREN JAMIR","NAGALAND","N/A","11-Dec-2024","150000"
"660","Normal/Others","WS/MP18391/2024-2025/140296-Construction of footpaths and pedestrian ways","Nagaland","MOKOKCHUNG(Deputy Commissioner Mokokchung_IDA)","Construction of foot steps","S SUPONGMEREN JAMIR","NAGALAND","N/A","11-Dec-2024","200000"
"661","Normal/Others","WS/MP18391/2024-2025/140297-Construction of footpaths and pedestrian ways","Nagaland","MOKOKCHUNG(Deputy Commissioner Mokokchung_IDA)","Construction of foot steps","S SUPONGMEREN JAMIR","NAGALAND","N/A","11-Dec-2024","150000"
"662","Normal/Others","WS/MP18391/2024-2025/140298-Providing drains and gutters for public drainage","Nagaland","MOKOKCHUNG(Deputy Commissioner Mokokchung_IDA)","Construction of drainage","S SUPONGMEREN JAMIR","NAGALAND","N/A","11-Dec-2024","250000"
"663","Normal/Others","WS/MP18391/2024-2025/140310-Providing drains and gutters for public drainage","Nagaland","MOKOKCHUNG(Deputy Commissioner Mokokchung_IDA)","Construction of drainage","S SUPONGMEREN JAMIR","NAGALAND","N/A","11-Dec-2024","150000"
"664","Normal/Others","WS/MP18206/2024-2025/137978-Lighting of public spaces","Uttar Pradesh","BANDA(DISTRICT MAGISTRATE BANDA_IDA)","gram panchayat patwan me surypal yadav ke samne kunwa ke paas sarvjanik sthan par himax light sthapna kary","KRISHNA DEVI SHIVSHANKER PATEL","BANDA","Images","28-Dec-2024","232197.98"
"665","Normal/Others","WS/MP18206/2024-2025/137976-Lighting of public spaces","Uttar Pradesh","BANDA(DISTRICT MAGISTRATE BANDA_IDA)","2-gram panchayat miyan barauli me baijnath yadav ke chaurahe ke paas sarvjanik sthan par  himax light sthapna kary","KRISHNA DEVI SHIVSHANKER PATEL","BANDA","Images","28-Dec-2024","232197.98"
"666","Normal/Others","WS/MP393/2024-2025/152373-Construction of roads, link roads, pathways or any other road with or without drainage system","Tamil Nadu","PUDUKKOTTAI(DISTRICT COLLECTOR PUDUKKOTTAI_IDA)","(MPLADS 2022-23) Construction  Paver Block Road in thrkupatti Sarkar well Nadesan House end as Pallathuviduthi Panchayat","Shri Karti P Chidambaram","SIVAGANGA","Images","19-Nov-2024","499714"
"667","Normal/Others","WS/MP18278/2024-2025/142725-Construction of roads, link roads, pathways or any other road with or without drainage system","Chhattisgarh","SAKTI(COLLECTOR SAKTI_IDA)","GRAM PANCHAYAT LAWSARA ME C.C. ROAD NIRMARAN(PATHARRI TALAB SE NARAYANA BARETH GHAR KI ORE)","KAMLESH JANGDE","JANJGIR CHAMPA(SC)","Images","24-Mar-2025","799562"
"668","Normal/Others","WS/MP641/2024-2025/147445-Construction of community centers and community halls","Madhya Pradesh","Khargone (West Nimar)(DISTRICT COLLECTOR KHARGONE_IDA)","Construction of community hall in village Bijalgaon at Yadav Mohalla","Gajendra Singh Patel","KHARGONE(ST)","N/A","13-Mar-2025","250000"
"669","Normal/Others","WS/MP18328/2024-2025/148531-Street lights","Himachal Pradesh","MANDI(DEPUTY COMMISSIONER MANDI_IDA)","Installation and commission of High Mast Solar Light with 4x50 Ah (200Ah) Li-FePO4 Battery, 4x110wp (440wp) Mono Crystal Solar PV Module, 7 Meter Pole and other hardware/ accessories complete in all respect including 5 years. at Old Chowk Bhambla, PO Bhambla, Tehsil Baldwara, District Mandi H.P.","Kangana Ranaut","MANDI","N/A","16-Jun-2025","108150"
"670","Normal/Others","WS/MP18328/2024-2025/148543-Street lights","Himachal Pradesh","MANDI(DEPUTY COMMISSIONER MANDI_IDA)","Installation and commission of High Mast Solar Light with 4x50 Ah (200Ah) Li-FePO4 Battery, 4x110wp (440wp) Mono Crystal Solar PV Module, 7 Meter Pole and other hardware/ accessories complete in all respect including 5 years. at New By Pass Chowk Bhambla, PO Bhambla, Tehsil Baldwara, District Mandi H.P","Kangana Ranaut","MANDI","N/A","16-Jun-2025","108150"
"671","Normal/Others","WS/MP561/2024-2025/142716-Installing tube-wells and borewells","Bihar","PATNA(DISTRICT PLANNING OFFICER PATNA_IDA)","Boring and water supply work near West Kasba Shiv Mandir in Ward No. 61 under Patna Sahib Assembly.","Ravi Shankar Prasad","PATNA SAHIB","Images","27-Nov-2024","246500"
"672","Normal/Others","WS/MP561/2024-2025/142715-Installing tube-wells and borewells","Bihar","PATNA(DISTRICT PLANNING OFFICER PATNA_IDA)","Boring and water supply work near the house of East Kasba Ramsingh in Ward No. 61 under Patna Sahib Assembly.","Ravi Shankar Prasad","PATNA SAHIB","Images","26-Nov-2024","246500"
"673","Normal/Others","WS/MP18006/2024-2025/135654-Construction of roads, link roads, pathways or any other road with or without drainage system","Andhra Pradesh","CHITTOOR(DISTRICT COLLECTOR CHITTOOR_IDA)","Construction of CC Road from Peddamittapalli Road to K. Venkata Reddy House at Chinnamittapalli Village of Nellepalli GP of GD Nelloore Mandal and Constituency.","DAGGUMALLA PRASADA RAO","CHITTOOR","Images","07-Jan-2025","499432"
"674","Normal/Others","WS/MP579/2024-2025/146436-Improvement of electricity distribution infrastructure","Gujarat","ANAND(District Collector ANAND_IDA)","Chuva Game Ravnapura Mahila Dudh Utpadak Sahkari Mandali Vijalikaran Kam","Mitesh Rameshbhai Bakabhai Patel","ANAND","N/A","17-Jul-2025","123429"
"675","Normal/Others","WS/MP18006/2024-2025/135650-Construction of roads, link roads, pathways or any other road with or without drainage system","Andhra Pradesh","CHITTOOR(DISTRICT COLLECTOR CHITTOOR_IDA)","Construction of CC Road from Milk Dairy to Juice Factory in Nellepalli Mitta in Nellepalli GP of GD Nelloore Mandal and Constituency.","DAGGUMALLA PRASADA RAO","CHITTOOR","Images","07-Jan-2025","499781"
"676","Normal/Others","WS/MP18006/2024-2025/135652-Construction of roads, link roads, pathways or any other road with or without drainage system","Andhra Pradesh","CHITTOOR(DISTRICT COLLECTOR CHITTOOR_IDA)","Construction of CC Road from Juice Factory to G. Murali Mohan House in Appireddykandriga in Nellepalli GP of GD Nelloore Mandal and Constituency.","DAGGUMALLA PRASADA RAO","CHITTOOR","Images","07-Jan-2025","499365"
"677","Normal/Others","WS/MP18006/2024-2025/135651-Construction of roads, link roads, pathways or any other road with or without drainage system","Andhra Pradesh","CHITTOOR(DISTRICT COLLECTOR CHITTOOR_IDA)","Construction of CC Road from G. Murali Mohan House to Bhuvaneswari House in Appireddykandriga in Nellepalli GP of GD Nelloore Mandal and Constituency.","DAGGUMALLA PRASADA RAO","CHITTOOR","Images","07-Jan-2025","499782"
"678","Normal/Others","WS/MP18006/2024-2025/135648-Construction of roads, link roads, pathways or any other road with or without drainage system","Andhra Pradesh","CHITTOOR(DISTRICT COLLECTOR CHITTOOR_IDA)","Construction of CC Road from Nellepalli Mitta to Milk Dairy Nellepalli Mitta in Nellepalli GP of GD Nelloore Mandal and Constituency.","DAGGUMALLA PRASADA RAO","CHITTOOR","Images","07-Jan-2025","499570"
"679","Normal/Others","WS/MP18006/2024-2025/136193-Construction of roads, link roads, pathways or any other road with or without drainage system","Andhra Pradesh","CHITTOOR(DISTRICT COLLECTOR CHITTOOR_IDA)","Construction of CC Road from BT Road to Anjaneyula Naidu Houses in AM Puram Village & GP of SR Puram Mandal of GD Nelloore Constituency.","DAGGUMALLA PRASADA RAO","CHITTOOR","Images","19-Dec-2024","399807"
"680","Normal/Others","WS/MP18006/2024-2025/136196-Construction of roads, link roads, pathways or any other road with or without drainage system","Andhra Pradesh","CHITTOOR(DISTRICT COLLECTOR CHITTOOR_IDA)","Construction of CC Road from Madhava Naidu house to Yaganti Easwar Naidu House in Padhmapuram Village and GP of SR Puram Mandal of GD Nellore Constituency.","DAGGUMALLA PRASADA RAO","CHITTOOR","Images","07-Jan-2025","199963"
"681","Normal/Others","WS/MP641/2024-2025/138892-Purchase of hospital equipment","Madhya Pradesh","Khargone (West Nimar)(DISTRICT COLLECTOR KHARGONE_IDA)","Purchase of hospital equipment Dead body freezer","Gajendra Singh Patel","KHARGONE(ST)","Images","09-Apr-2026","236003"
"682","Normal/Others","WS/MP641/2024-2025/138894-Purchase of hospital equipment","Madhya Pradesh","Khargone (West Nimar)(DISTRICT COLLECTOR KHARGONE_IDA)","Purchase of hospital equipment Dead body freezer","Gajendra Singh Patel","KHARGONE(ST)","Images","09-Apr-2026","236003"
"683","Normal/Others","WS/MP641/2024-2025/138895-Purchase of hospital equipment","Madhya Pradesh","Khargone (West Nimar)(DISTRICT COLLECTOR KHARGONE_IDA)","Purchase of hospital equipment Dead Body Freezer","Gajendra Singh Patel","KHARGONE(ST)","Images","09-Apr-2026","236003"
"684","Normal/Others","WS/MP641/2024-2025/138897-Purchase of hospital equipment","Madhya Pradesh","Khargone (West Nimar)(DISTRICT COLLECTOR KHARGONE_IDA)","Purchase of hospital equipment Dead Body Freezer","Gajendra Singh Patel","KHARGONE(ST)","Images","09-Apr-2026","236003"
"685","Normal/Others","WS/MP641/2024-2025/138899-Purchase of hospital equipment","Madhya Pradesh","Khargone (West Nimar)(DISTRICT COLLECTOR KHARGONE_IDA)","Purchase of hospital equipment Dead body freezer","Gajendra Singh Patel","KHARGONE(ST)","Images","09-Apr-2026","236003"
"686","Normal/Others","WS/MP641/2024-2025/138900-Purchase of hospital equipment","Madhya Pradesh","Khargone (West Nimar)(DISTRICT COLLECTOR KHARGONE_IDA)","Purchase of hospital equipment Dead body freezer","Gajendra Singh Patel","KHARGONE(ST)","Images","09-Apr-2026","235251"
"687","Normal/Others","WS/MP641/2024-2025/138901-Purchase of hospital equipment","Madhya Pradesh","Khargone (West Nimar)(DISTRICT COLLECTOR KHARGONE_IDA)","Purchase of hospital equipment Dead Body Freezer","Gajendra Singh Patel","KHARGONE(ST)","Images","09-Apr-2026","236003"
"688","Normal/Others","WS/MP641/2024-2025/138914-Purchase of hospital equipment","Madhya Pradesh","Khargone (West Nimar)(DISTRICT COLLECTOR KHARGONE_IDA)","Purchase of hospital equipment Dead Body Freezer","Gajendra Singh Patel","KHARGONE(ST)","Images","09-Apr-2026","236755"
"689","Normal/Others","WS/MP641/2024-2025/138915-Purchase of hospital equipment","Madhya Pradesh","Khargone (West Nimar)(DISTRICT COLLECTOR KHARGONE_IDA)","Purchase of hospital equipment Dead Body Freezer","Gajendra Singh Patel","KHARGONE(ST)","Images","09-Apr-2026","236003"
"690","Normal/Others","WS/MP640/2024-2025/149326-Construction of roads, link roads, pathways or any other road with or without drainage system","Madhya Pradesh","SEONI(District Collector Seoni_IDA)","Construction of grewal road from bareli to Kadawi Thawri","Faggan Singh Kulaste","MANDLA(ST)","Images","16-Apr-2026","1000000"
"691","Normal/Others","WS/MP640/2024-2025/149327-Construction of roads, link roads, pathways or any other road with or without drainage system","Madhya Pradesh","SEONI(District Collector Seoni_IDA)","Construction of grewal road from Jhalwani to Kadawi Thawri","Faggan Singh Kulaste","MANDLA(ST)","Images","16-Apr-2026","1000000"
"692","Normal/Others","WS/MP429/2024-2025/140547-Construction of common work sheds/ common covered sitting area","Chhattisgarh","Gaurela-Pendra-Marwahi(Collector GPM_IDA)","Sarvajanik Manch Construction at Bhariyan Tola, Gram Panchayat - Gorakhpur, Vikas Khand - Gaurela","Jyotsna Charandas Mahant","KORBA","N/A","19-Jan-2026","200000"
"693","Normal/Others","WS/MP429/2024-2025/140544-Construction of community centers and community halls","Chhattisgarh","Gaurela-Pendra-Marwahi(Collector GPM_IDA)","Samudayik Bhawan construction at Anjani, Gram Panchayat - Anjani, Vikas Khand - Gaurela","Jyotsna Charandas Mahant","KORBA","N/A","13-May-2026","499992"
"694","Normal/Others","WS/MP429/2024-2025/140543-Construction of buildings for community cultural activities","Chhattisgarh","Gaurela-Pendra-Marwahi(Collector GPM_IDA)","Sanskritic Manch construction at High School Salhekota, Gram Panchayat - Salhekota, Vikas Khand - Marwahi","Jyotsna Charandas Mahant","KORBA","Images","21-May-2025","299112"
"695","Normal/Others","WS/MP18228/2024-2025/146941-Street lights","Uttar Pradesh","JAUNPUR(DISTRICT MAGISTRATE JAUNPUR_IDA)","PUSHPENDRA KUMAR YADAV S/O HEERA LAL YADAV K GHAR 01 NAG SOLAR LIGHT","PRIYA SAROJ","MACHHLISHAHR(SC)","Images","28-Jan-2026","20879"
"696","Normal/Others","WS/MP18228/2024-2025/146939-Street lights","Uttar Pradesh","JAUNPUR(DISTRICT MAGISTRATE JAUNPUR_IDA)","1- VIJAY LAL YADAV VISWANATH YADAV, 2- RAJ BAHADUR YADAV S/O INDRA JEET YADAV, 3- SANJAY PRAJA PATI S/O RAJ NARYAN PRAJAPATI K GHAR 03 NAG SOLAR LIGHT","PRIYA SAROJ","MACHHLISHAHR(SC)","Images","23-Jan-2026","62635"
"697","Normal/Others","WS/MP18228/2024-2025/146938-Street lights","Uttar Pradesh","JAUNPUR(DISTRICT MAGISTRATE JAUNPUR_IDA)","1- UDAY RAJ YADAV S/O LALTA PRASAD YADAV, 2- VIJAY SAROJ S/O LALLU SAROJ K GHAR 02 NAG SOLAR LIGHT","PRIYA SAROJ","MACHHLISHAHR(SC)","Images","23-Jan-2026","41756"
"698","Normal/Others","WS/MP18228/2024-2025/146942-Street lights","Uttar Pradesh","JAUNPUR(DISTRICT MAGISTRATE JAUNPUR_IDA)","1- PARAS NATH YADAV S/O SATY DEO YADAV , 2- RAKESH KUMAR YADAV S/O RAM LAL YADAV K GHAR KUL 02 NAG SOLAR LIGHT","PRIYA SAROJ","MACHHLISHAHR(SC)","Images","28-Jan-2026","41756"
"699","Normal/Others","WS/MP18228/2024-2025/146940-Street lights","Uttar Pradesh","JAUNPUR(DISTRICT MAGISTRATE JAUNPUR_IDA)","KALPNATH YADAV S/O RAJA RAM YADAV , 2- RAJ BALI PATEL S/O RAM NARESH PATEL , 3- JILEDAR YADAV S/O DHARM RAJ YADAV LOGO K GHAR 03 NAG SOLAR LIGHT","PRIYA SAROJ","MACHHLISHAHR(SC)","Images","28-Jan-2026","62635"
"700","Normal/Others","WS/MP18228/2024-2025/146943-Street lights","Uttar Pradesh","JAUNPUR(DISTRICT MAGISTRATE JAUNPUR_IDA)","UNASHANKAR YADAV S/O UDAY RAJ YADAV K  GHAR 01 NAG SOLAR LIGHT","PRIYA SAROJ","MACHHLISHAHR(SC)","Images","23-Jan-2026","20879"
"701","Normal/Others","WS/MP18228/2024-2025/146935-Street lights","Uttar Pradesh","JAUNPUR(DISTRICT MAGISTRATE JAUNPUR_IDA)","1- SHIV RAM YADAV S/O DEVANAND YADAV 2- ASHOK UPADHYAY S/O BANSH RAJ UPADHYAY K GHAR KUL 02 NAG SOLAR LIGHT","PRIYA SAROJ","MACHHLISHAHR(SC)","Images","23-Jan-2026","41756"
"702","Normal/Others","WS/MP18228/2024-2025/146933-Street lights","Uttar Pradesh","JAUNPUR(DISTRICT MAGISTRATE JAUNPUR_IDA)","SANTOSH KUMAR YADAV S/O PRABHUNATH YADAV K GHAR 01 NAG SOLAR LIGHT","PRIYA SAROJ","MACHHLISHAHR(SC)","Images","23-Jan-2026","20879"
"703","Normal/Others","WS/MP18228/2024-2025/146934-Street lights","Uttar Pradesh","JAUNPUR(DISTRICT MAGISTRATE JAUNPUR_IDA)","ARJUN YADAV S/O LALTA PRASAD YADAV K GHAR 01 NAG SOLAR LIGHT","PRIYA SAROJ","MACHHLISHAHR(SC)","Images","23-Jan-2026","20879"
"704","Normal/Others","WS/MP18228/2024-2025/146932-Street lights","Uttar Pradesh","JAUNPUR(DISTRICT MAGISTRATE JAUNPUR_IDA)","RAMESH KUMAR YADAV S/O INDRAJEET YADAV K GHAR PAR 01 NAG SOLAR LITE","PRIYA SAROJ","MACHHLISHAHR(SC)","Images","23-Jan-2026","20879"
"705","Normal/Others","WS/MP18228/2024-2025/146936-Street lights","Uttar Pradesh","JAUNPUR(DISTRICT MAGISTRATE JAUNPUR_IDA)","SHAILESH YADAV S/O LATE. RAJBAHADUR YADAV K GHAR SOLAR LIGHT 01 NAG","PRIYA SAROJ","MACHHLISHAHR(SC)","Images","23-Jan-2026","20879"
"706","Normal/Others","WS/MP18228/2024-2025/146948-Street lights","Uttar Pradesh","JAUNPUR(DISTRICT MAGISTRATE JAUNPUR_IDA)","PREMCHAND PAL S\O DEV SHARAN K GHAR 01 NAG SOLAR LIGHT","PRIYA SAROJ","MACHHLISHAHR(SC)","Images","23-Jan-2026","20879"
"707","Normal/Others","WS/MP18228/2024-2025/146945-Street lights","Uttar Pradesh","JAUNPUR(DISTRICT MAGISTRATE JAUNPUR_IDA)","1- ADARSH KUMAR YADAV S/O UDAY ARJ YADAV , 2- AKARAM ALI S\O ASLAM ALI K GHAR KUL 02 NAG SOLAR LIGHT","PRIYA SAROJ","MACHHLISHAHR(SC)","Images","23-Jan-2026","41756"
"708","Normal/Others","WS/MP18228/2024-2025/146937-Street lights","Uttar Pradesh","JAUNPUR(DISTRICT MAGISTRATE JAUNPUR_IDA)","SHYAM BABU YADAV S/O BABURAM YADAV K GHAR 01 NAG SOLAR LIGHT","PRIYA SAROJ","MACHHLISHAHR(SC)","Images","23-Jan-2026","20879"
"709","Normal/Others","WS/MP18228/2024-2025/146931-Street lights","Uttar Pradesh","JAUNPUR(DISTRICT MAGISTRATE JAUNPUR_IDA)","1- MEWALAL YADAV S/O SEETA RAM YADAV , 2- BHARAT LAL YADAV S/O SHREE RAM YADAV K GHAR 02 NAH SOLAR LIGHT","PRIYA SAROJ","MACHHLISHAHR(SC)","Images","23-Jan-2026","41756"
"710","Normal/Others","WS/MP18228/2024-2025/146955-Street lights","Uttar Pradesh","JAUNPUR(DISTRICT MAGISTRATE JAUNPUR_IDA)","PRIYANSHU YADAV S\O RAM KIRAT YADAV K GHAR 01 NAG SOLAR LIGHT","PRIYA SAROJ","MACHHLISHAHR(SC)","Images","28-Jan-2026","20879"
"711","Normal/Others","WS/MP18228/2024-2025/146964-Street lights","Uttar Pradesh","JAUNPUR(DISTRICT MAGISTRATE JAUNPUR_IDA)","VISMILLAH S\O SULEMAN K GHAR 01 NAG SOLAR LIGHT","PRIYA SAROJ","MACHHLISHAHR(SC)","Images","23-Jan-2026","20879"
"712","Normal/Others","WS/MP18228/2024-2025/146951-Street lights","Uttar Pradesh","JAUNPUR(DISTRICT MAGISTRATE JAUNPUR_IDA)","1- BAIJNATH YADAV S\O LALLAN YADAV, 2- DIWAKAR MAURYA S\O VIJAY KUMAR MAURYA, 3- DHANANJAY YADAV S\O SHREE PATI YADAV K GHAR KUL 03 NAG SALAR LIGHT","PRIYA SAROJ","MACHHLISHAHR(SC)","Images","28-Jan-2026","62635"
"713","Normal/Others","WS/MP18228/2024-2025/146957-Street lights","Uttar Pradesh","JAUNPUR(DISTRICT MAGISTRATE JAUNPUR_IDA)","MANOJ YADAV S\O GULAB CHAND YADAV K GHR 01 NAG SOLAR LIGHT","PRIYA SAROJ","MACHHLISHAHR(SC)","Images","28-Jan-2026","20879"
"714","Normal/Others","WS/MP18228/2024-2025/146952-Street lights","Uttar Pradesh","JAUNPUR(DISTRICT MAGISTRATE JAUNPUR_IDA)","1- VIJAY NATH YADAV S\O PUROSHOTTAM YADAV, 2- SANJAY KUMAR YADAV S\O RAM NARAYAN K GHAR KUL 02 NAG SALAR LIGHT","PRIYA SAROJ","MACHHLISHAHR(SC)","Images","28-Jan-2026","41756"
"715","Normal/Others","WS/MP18228/2024-2025/146954-Street lights","Uttar Pradesh","JAUNPUR(DISTRICT MAGISTRATE JAUNPUR_IDA)","RADHESHYAM YADAV S\O LAL JI YADAV VILL BHATWA CHAK RAMPUR NADDI K GHAR 01 NAG SOLAR LIGHT","PRIYA SAROJ","MACHHLISHAHR(SC)","Images","21-Jan-2026","20879"
"716","Normal/Others","WS/MP18228/2024-2025/146953-Street lights","Uttar Pradesh","JAUNPUR(DISTRICT MAGISTRATE JAUNPUR_IDA)","1- NANHELAL YADAV S\O SEETA RAM YADAV , 2- RAMBALEE YADAV S\O BABURAM YADAV, 3- SANJAY KUMAR YADAV S\O HARI YADAV, 4- KAMALU DDIN KHAN S\O MAJEED KHAN K GHAR KUL 04 NAG SOLAR LIGHT","PRIYA SAROJ","MACHHLISHAHR(SC)","Images","28-Jan-2026","83515"
"717","Normal/Others","WS/MP18228/2024-2025/146956-Street lights","Uttar Pradesh","JAUNPUR(DISTRICT MAGISTRATE JAUNPUR_IDA)","VINOD YADAV S\O SITA RAM YADAV K GHAR 01 NAG SOLAR LIGHT","PRIYA SAROJ","MACHHLISHAHR(SC)","Images","21-Jan-2026","20879"
"718","Normal/Others","WS/MP18228/2024-2025/146949-Street lights","Uttar Pradesh","JAUNPUR(DISTRICT MAGISTRATE JAUNPUR_IDA)","JITENDRA PARATAP YADAV S\O SAHAB LAL YADAV K GHAR 01 NAG SOLAR LIGHT","PRIYA SAROJ","MACHHLISHAHR(SC)","Images","23-Jan-2026","20879"
"719","Normal/Others","WS/MP18228/2024-2025/146958-Street lights","Uttar Pradesh","JAUNPUR(DISTRICT MAGISTRATE JAUNPUR_IDA)","RAM DHANI YADAV S\O LAUTOO RAM YADAV K GHAR SOLAR LIGHT","PRIYA SAROJ","MACHHLISHAHR(SC)","Images","23-Jan-2026","20879"
"720","Normal/Others","WS/MP18228/2024-2025/146962-Street lights","Uttar Pradesh","JAUNPUR(DISTRICT MAGISTRATE JAUNPUR_IDA)","AJEET YADAV S\O RAM HEET YADAV K GHAR 01 NAG SOLAR LIGHT","PRIYA SAROJ","MACHHLISHAHR(SC)","Images","23-Jan-2026","20879"
"721","Normal/Others","WS/MP18228/2024-2025/146950-Street lights","Uttar Pradesh","JAUNPUR(DISTRICT MAGISTRATE JAUNPUR_IDA)","JAGDEESH YADAV S\O SHITALA PRASAD YADAV K GHAR 01 NAG SOLAR LIGHT","PRIYA SAROJ","MACHHLISHAHR(SC)","Images","28-Jan-2026","20879"
"722","Normal/Others","WS/MP18228/2024-2025/146947-Street lights","Uttar Pradesh","JAUNPUR(DISTRICT MAGISTRATE JAUNPUR_IDA)","1- RAKESH KUMAR YADAV S\O MULLAN YADAV, 2- VIKAS CHAURASIYA S/O VIJAY LAL CHAURSIYA K GHAR  02 NAG SOLAR LIGHT","PRIYA SAROJ","MACHHLISHAHR(SC)","Images","23-Jan-2026","41756"
"723","Normal/Others","WS/MP18228/2024-2025/146946-Street lights","Uttar Pradesh","JAUNPUR(DISTRICT MAGISTRATE JAUNPUR_IDA)","1- RAM JEET YADAV S\O SEETA RAM YADAV, BRIJ KUMAR YADAV S/O RAM SOROMAN YADAV K GHAR KUL 02 NAG SOLAR LIGHT","PRIYA SAROJ","MACHHLISHAHR(SC)","Images","23-Jan-2026","41756"
"724","Normal/Others","WS/MP18228/2024-2025/146944-Street lights","Uttar Pradesh","JAUNPUR(DISTRICT MAGISTRATE JAUNPUR_IDA)","MANBODH KUMAR PAL S/O JOKHU RAM PAL K GHAR 01 NAG SOLAR LIGHT","PRIYA SAROJ","MACHHLISHAHR(SC)","Images","23-Jan-2026","20879"
"725","Normal/Others","WS/MP18228/2024-2025/146996-Street lights","Uttar Pradesh","JAUNPUR(DISTRICT MAGISTRATE JAUNPUR_IDA)","ANIL KUMAR DUBEY S\O MAYA SHANKAR DUBEY, 2- BADARUDDIN S\O SHER ALI K GHAR KUL 02 NAG SOLAR LIGHT","PRIYA SAROJ","MACHHLISHAHR(SC)","Images","28-Jan-2026","41756"
"726","Normal/Others","WS/MP18228/2024-2025/146967-Street lights","Uttar Pradesh","JAUNPUR(DISTRICT MAGISTRATE JAUNPUR_IDA)","1- OM PRAKASH YADAV S\O BHAGELU RAM YADAV, 2- INDU PRAKASH YADAV S\O JAY NATH YADAV K GHAR KUL 02 NAG SOLAR LIGHT","PRIYA SAROJ","MACHHLISHAHR(SC)","Images","23-Jan-2026","41756"
"727","Normal/Others","WS/MP18228/2024-2025/146966-Street lights","Uttar Pradesh","JAUNPUR(DISTRICT MAGISTRATE JAUNPUR_IDA)","HUSAIN ALI S\O BUNEL KHAN K GHAR 01 NAG SOLAR LIGHT","PRIYA SAROJ","MACHHLISHAHR(SC)","Images","22-Jan-2026","20879"
"728","Normal/Others","WS/MP18228/2024-2025/146965-Street lights","Uttar Pradesh","JAUNPUR(DISTRICT MAGISTRATE JAUNPUR_IDA)","MOHAN LAL YADAV S\O NIKHIDDI YADAV K GHAR 01 NAG SOLAR LIGHT","PRIYA SAROJ","MACHHLISHAHR(SC)","Images","22-Jan-2026","20879"
"729","Normal/Others","WS/MP18228/2024-2025/146960-Street lights","Uttar Pradesh","JAUNPUR(DISTRICT MAGISTRATE JAUNPUR_IDA)","SUNEEL KUMAR YADAV S\O RAJ DEV YADAV K GHAR 01 NAG SOLAR LIGHT","PRIYA SAROJ","MACHHLISHAHR(SC)","Images","21-Jan-2026","20879"
"730","Normal/Others","WS/MP18228/2024-2025/146963-Street lights","Uttar Pradesh","JAUNPUR(DISTRICT MAGISTRATE JAUNPUR_IDA)","TEJ BAHADUR PATEL S\O PARAS NATH PATEL K GHAR 01 NAG SOLAR LIGHT","PRIYA SAROJ","MACHHLISHAHR(SC)","Images","28-Jan-2026","20879"
"731","Normal/Others","WS/MP18228/2024-2025/146959-Street lights","Uttar Pradesh","JAUNPUR(DISTRICT MAGISTRATE JAUNPUR_IDA)","1- RAJESH YADAV S\O RAJA RAM YADAV, 2- AKHILESH YADAV S\O RAJA RAM YADAV K GHAR KUL 02 NAG SOLAR LIGHT","PRIYA SAROJ","MACHHLISHAHR(SC)","Images","22-Jan-2026","41756"
"732","Normal/Others","WS/MP18228/2024-2025/146961-Street lights","Uttar Pradesh","JAUNPUR(DISTRICT MAGISTRATE JAUNPUR_IDA)","NANHKOO RAM YADAV S\O SITA RAM YADAV K GHAR 01 NAG SOLAR LIGHT","PRIYA SAROJ","MACHHLISHAHR(SC)","Images","28-Jan-2026","20879"
"733","Normal/Others","WS/MP18228/2024-2025/146997-Street lights","Uttar Pradesh","JAUNPUR(DISTRICT MAGISTRATE JAUNPUR_IDA)","AKASH YADAV S\O ASHOK KUMAR YADAV K GHAR 01 NAG SOLAR LIGHT","PRIYA SAROJ","MACHHLISHAHR(SC)","Images","23-Jan-2026","20879"
"734","Normal/Others","WS/MP18228/2024-2025/146999-Street lights","Uttar Pradesh","JAUNPUR(DISTRICT MAGISTRATE JAUNPUR_IDA)","ANIL KUMAR YADAV S\O GHANSHYAMPUR K GHAR 01 NAG SOLAR LIGHT","PRIYA SAROJ","MACHHLISHAHR(SC)","Images","23-Jan-2026","20879"
"735","Normal/Others","WS/MP18228/2024-2025/147001-Street lights","Uttar Pradesh","JAUNPUR(DISTRICT MAGISTRATE JAUNPUR_IDA)","1- MAHENDRA PRATAP YADAV S\O MAHADEV YADAV, 2- OM PRATIMA YADAV S\O CHHAVI NATH YADAV K GHAR KU 02 NAG SOLAR LIGHT","PRIYA SAROJ","MACHHLISHAHR(SC)","Images","23-Jan-2026","41756"
"736","Normal/Others","WS/MP18228/2024-2025/147002-Street lights","Uttar Pradesh","JAUNPUR(DISTRICT MAGISTRATE JAUNPUR_IDA)","AKHILESH PRATAP YADAV S\O GULAB CHAND K GHAR KUL 01 NAG SOLAR LIGHT","PRIYA SAROJ","MACHHLISHAHR(SC)","Images","23-Jan-2026","20879"
"737","Normal/Others","WS/MP18228/2024-2025/147004-Street lights","Uttar Pradesh","JAUNPUR(DISTRICT MAGISTRATE JAUNPUR_IDA)","FOOL CHAND YADAV S\O BANSH RAJ YADAV K GHAR 01 NAG SOLAR LIGHT","PRIYA SAROJ","MACHHLISHAHR(SC)","Images","22-Jan-2026","20879"
"738","Normal/Others","WS/MP18228/2024-2025/147005-Street lights","Uttar Pradesh","JAUNPUR(DISTRICT MAGISTRATE JAUNPUR_IDA)","SUSHIL SAROJ S\O BABULAL SAROJ K GHAR 01 NAG SOLAR LIGHT","PRIYA SAROJ","MACHHLISHAHR(SC)","Images","22-Jan-2026","20879"
"739","Normal/Others","WS/MP18228/2024-2025/147010-Street lights","Uttar Pradesh","JAUNPUR(DISTRICT MAGISTRATE JAUNPUR_IDA)","ARUN KUMAR YADAV S\O DEV RAJ YADAV K GHAR 01 NAG SOLAR LIGHT","PRIYA SAROJ","MACHHLISHAHR(SC)","Images","22-Jan-2026","20879"
"740","Normal/Others","WS/MP18228/2024-2025/147011-Street lights","Uttar Pradesh","JAUNPUR(DISTRICT MAGISTRATE JAUNPUR_IDA)","SAHAB LAL YADAV S\O MOTI LAL YADAV K GHAR SOLAR LIGHT","PRIYA SAROJ","MACHHLISHAHR(SC)","Images","22-Jan-2026","20879"
"741","Normal/Others","WS/MP18228/2024-2025/147009-Street lights","Uttar Pradesh","JAUNPUR(DISTRICT MAGISTRATE JAUNPUR_IDA)","VIJAY KUMAR YADAV S\O LALCHAND YADAV K GHAR 01 NAG SOLAR LIGHT","PRIYA SAROJ","MACHHLISHAHR(SC)","Images","22-Jan-2026","20879"
"742","Normal/Others","WS/MP18228/2024-2025/147008-Street lights","Uttar Pradesh","JAUNPUR(DISTRICT MAGISTRATE JAUNPUR_IDA)","SUBASH YADAV S\O RAM KARAN YADAV K GHAR 01 NAG SOLAR LIGHT","PRIYA SAROJ","MACHHLISHAHR(SC)","Images","28-Jan-2026","20879"
"743","Normal/Others","WS/MP18228/2024-2025/147012-Street lights","Uttar Pradesh","JAUNPUR(DISTRICT MAGISTRATE JAUNPUR_IDA)","ACHCHHELAL YADAV S\O JAI RAM YADAV K GHAR 01 NAG SOLAR LIGHT","PRIYA SAROJ","MACHHLISHAHR(SC)","Images","22-Jan-2026","20879"
"744","Normal/Others","WS/MP18228/2024-2025/147013-Street lights","Uttar Pradesh","JAUNPUR(DISTRICT MAGISTRATE JAUNPUR_IDA)","SANT LAL CHAUHAN S\O JAY NARAYAN CHAUHAN, ANIL YADAV S\O LOLARAKH NATH YADAV K GHAR KUL 02 NAG SOLAR LIGHT","PRIYA SAROJ","MACHHLISHAHR(SC)","Images","21-Jan-2026","41756"
"745","Normal/Others","WS/MP18228/2024-2025/147015-Street lights","Uttar Pradesh","JAUNPUR(DISTRICT MAGISTRATE JAUNPUR_IDA)","DAYA SHANKAR YADAV S\O DEV RAJ YADAV K GHAR 01 NAG SOLAR LIGHT","PRIYA SAROJ","MACHHLISHAHR(SC)","Images","21-Jan-2026","20879"
"746","Normal/Others","WS/MP18228/2024-2025/147007-Street lights","Uttar Pradesh","JAUNPUR(DISTRICT MAGISTRATE JAUNPUR_IDA)","RAJ NATH YADAV S\O HEERA LAL YADAV K GHAR 01 NAG SOLAR LIGHT","PRIYA SAROJ","MACHHLISHAHR(SC)","Images","21-Jan-2026","20879"
"747","Normal/Others","WS/MP18228/2024-2025/147020-Street lights","Uttar Pradesh","JAUNPUR(DISTRICT MAGISTRATE JAUNPUR_IDA)","1- PREM CHANDRA SAROJ S\O VANSH RAJ SAROJ, 2- KAMLESH YADAV S\O NARAYAN YADAV K GHAR KUL 02 NAG SOLAR LIGHT","PRIYA SAROJ","MACHHLISHAHR(SC)","Images","28-Jan-2026","41756"
"748","Normal/Others","WS/MP18228/2024-2025/147025-Street lights","Uttar Pradesh","JAUNPUR(DISTRICT MAGISTRATE JAUNPUR_IDA)","KAMLESH YADAV S\O SHYAMRAJ K GHAR 01 NAG SOLAR LIGHT","PRIYA SAROJ","MACHHLISHAHR(SC)","Images","08-Jan-2026","20879"
"749","Normal/Others","WS/MP18228/2024-2025/147027-Street lights","Uttar Pradesh","JAUNPUR(DISTRICT MAGISTRATE JAUNPUR_IDA)","1- LALCHAND GAUTAM S\O MANSHA RAM GAUTAM, 2- AJEET KUMAR YADAV S\O JILA JEET YADAV, 3- MOHD. AZAD ANSARI S\O MOHD. HAFIJ, 4- SANTOSH GAUTAM S\O FOOL CHAND GAUTAM K GHAR KUL 04  NAG SOLAR LIGHT","PRIYA SAROJ","MACHHLISHAHR(SC)","N/A","21-Jan-2026","83515"
"750","Normal/Others","WS/MP18228/2024-2025/147028-Street lights","Uttar Pradesh","JAUNPUR(DISTRICT MAGISTRATE JAUNPUR_IDA)","1- MANOJ MAURYA S\O AMRIT LAL MAURYA, 2- JAY SINGH YADAV S\O MAHENDRA KUMAR YADAV K GHAR KUL 02 NAG SOLAR LIGHT","PRIYA SAROJ","MACHHLISHAHR(SC)","Images","21-Jan-2026","41756"
"751","Normal/Others","WS/MP18228/2024-2025/147029-Street lights","Uttar Pradesh","JAUNPUR(DISTRICT MAGISTRATE JAUNPUR_IDA)","AWADESH YADAV S\O LATE MITHAI LAL YADAV , 2- VIRENDRA YADAV S\O RAJ DEV YADAV K GHAR KUL 02 NAG SOLAR LIGHT","PRIYA SAROJ","MACHHLISHAHR(SC)","Images","21-Jan-2026","41756"
"752","Normal/Others","WS/MP18228/2024-2025/147031-Street lights","Uttar Pradesh","JAUNPUR(DISTRICT MAGISTRATE JAUNPUR_IDA)","CHANDAN MAURYA S\O MUKHAI MAURYA K GHAR 01 NAG SOLAR LIGHT","PRIYA SAROJ","MACHHLISHAHR(SC)","Images","21-Jan-2026","20879"
"753","Normal/Others","WS/MP18228/2024-2025/147040-Street lights","Uttar Pradesh","JAUNPUR(DISTRICT MAGISTRATE JAUNPUR_IDA)","MAHENDRA YADAV S\O KAMALA SHANKAR YADAV K GHAR 01  NAG SOLAR LIGHT","PRIYA SAROJ","MACHHLISHAHR(SC)","Images","21-Jan-2026","20879"
"754","Normal/Others","WS/MP18228/2024-2025/147039-Street lights","Uttar Pradesh","JAUNPUR(DISTRICT MAGISTRATE JAUNPUR_IDA)","KAMLESH YADAV S\O HARI NATH K GHAR 01 NAG SOLAR LIGHT","PRIYA SAROJ","MACHHLISHAHR(SC)","Images","21-Jan-2026","20879"
"755","Normal/Others","WS/MP18228/2024-2025/147038-Street lights","Uttar Pradesh","JAUNPUR(DISTRICT MAGISTRATE JAUNPUR_IDA)","1- PARAS NATH YADAV S\O MUNNI LAL YADAV, 2- BRIJ LAL PATEL S\O RAJ NARAYAN PATEL K GHAR KUL 02 NAG SOLAR LIGHT","PRIYA SAROJ","MACHHLISHAHR(SC)","Images","21-Jan-2026","41756"
"756","Normal/Others","WS/MP18228/2024-2025/147037-Street lights","Uttar Pradesh","JAUNPUR(DISTRICT MAGISTRATE JAUNPUR_IDA)","AMAR BAHADUR YADAV S\O RAGHU NATH YADAV K GHAR 01 NAG SOLAR LIGHT","PRIYA SAROJ","MACHHLISHAHR(SC)","Images","21-Jan-2026","20879"
"757","Normal/Others","WS/MP18228/2024-2025/147036-Street lights","Uttar Pradesh","JAUNPUR(DISTRICT MAGISTRATE JAUNPUR_IDA)","1- SANTOSH KUMAR YADAV S\O NAND LAL YADAV, 2- SANTOSH PATEL S\O SATYA NARAYAN K GHAR 02 NAG SOLAR LIGHT","PRIYA SAROJ","MACHHLISHAHR(SC)","Images","28-Jan-2026","41756"
"758","Normal/Others","WS/MP18228/2024-2025/147035-Street lights","Uttar Pradesh","JAUNPUR(DISTRICT MAGISTRATE JAUNPUR_IDA)","1- MUVASSIR ISLAM S\O BADRUDDIN, 2- RAJESH YADAV S\O RAM BALI YADAV K GHAR KUL 02 NAG SOLAR LIGHT","PRIYA SAROJ","MACHHLISHAHR(SC)","Images","28-Jan-2026","41756"
"759","Normal/Others","WS/MP18228/2024-2025/147034-Street lights","Uttar Pradesh","JAUNPUR(DISTRICT MAGISTRATE JAUNPUR_IDA)","PEER MOHAMMAD S\O MOHD ABDULLAH K GHAR 01 NAG SOLAR LIGHT","PRIYA SAROJ","MACHHLISHAHR(SC)","Images","21-Jan-2026","20879"
"760","Normal/Others","WS/MP18228/2024-2025/147052-Street lights","Uttar Pradesh","JAUNPUR(DISTRICT MAGISTRATE JAUNPUR_IDA)","ASHISH YADAV S\O RAJ KUMAR YADAV, 2- BAL RAM YADAV S\O ABHIMANYU YADAV K GHAR 02 NAG SOLAR LIGHT","PRIYA SAROJ","MACHHLISHAHR(SC)","Images","28-Jan-2026","41756"
"761","Normal/Others","WS/MP18228/2024-2025/147053-Street lights","Uttar Pradesh","JAUNPUR(DISTRICT MAGISTRATE JAUNPUR_IDA)","SANTOSH KUMAR YADAV S\O UMRAJ YADAV K GHAR 01 NAG SOLAR LIGHT","PRIYA SAROJ","MACHHLISHAHR(SC)","Images","19-Dec-2025","20879"
"762","Normal/Others","WS/MP18228/2024-2025/147054-Street lights","Uttar Pradesh","JAUNPUR(DISTRICT MAGISTRATE JAUNPUR_IDA)","RAJ KUMAR YADAV S\O NAKSHATRA BALI YADAV K GHAR 01 NAG SOLAR LIGHT","PRIYA SAROJ","MACHHLISHAHR(SC)","Images","21-Jan-2026","20879"
"763","Normal/Others","WS/MP18228/2024-2025/147055-Street lights","Uttar Pradesh","JAUNPUR(DISTRICT MAGISTRATE JAUNPUR_IDA)","RAM ADHAR YADAV S\O RAM NATH YADAV K GHAR 01 NAG SOLAR LIGHT","PRIYA SAROJ","MACHHLISHAHR(SC)","Images","21-Jan-2026","20879"
"764","Normal/Others","WS/MP18228/2024-2025/147056-Street lights","Uttar Pradesh","JAUNPUR(DISTRICT MAGISTRATE JAUNPUR_IDA)","SAMBHOO NATH GOUND S\O KAILASH NATH GAUND K GHAR 01 NAG SOLAR LIGHT","PRIYA SAROJ","MACHHLISHAHR(SC)","Images","21-Jan-2026","20879"
"765","Normal/Others","WS/MP18228/2024-2025/147058-Street lights","Uttar Pradesh","JAUNPUR(DISTRICT MAGISTRATE JAUNPUR_IDA)","CHANDRESH PATEL S\O HEERA LAL K GHAR 01 NAG SOLAR LIGHT","PRIYA SAROJ","MACHHLISHAHR(SC)","Images","21-Jan-2026","20879"
"766","Normal/Others","WS/MP18228/2024-2025/147067-Street lights","Uttar Pradesh","JAUNPUR(DISTRICT MAGISTRATE JAUNPUR_IDA)","SAMAR BAHADUR YADAV S\O MANRAJ YADAV K GHAR 01 NAG SOLAR LIGHT","PRIYA SAROJ","MACHHLISHAHR(SC)","Images","21-Jan-2026","20879"
"767","Normal/Others","WS/MP18228/2024-2025/147065-Street lights","Uttar Pradesh","JAUNPUR(DISTRICT MAGISTRATE JAUNPUR_IDA)","SHRIMATI KAMLESH KUMARI W\O KAMLESH K GHAR 01 NAG SOLAR LIGHT","PRIYA SAROJ","MACHHLISHAHR(SC)","Images","21-Jan-2026","20879"
"768","Normal/Others","WS/MP18228/2024-2025/147064-Street lights","Uttar Pradesh","JAUNPUR(DISTRICT MAGISTRATE JAUNPUR_IDA)","MANGESH PATEL S\O LAL JI PATEL , SHER ALI S\O KUTTUBUDDIN K GHAR KUL 02 NAG SOLAR LIGHT","PRIYA SAROJ","MACHHLISHAHR(SC)","Images","21-Jan-2026","41756"
"769","Normal/Others","WS/MP18228/2024-2025/147063-Street lights","Uttar Pradesh","JAUNPUR(DISTRICT MAGISTRATE JAUNPUR_IDA)","ABHISHEK YADAV S\O ASHOK YADAV K GHAR 01 NAG SOLAR LIGHT","PRIYA SAROJ","MACHHLISHAHR(SC)","Images","21-Jan-2026","20879"
"770","Normal/Others","WS/MP18228/2024-2025/147062-Street lights","Uttar Pradesh","JAUNPUR(DISTRICT MAGISTRATE JAUNPUR_IDA)","1- TRIBHUWAN VISWAKARMA S\O PREM SHANKAR VISWAKARMA, 2- RAJENDRA YADAV S\O PREM CHANDRA YADAV K GHAR KUL 02NAG SOLAR LIGHT","PRIYA SAROJ","MACHHLISHAHR(SC)","Images","21-Jan-2026","41756"
"771","Normal/Others","WS/MP18228/2024-2025/147061-Street lights","Uttar Pradesh","JAUNPUR(DISTRICT MAGISTRATE JAUNPUR_IDA)","ABHAY RAJ YADAV S\O KAL MANI YADAV K GHAR 01 NAG SOLAR LIGHT","PRIYA SAROJ","MACHHLISHAHR(SC)","Images","23-Jan-2026","20879"
"772","Normal/Others","WS/MP18228/2024-2025/147060-Street lights","Uttar Pradesh","JAUNPUR(DISTRICT MAGISTRATE JAUNPUR_IDA)","VINOD KUMAR YADAV S\O SABHAJEET YADAV K GHAR 01 NAG SOLAR LIGHT","PRIYA SAROJ","MACHHLISHAHR(SC)","Images","21-Jan-2026","20879"
"773","Normal/Others","WS/MP18228/2024-2025/147059-Street lights","Uttar Pradesh","JAUNPUR(DISTRICT MAGISTRATE JAUNPUR_IDA)","NAND LAL YADAV S\O VANSH RAJ YADAV K GHAR 01 NAG SOLAR LIGHT","PRIYA SAROJ","MACHHLISHAHR(SC)","Images","23-Jan-2026","20879"
"774","Normal/Others","WS/MP18228/2024-2025/147068-Street lights","Uttar Pradesh","JAUNPUR(DISTRICT MAGISTRATE JAUNPUR_IDA)","RAM RAJ PAL S\O RAM NIHOR PAL K GHAR 01 NAG SOLAR LIGHT","PRIYA SAROJ","MACHHLISHAHR(SC)","Images","28-Jan-2026","20879"
"775","Normal/Others","WS/MP18228/2024-2025/147070-Street lights","Uttar Pradesh","JAUNPUR(DISTRICT MAGISTRATE JAUNPUR_IDA)","1- SOHAN LAL YADAV S\O HARI PRASHAD YADAV, 2- DHARMENDRA KUMAR YADAV S\O GAYA DIN YADAV K GHAR KUL 02 NAG SOLAR LIGHT","PRIYA SAROJ","MACHHLISHAHR(SC)","Images","23-Jan-2026","41756"
"776","Normal/Others","WS/MP18228/2024-2025/147071-Street lights","Uttar Pradesh","JAUNPUR(DISTRICT MAGISTRATE JAUNPUR_IDA)","SUNIL CHAURASIYA S\O JETAL PAL CHAURASIYA K GHAR 01NAG SOLAR LIGHT","PRIYA SAROJ","MACHHLISHAHR(SC)","Images","21-Jan-2026","20879"
"777","Normal/Others","WS/MP18228/2024-2025/147072-Street lights","Uttar Pradesh","JAUNPUR(DISTRICT MAGISTRATE JAUNPUR_IDA)","ARSHAD AHAMAD S\O HASIM K GHAR 01 NAG SOLAR LIGHT","PRIYA SAROJ","MACHHLISHAHR(SC)","Images","23-Jan-2026","20879"
"778","Normal/Others","WS/MP18228/2024-2025/147075-Street lights","Uttar Pradesh","JAUNPUR(DISTRICT MAGISTRATE JAUNPUR_IDA)","MAHENDRA MALI S\O RAJENDRA MALI, 2- ARVIND PATEL S\O RAM KHELADI PATEL K GHAR KUL 02 NAG SOLAR LIGHT","PRIYA SAROJ","MACHHLISHAHR(SC)","Images","23-Jan-2026","41756"
"779","Normal/Others","WS/MP18228/2024-2025/147074-Street lights","Uttar Pradesh","JAUNPUR(DISTRICT MAGISTRATE JAUNPUR_IDA)","MUKESH MISHRA S\O RAM CHANDRA MISHRA K GHAR 01 NAG SOLAR LIGHT","PRIYA SAROJ","MACHHLISHAHR(SC)","Images","23-Jan-2026","20879"
"780","Normal/Others","WS/MP18228/2024-2025/147073-Street lights","Uttar Pradesh","JAUNPUR(DISTRICT MAGISTRATE JAUNPUR_IDA)","1- RAKESH YADAV S\O RAJ BAHADUR YADAV, 2- YASH KUMAR YADUWANSI S\O PANCHAM RAJ YADAV K GHAR KUL 02 NAG SOLAR LIGHT","PRIYA SAROJ","MACHHLISHAHR(SC)","Images","23-Jan-2026","41756"
"781","Normal/Others","WS/MP18228/2024-2025/147099-Street lights","Uttar Pradesh","JAUNPUR(DISTRICT MAGISTRATE JAUNPUR_IDA)","AKLAKH AHAMAD S/O SAFIQ AHAMAD K GHAR 01 NAG SOLAR LIGHT","PRIYA SAROJ","MACHHLISHAHR(SC)","Images","23-Jan-2026","20879"
"782","Normal/Others","WS/MP18228/2024-2025/147100-Street lights","Uttar Pradesh","JAUNPUR(DISTRICT MAGISTRATE JAUNPUR_IDA)","OM PRAKSH PATEL S\O RAJA RAM PATEL K GHAR 01 NAG SOLAR LIGHT","PRIYA SAROJ","MACHHLISHAHR(SC)","Images","23-Jan-2026","20879"
"783","Normal/Others","WS/MP18228/2024-2025/147102-Street lights","Uttar Pradesh","JAUNPUR(DISTRICT MAGISTRATE JAUNPUR_IDA)","KHURSHID S\O JALALUDDIN K GHAR 01 NAG SOLAR LIGHT","PRIYA SAROJ","MACHHLISHAHR(SC)","Images","28-Jan-2026","20879"
"784","Normal/Others","WS/MP18228/2024-2025/147098-Street lights","Uttar Pradesh","JAUNPUR(DISTRICT MAGISTRATE JAUNPUR_IDA)","SURENDRA YADAV S\O BANKE PRASAD YADAV K GHAR 01 NAG SOLAR LIGHT","PRIYA SAROJ","MACHHLISHAHR(SC)","Images","23-Jan-2026","20879"
"785","Normal/Others","WS/MP18228/2024-2025/147097-Street lights","Uttar Pradesh","JAUNPUR(DISTRICT MAGISTRATE JAUNPUR_IDA)","AJAY PATEL S\O KESHAW PRASAD PATEL K GHAR 01 NAG SOLAR LIGHT","PRIYA SAROJ","MACHHLISHAHR(SC)","Images","23-Jan-2026","20879"
"786","Normal/Others","WS/MP18228/2024-2025/147096-Street lights","Uttar Pradesh","JAUNPUR(DISTRICT MAGISTRATE JAUNPUR_IDA)","1- PRAMOD KUMAR PATEL S\O RAMJEET PATEL, 2- MOHD. RAFEEQ KALLU S\O ABDUL HAQ K GHAR KUL 02 NAG SOLAR LIGHT","PRIYA SAROJ","MACHHLISHAHR(SC)","Images","28-Jan-2026","41756"
"787","Normal/Others","WS/MP18228/2024-2025/147095-Street lights","Uttar Pradesh","JAUNPUR(DISTRICT MAGISTRATE JAUNPUR_IDA)","JILA JEET YADAV S\O JEBODH YADAV K GHAR 01 NAG SOLAR LIGHT","PRIYA SAROJ","MACHHLISHAHR(SC)","Images","21-Jan-2026","20879"
"788","Normal/Others","WS/MP18228/2024-2025/147094-Street lights","Uttar Pradesh","JAUNPUR(DISTRICT MAGISTRATE JAUNPUR_IDA)","SANTOSH YADAV S\O LAL JI YADAV K GHAR 01 NAG SOLAR LIGHT","PRIYA SAROJ","MACHHLISHAHR(SC)","Images","23-Jan-2026","20879"
"789","Normal/Others","WS/MP18228/2024-2025/147080-Street lights","Uttar Pradesh","JAUNPUR(DISTRICT MAGISTRATE JAUNPUR_IDA)","ASHU VISWAKARMA S\O MOOL CHAND VISWAKARMA, 2- BHAWAN SAROJ S\O RAVI SHANKAR SAROJ K GHAR KUL 02 NAG SOLAR LIGHT","PRIYA SAROJ","MACHHLISHAHR(SC)","Images","23-Jan-2026","41756"
"790","Normal/Others","WS/MP18228/2024-2025/147079-Street lights","Uttar Pradesh","JAUNPUR(DISTRICT MAGISTRATE JAUNPUR_IDA)","POPAT SINGH S\O SHIV DHARI SINGH K GHAR 01 NAG SOLAR LIGHT","PRIYA SAROJ","MACHHLISHAHR(SC)","Images","23-Jan-2026","20879"
"791","Normal/Others","WS/MP18228/2024-2025/147078-Street lights","Uttar Pradesh","JAUNPUR(DISTRICT MAGISTRATE JAUNPUR_IDA)","SUNIL PATEL S\O RAM DHANI PATEL K GHAR 01 NAG SOLAR LIGHT","PRIYA SAROJ","MACHHLISHAHR(SC)","Images","23-Jan-2026","20879"
"792","Normal/Others","WS/MP18228/2024-2025/147077-Street lights","Uttar Pradesh","JAUNPUR(DISTRICT MAGISTRATE JAUNPUR_IDA)","VIKASH PATEL S\O RAMESH PATEL, 2- AMIT PATEL S\O JILA JEET PATEL , 3- RATNESH PATEL S\O RAM MURAT PATEL K GHAR KUL 03 NAG SOLAR LIGHT","PRIYA SAROJ","MACHHLISHAHR(SC)","Images","23-Jan-2026","62635"
"793","Normal/Others","WS/MP18228/2024-2025/147076-Street lights","Uttar Pradesh","JAUNPUR(DISTRICT MAGISTRATE JAUNPUR_IDA)","ROHIT PAL S\O RAM SEVAK PAL K GHAR 01 NAG SOLAR LIGHT","PRIYA SAROJ","MACHHLISHAHR(SC)","Images","23-Jan-2026","20879"
"794","Normal/Others","WS/MP18228/2024-2025/147104-Street lights","Uttar Pradesh","JAUNPUR(DISTRICT MAGISTRATE JAUNPUR_IDA)","VIJAY PATEL S\O RAJ NATH PATEL K GHAR 01 NAG SOLAR LIGHT","PRIYA SAROJ","MACHHLISHAHR(SC)","Images","23-Jan-2026","20879"
"795","Normal/Others","WS/MP18228/2024-2025/147106-Street lights","Uttar Pradesh","JAUNPUR(DISTRICT MAGISTRATE JAUNPUR_IDA)","RAM JEET YADAV S\O KANTA PRASAD YADAV, 2- KADDEDIN YADAV S\O KANAHIYA LAL YADAV K GHAR KUL 02 NAG SOLAR LIGHT","PRIYA SAROJ","MACHHLISHAHR(SC)","Images","28-Jan-2026","41756"
"796","Normal/Others","WS/MP18228/2024-2025/147116-Street lights","Uttar Pradesh","JAUNPUR(DISTRICT MAGISTRATE JAUNPUR_IDA)","1- KARIMA YADAV S\O HARI LAL YADAV, 2- TAUKIR S\O MUKHTAR AHMAD K GHAR KUL 02 NAG SOLAR LIGHT","PRIYA SAROJ","MACHHLISHAHR(SC)","Images","23-Jan-2026","41756"
"797","Normal/Others","WS/MP18228/2024-2025/147115-Street lights","Uttar Pradesh","JAUNPUR(DISTRICT MAGISTRATE JAUNPUR_IDA)","1- RAJESH YADAV S\O KAILASH YADAV, 2- SIDDHARTH MAURYA S\O RAM ASHRE MAURYA, 3- RAHUL YADAV S\O OM PRAKASH YADAV, 4- MOHD. KALIM AHAMAD S\O MAUVIN AHAMAD K GHAR KUL 04 NAG SOLAR LIGHT","PRIYA SAROJ","MACHHLISHAHR(SC)","Images","23-Jan-2026","83515"
"798","Normal/Others","WS/MP18228/2024-2025/147114-Street lights","Uttar Pradesh","JAUNPUR(DISTRICT MAGISTRATE JAUNPUR_IDA)","NANHAKOO GAUD S\O JAYNATH GAUD K GHAR 01NAG SOLAR LIGHT","PRIYA SAROJ","MACHHLISHAHR(SC)","Images","23-Jan-2026","20879"
"799","Normal/Others","WS/MP18228/2024-2025/147113-Street lights","Uttar Pradesh","JAUNPUR(DISTRICT MAGISTRATE JAUNPUR_IDA)","RAJ KARAN YADAV S\O BALDEV YADAV K GHAR 01NAG SOLAR LIGHT","PRIYA SAROJ","MACHHLISHAHR(SC)","Images","23-Jan-2026","20879"
"800","Normal/Others","WS/MP18228/2024-2025/147112-Street lights","Uttar Pradesh","JAUNPUR(DISTRICT MAGISTRATE JAUNPUR_IDA)","ANIL CHAUHAN S\O LAL JI CHAUHAN K GHAR 01 NAG SOLAR LIGHT","PRIYA SAROJ","MACHHLISHAHR(SC)","Images","21-Jan-2026","20879"
"801","Normal/Others","WS/MP18228/2024-2025/147118-Street lights","Uttar Pradesh","JAUNPUR(DISTRICT MAGISTRATE JAUNPUR_IDA)","1- SUBASH YADAV S\O NARAYAN YADAV, 2- GYANENDRA YADAV S\O JAY MURTI YADAV K GHAR KUL 02 NAG SOLAR LIGHT","PRIYA SAROJ","MACHHLISHAHR(SC)","Images","28-Jan-2026","41756"
"802","Normal/Others","WS/MP18228/2024-2025/147119-Street lights","Uttar Pradesh","JAUNPUR(DISTRICT MAGISTRATE JAUNPUR_IDA)","MAHENDRA PRATAP YADAV S\O RAM NARESH YADAV K GHAR 01 NAG SOLAR LIGHT","PRIYA SAROJ","MACHHLISHAHR(SC)","Images","23-Jan-2026","20879"
"803","Normal/Others","WS/MP18228/2024-2025/147120-Street lights","Uttar Pradesh","JAUNPUR(DISTRICT MAGISTRATE JAUNPUR_IDA)","1- SAIF KHAN S\O ABDUL KHAN, 2- UMESH YADAV S\O HARI SHANKAR YADAV K GHAR KUL 02 NAG SOLAR LIGHT","PRIYA SAROJ","MACHHLISHAHR(SC)","Images","28-Jan-2026","41756"
"804","Normal/Others","WS/MP18228/2024-2025/147122-Street lights","Uttar Pradesh","JAUNPUR(DISTRICT MAGISTRATE JAUNPUR_IDA)","RAM DHAN SAROJ S\O SUKH RAM SAROJ K GHAR 01 NAG SOLAR LIGHT","PRIYA SAROJ","MACHHLISHAHR(SC)","N/A","19-Dec-2025","20879"
"805","Normal/Others","WS/MP18228/2024-2025/147124-Street lights","Uttar Pradesh","JAUNPUR(DISTRICT MAGISTRATE JAUNPUR_IDA)","BANSH RAJ YADAV S\O BHULAI YADAV K GHAR 01 NAG SOLAR LIGHT","PRIYA SAROJ","MACHHLISHAHR(SC)","Images","23-Jan-2026","20879"
"806","Normal/Others","WS/MP18228/2024-2025/147130-Street lights","Uttar Pradesh","JAUNPUR(DISTRICT MAGISTRATE JAUNPUR_IDA)","RAM SAGAR YADAV S\O DANGAR YADAV K GHAR 01 NAG SOLAR LIGHT","PRIYA SAROJ","MACHHLISHAHR(SC)","Images","23-Jan-2026","20879"
"807","Normal/Others","WS/MP18228/2024-2025/147137-Street lights","Uttar Pradesh","JAUNPUR(DISTRICT MAGISTRATE JAUNPUR_IDA)","1- ASHA RAM YADAV S\O MOTI LAL YADAV, 2- RAJ KUMAR YADAV S\O DHARM NARAYAN YADAV K GHAR KUL 02 NAG SOLAR LIGHT","PRIYA SAROJ","MACHHLISHAHR(SC)","Images","21-Jan-2026","41758"
"808","Normal/Others","WS/MP18228/2024-2025/147152-Street lights","Uttar Pradesh","JAUNPUR(DISTRICT MAGISTRATE JAUNPUR_IDA)","BANWARI LAL SHARMA S\O BUDHIRAM SHARMA K GHAR 01 NAG SOLAR LIGHT","PRIYA SAROJ","MACHHLISHAHR(SC)","Images","23-Jan-2026","20879"
"809","Normal/Others","WS/MP18228/2024-2025/147156-Street lights","Uttar Pradesh","JAUNPUR(DISTRICT MAGISTRATE JAUNPUR_IDA)","1- TEJ BAHADUR PATEL S\O BABAU PATEL, 2- SHRAWAN KUMAR YADAV S\O RAM RAJ YADAV K GHAR KUL 02 NAG SOLAR LIGHT","PRIYA SAROJ","MACHHLISHAHR(SC)","Images","27-Jan-2026","41756"
"810","Normal/Others","WS/MP18228/2024-2025/147157-Street lights","Uttar Pradesh","JAUNPUR(DISTRICT MAGISTRATE JAUNPUR_IDA)","SANJAY YADAV S\O SABHAJEET YADAV K GHAR 01 NAG SOLAR LIGHT","PRIYA SAROJ","MACHHLISHAHR(SC)","Images","28-Jan-2026","20879"
"811","Normal/Others","WS/MP18228/2024-2025/147180-Street lights","Uttar Pradesh","JAUNPUR(DISTRICT MAGISTRATE JAUNPUR_IDA)","SEWA LAL YADAV S\O RAM NATH YADAV K GHAR 01 NAG SOLAR LIGHT","PRIYA SAROJ","MACHHLISHAHR(SC)","Images","27-Jan-2026","20879"
"812","Normal/Others","WS/MP18228/2024-2025/147181-Street lights","Uttar Pradesh","JAUNPUR(DISTRICT MAGISTRATE JAUNPUR_IDA)","RAJENDRA PRATAP YADAV S\O RAM SURAT YADAV K GHAR 01 NAG SOLAR LIGHT","PRIYA SAROJ","MACHHLISHAHR(SC)","Images","27-Jan-2026","20879"
"813","Normal/Others","WS/MP18228/2024-2025/147182-Street lights","Uttar Pradesh","JAUNPUR(DISTRICT MAGISTRATE JAUNPUR_IDA)","AMIT SINGH S\O RAKESH SINGH K GHAR 01 NAG SOLAR LIGHT","PRIYA SAROJ","MACHHLISHAHR(SC)","Images","27-Jan-2026","20879"
"814","Normal/Others","WS/MP18228/2024-2025/147183-Street lights","Uttar Pradesh","JAUNPUR(DISTRICT MAGISTRATE JAUNPUR_IDA)","JWALA PRASAD YADAV S\O SHYAM JEET YADAV K GHAR 01 NAG SOLAR LIGHT","PRIYA SAROJ","MACHHLISHAHR(SC)","Images","22-Jan-2026","20879"
"815","Normal/Others","WS/MP18228/2024-2025/147185-Street lights","Uttar Pradesh","JAUNPUR(DISTRICT MAGISTRATE JAUNPUR_IDA)","1- SHESH MANI YADAV S\O SATYA NARAYAN YADAV, 2-  BACHCHAN YADAV WAKIL S\O LALTA PRASAD K GHAR KUL 02 NAG SOLAR LIGHT","PRIYA SAROJ","MACHHLISHAHR(SC)","Images","28-Jan-2026","41756"
"816","Normal/Others","WS/MP18228/2024-2025/147188-Street lights","Uttar Pradesh","JAUNPUR(DISTRICT MAGISTRATE JAUNPUR_IDA)","1- RAKESH SINGH S\O BANSH RAJ SINGH, 2- RAJ KUMAR YADAV S\O JOKHAN YADAV K GHAR KUL 02 NAG SOLAR LIGHT","PRIYA SAROJ","MACHHLISHAHR(SC)","Images","22-Jan-2026","41756"
"817","Normal/Others","WS/MP18228/2024-2025/147192-Street lights","Uttar Pradesh","JAUNPUR(DISTRICT MAGISTRATE JAUNPUR_IDA)","HIMANCHAL GAUD S\O DUKHRAN GAUD K GHAR 01 NAG SOLAR LIGHT","PRIYA SAROJ","MACHHLISHAHR(SC)","Images","22-Jan-2026","20879"
"818","Normal/Others","WS/MP18228/2024-2025/147197-Street lights","Uttar Pradesh","JAUNPUR(DISTRICT MAGISTRATE JAUNPUR_IDA)","1- DIWAKAR MAURYA S\O VIPAT RAM MAURYA, 2- SURESH SAROJ S\O FOOLCHAND SAROJ K GHAR KUL 02 NAG SOLAR LIGHT","PRIYA SAROJ","MACHHLISHAHR(SC)","Images","22-Jan-2026","41756"
"819","Normal/Others","WS/MP18228/2024-2025/147200-Street lights","Uttar Pradesh","JAUNPUR(DISTRICT MAGISTRATE JAUNPUR_IDA)","1- PANDHARI LAL YADAV S\O BULLA YADAV, 2- SARBARE ALAM S\O HUSAIN, 3- BECHAN PAL S\O ALGOO PAL K GHAR KUL 03 NAG SOLAR LIGHT","PRIYA SAROJ","MACHHLISHAHR(SC)","Images","28-Jan-2026","62635"
"820","Normal/Others","WS/MP18228/2024-2025/147202-Street lights","Uttar Pradesh","JAUNPUR(DISTRICT MAGISTRATE JAUNPUR_IDA)","1- SHAILESH KUMAR MAURYA S\O SARJOO RAM MAURYA, 2- DHARMENDRA YADAV PRADHAN S\O RAM KHELAWAN YADAV K GHAR KUL 02 NAG SOLAR LIGHT","PRIYA SAROJ","MACHHLISHAHR(SC)","Images","28-Jan-2026","41756"
"821","Normal/Others","WS/MP18228/2024-2025/147208-Street lights","Uttar Pradesh","JAUNPUR(DISTRICT MAGISTRATE JAUNPUR_IDA)","BHAGWATI PRASAD YADAV S\O NANHOO YADAV K GHAR 01 NAG SOLAR LIGHT","PRIYA SAROJ","MACHHLISHAHR(SC)","Images","28-Jan-2026","20879"
"822","Normal/Others","WS/MP18228/2024-2025/147210-Street lights","Uttar Pradesh","JAUNPUR(DISTRICT MAGISTRATE JAUNPUR_IDA)","DHARMENDRA YADAV S\O RAJENDRA YADAV K GHAR 01 NAG SOLAR LIGHT","PRIYA SAROJ","MACHHLISHAHR(SC)","Images","28-Jan-2026","20879"
"823","Normal/Others","WS/MP18228/2024-2025/147212-Street lights","Uttar Pradesh","JAUNPUR(DISTRICT MAGISTRATE JAUNPUR_IDA)","KAMLESH YADAV S\O DASRATH YADAV K GHAR 01 NAG SOLAR LIGHT","PRIYA SAROJ","MACHHLISHAHR(SC)","Images","21-Jan-2026","20879"
"824","Normal/Others","WS/MP18228/2024-2025/147217-Street lights","Uttar Pradesh","JAUNPUR(DISTRICT MAGISTRATE JAUNPUR_IDA)","GULAB CHAND YADAV S\O MATA SARAN YADAV K GHAR 01 NAG SOLAR LIGHT","PRIYA SAROJ","MACHHLISHAHR(SC)","Images","28-Jan-2026","20879"
"825","Normal/Others","WS/MP18228/2024-2025/147215-Street lights","Uttar Pradesh","JAUNPUR(DISTRICT MAGISTRATE JAUNPUR_IDA)","AWADHESH YADAV S\O VIJAY BAHADUR YADAV, 2- JAYESH YADAV S\O HARI RAM YADAV, 3- RAKESH SAROJ S\O PANNA LAL SAROJ, 4- SATYENDRA YADAV S\O RAMA SHANKAR YADAV K GHAR KUL 04 NAG SOLAR LIGHT","PRIYA SAROJ","MACHHLISHAHR(SC)","Images","28-Jan-2026","83515"
"826","Normal/Others","WS/MP18228/2024-2025/147218-Street lights","Uttar Pradesh","JAUNPUR(DISTRICT MAGISTRATE JAUNPUR_IDA)","RAMA SHANKAR YADAV S\O SUKKHU YADAV K GHAR 01 NAG SOLAR LIGHT","PRIYA SAROJ","MACHHLISHAHR(SC)","Images","21-Jan-2026","20879"
"827","Normal/Others","WS/MP18228/2024-2025/147547-Street lights","Uttar Pradesh","JAUNPUR(DISTRICT MAGISTRATE JAUNPUR_IDA)","LAL JI SAROJ S\O RAM NIHOR SAROJ K GHAR 01 NAG SOLAR LIGHT","PRIYA SAROJ","MACHHLISHAHR(SC)","Images","23-Jan-2026","20879"
"828","Normal/Others","WS/MP18228/2024-2025/147548-Street lights","Uttar Pradesh","JAUNPUR(DISTRICT MAGISTRATE JAUNPUR_IDA)","MOHD. SARIF S\O HABIBULLAH K GHAR 01 NAG SOLAR LIGHT","PRIYA SAROJ","MACHHLISHAHR(SC)","Images","23-Jan-2026","20879"
"829","Normal/Others","WS/MP18228/2024-2025/147552-Street lights","Uttar Pradesh","JAUNPUR(DISTRICT MAGISTRATE JAUNPUR_IDA)","THAKUR PRASAD YADAV S\O KAMTA PRASAD YADAV K GHAR 01 NAG SOLAR LIGHT","PRIYA SAROJ","MACHHLISHAHR(SC)","N/A","23-Jan-2026","20879"
"830","Normal/Others","WS/MP18228/2024-2025/147553-Street lights","Uttar Pradesh","JAUNPUR(DISTRICT MAGISTRATE JAUNPUR_IDA)","SIROMAN PAL S\O RAM CHIRANJIV PAL K GHAR 01 NAG SOLAR LIGHT","PRIYA SAROJ","MACHHLISHAHR(SC)","Images","23-Jan-2026","20879"
"831","Normal/Others","WS/MP18228/2024-2025/147554-Street lights","Uttar Pradesh","JAUNPUR(DISTRICT MAGISTRATE JAUNPUR_IDA)","RAMESH YADAV S\O RAJ MANI YADAV K GHAR 01 NAG SOLAR LIGHT","PRIYA SAROJ","MACHHLISHAHR(SC)","Images","23-Jan-2026","20879"
"832","Normal/Others","WS/MP18228/2024-2025/147216-Street lights","Uttar Pradesh","JAUNPUR(DISTRICT MAGISTRATE JAUNPUR_IDA)","TAHSILDAR YADAV S\O KAMLA SHANKAR YADAV K GHAR 01 NAG SOLAR LIGHT","PRIYA SAROJ","MACHHLISHAHR(SC)","Images","28-Jan-2026","20879"
"833","Normal/Others","WS/MP18228/2024-2025/147555-Street lights","Uttar Pradesh","JAUNPUR(DISTRICT MAGISTRATE JAUNPUR_IDA)","1- JAY PRAKASH MAURYA S\O SADHO MAURYA, 2- BUDHI RAM YADAV S\O LAUDHAR YADAV, 3- NANHE LAL YADAV S\O DAYA SHANKAR YADAV K GHAR KUL 03 NAG SOLAR LIGHT","PRIYA SAROJ","MACHHLISHAHR(SC)","Images","23-Jan-2026","62635"
"834","Normal/Others","WS/MP18228/2024-2025/147556-Street lights","Uttar Pradesh","JAUNPUR(DISTRICT MAGISTRATE JAUNPUR_IDA)","KRISHNA KUMAR BAGGAD PANDEY S\O FOOL CHAND PANDEY K GHAR 01 NAG SOLAR LIGHT","PRIYA SAROJ","MACHHLISHAHR(SC)","Images","23-Jan-2026","20879"
"835","Normal/Others","WS/MP18228/2024-2025/147558-Street lights","Uttar Pradesh","JAUNPUR(DISTRICT MAGISTRATE JAUNPUR_IDA)","1- SHRI RAM YADAV S\O ACHHAI BAR YADAV,  2- PRAMOD YADAV SHIV ASHRE YADAV K GHAR KUL 02 NAG SOLAR LIGHT","PRIYA SAROJ","MACHHLISHAHR(SC)","Images","23-Jan-2026","41756"
"836","Normal/Others","WS/MP18228/2024-2025/147559-Street lights","Uttar Pradesh","JAUNPUR(DISTRICT MAGISTRATE JAUNPUR_IDA)","1- CHHEDI LAL MALI S\O BANWARI LAL MALI, 2- MOHD. JAMAL S\O MOHD. JALLA K GHAR KUL 02 NAG SOLAR LIGHT","PRIYA SAROJ","MACHHLISHAHR(SC)","N/A","23-Jan-2026","41756"
"837","Normal/Others","WS/MP18228/2024-2025/147654-Street lights","Uttar Pradesh","JAUNPUR(DISTRICT MAGISTRATE JAUNPUR_IDA)","RAM PARAKASH PANDEY S\O TRIDEV PANDEY K GHAR 01 NAG SOLAR LIGHT","PRIYA SAROJ","MACHHLISHAHR(SC)","Images","28-Jan-2026","20879"
"838","Normal/Others","WS/MP18228/2024-2025/147655-Street lights","Uttar Pradesh","JAUNPUR(DISTRICT MAGISTRATE JAUNPUR_IDA)","1- SATISH KUMAR YADAV S\O RAJENDRA YADAV, 2- KRISHNA KUMAR BABALOO S\O RAM RAJ YADAV, 3- ROHIT YADAV S\O RAMESH YADAV K GHAR KUL 03 NAG SOLAR LIGHT","PRIYA SAROJ","MACHHLISHAHR(SC)","Images","27-Jan-2026","62635"
"839","Normal/Others","WS/MP18228/2024-2025/147656-Street lights","Uttar Pradesh","JAUNPUR(DISTRICT MAGISTRATE JAUNPUR_IDA)","1- RAJESH KUMAR YADAV S\O VIBHUTI NARAYAN YADAV, 2- BAL MUKUND YADAV S\O LATE. BABU NANDAN YADAV, 3- JATA SHANKAR YADAV S\O LATE. GULAB CHAND YADAV K GHAR KUL 03 NAG SOLAR LIGHT","PRIYA SAROJ","MACHHLISHAHR(SC)","Images","27-Jan-2026","62635"
"840","Normal/Others","WS/MP18228/2024-2025/147657-Street lights","Uttar Pradesh","JAUNPUR(DISTRICT MAGISTRATE JAUNPUR_IDA)","1- KANHAIYA LAL YADAV S\O RAMESH CHAND YADAV, 2- VINAY YADAV S\O SANGRAM YADAV K GHAR KUL 02 NAG SOLAR LIGHT","PRIYA SAROJ","MACHHLISHAHR(SC)","Images","27-Jan-2026","41756"
"841","Normal/Others","WS/MP18228/2024-2025/147658-Street lights","Uttar Pradesh","JAUNPUR(DISTRICT MAGISTRATE JAUNPUR_IDA)","RAJ KUMAR YADAV S\O PRAKASH NATH K GHAR 01 NAG SOLAR LIGHT","PRIYA SAROJ","MACHHLISHAHR(SC)","Images","21-Jan-2026","20879"
"842","Normal/Others","WS/MP18228/2024-2025/147660-Street lights","Uttar Pradesh","JAUNPUR(DISTRICT MAGISTRATE JAUNPUR_IDA)","SURESH CHAND YADAV S\O RAJ NARAYAN YADAV K GHAR 01 NAG SOLAR LIGHT","PRIYA SAROJ","MACHHLISHAHR(SC)","Images","27-Jan-2026","20879"
"843","Normal/Others","WS/MP18228/2024-2025/147661-Street lights","Uttar Pradesh","JAUNPUR(DISTRICT MAGISTRATE JAUNPUR_IDA)","1- FUL CHAND YADAV S\O RAM HARAKH YADAV, 2- KRISHNA MURARI YADAV S\O RAM CHARAN YADAV K GHAR KUL 02 NAG SOLAR LIGHT","PRIYA SAROJ","MACHHLISHAHR(SC)","Images","27-Jan-2026","41756"
"844","Normal/Others","WS/MP18228/2024-2025/147662-Street lights","Uttar Pradesh","JAUNPUR(DISTRICT MAGISTRATE JAUNPUR_IDA)","1- BHULAI PRASAD YADAV S\O MEWA LAL, 2- AMAR JEET YADAV S\O RAM NARAYAN YADAV K GHAR KUL 02 NAG SOLAR LIGHT","PRIYA SAROJ","MACHHLISHAHR(SC)","Images","28-Jan-2026","41756"
"845","Normal/Others","WS/MP18228/2024-2025/147669-Street lights","Uttar Pradesh","JAUNPUR(DISTRICT MAGISTRATE JAUNPUR_IDA)","SANJAY YADAV S\O RAMA SHANKAR YADAV K GHAR 01 NAG SOLAR LIGHT","PRIYA SAROJ","MACHHLISHAHR(SC)","Images","27-Jan-2026","20879"
"846","Normal/Others","WS/MP18228/2024-2025/147670-Street lights","Uttar Pradesh","JAUNPUR(DISTRICT MAGISTRATE JAUNPUR_IDA)","1- SANTOSH JAYSWAL S\O SHESH NARAYAN JAYSWAL, 2- MOHD. KAYUM S\O NIZANUDDIN K GHAR KUL 02 NAG SOLAR LIGHT","PRIYA SAROJ","MACHHLISHAHR(SC)","Images","28-Jan-2026","41756"
"847","Normal/Others","WS/MP18228/2024-2025/147671-Street lights","Uttar Pradesh","JAUNPUR(DISTRICT MAGISTRATE JAUNPUR_IDA)","ISHHAQ S\O NIJAMUDDIN K GHAR 01 NAG SOLAR LIGHT","PRIYA SAROJ","MACHHLISHAHR(SC)","Images","28-Jan-2026","20879"
"848","Normal/Others","WS/MP18228/2024-2025/147672-Street lights","Uttar Pradesh","JAUNPUR(DISTRICT MAGISTRATE JAUNPUR_IDA)","TASLIM ARIF S\O JIYA UL HAQ K GHAR 01 NAG SOLAR LIGHT","PRIYA SAROJ","MACHHLISHAHR(SC)","Images","28-Jan-2026","20879"
"849","Normal/Others","WS/MP18228/2024-2025/147673-Street lights","Uttar Pradesh","JAUNPUR(DISTRICT MAGISTRATE JAUNPUR_IDA)","1- MOHD. SULEMAAN S\O JOKHU SHEKH, 2- KAMLESH PAL S\O RAJENDRA PAL K GHAR KUL 02 NAG SOLAR LIGHT","PRIYA SAROJ","MACHHLISHAHR(SC)","N/A","28-Jan-2026","41756"
"850","Normal/Others","WS/MP18228/2024-2025/147674-Street lights","Uttar Pradesh","JAUNPUR(DISTRICT MAGISTRATE JAUNPUR_IDA)","1- ANKUR YADAV S\O ANIL KUMAR YADAV, 2-  VINAY KUMAR YADAV S\O DAYA SHANKAR YADAV K GHAR KUL 02 NAG SOLAR LIGHT","PRIYA SAROJ","MACHHLISHAHR(SC)","N/A","28-Jan-2026","41756"
"851","Normal/Others","WS/MP18228/2024-2025/147677-Street lights","Uttar Pradesh","JAUNPUR(DISTRICT MAGISTRATE JAUNPUR_IDA)","1- LAL BAHADUR CHAUHAN S\O LAL CHAND CHAUHAN , 2- SANTOSH JAYSWAL S\O RADHEY SHYAM CHAUHAN K GHAR KUL 02 NAG SOLAR LIGHT","PRIYA SAROJ","MACHHLISHAHR(SC)","Images","28-Jan-2026","41756"
"852","Normal/Others","WS/MP18228/2024-2025/147678-Street lights","Uttar Pradesh","JAUNPUR(DISTRICT MAGISTRATE JAUNPUR_IDA)","1- AJEET KUMAR YADAV S\O RAM YASH YADAV , 2- VIJAY YADAV S\O VISHRAM YADAV K GHAR KUL 02 NAG SOLAR LIGHT","PRIYA SAROJ","MACHHLISHAHR(SC)","Images","28-Jan-2026","41756"
"853","Normal/Others","WS/MP18228/2024-2025/147679-Street lights","Uttar Pradesh","JAUNPUR(DISTRICT MAGISTRATE JAUNPUR_IDA)","RAM KUWAR YADAV S\O RAM KISHAN YADAV K GHAR 01 NAG SOLAR LIGHT","PRIYA SAROJ","MACHHLISHAHR(SC)","Images","28-Jan-2026","20879"
"854","Normal/Others","WS/MP18228/2024-2025/147680-Street lights","Uttar Pradesh","JAUNPUR(DISTRICT MAGISTRATE JAUNPUR_IDA)","SHIV DHARI YADAV S\O BAIJ NATH YADAV K GHAR 01 NAG SOLAR LIGHT","PRIYA SAROJ","MACHHLISHAHR(SC)","Images","28-Jan-2026","20879"
"855","Normal/Others","WS/MP18228/2024-2025/147682-Street lights","Uttar Pradesh","JAUNPUR(DISTRICT MAGISTRATE JAUNPUR_IDA)","PRABHU NATH YADAV S\O MANGROO RAM YADAV","PRIYA SAROJ","MACHHLISHAHR(SC)","Images","28-Jan-2026","20879"
"856","Normal/Others","WS/MP18228/2024-2025/147684-Street lights","Uttar Pradesh","JAUNPUR(DISTRICT MAGISTRATE JAUNPUR_IDA)","1- VIJAY BAHADUR PATEL S\O DOODH NATH PATEL, 2- FOOL CHAND PATEL S\O SURYA BALEE PATEL , 3- MAHFOOJ ALAM S\O LIYAKAT ALI, 4- ABDUL KADIR S\O ALI AHAMAD K GHAR KU 04 NAG SOLAR LIGHT","PRIYA SAROJ","MACHHLISHAHR(SC)","Images","28-Jan-2026","83515"
"857","Normal/Others","WS/MP18228/2024-2025/147686-Street lights","Uttar Pradesh","JAUNPUR(DISTRICT MAGISTRATE JAUNPUR_IDA)","PREM CHAND PAL S\O RAM LAKHAN PAL K GHAR 01 NAG SOLAR LIGHT","PRIYA SAROJ","MACHHLISHAHR(SC)","Images","28-Jan-2026","20879"
"858","Normal/Others","WS/MP18228/2024-2025/147687-Street lights","Uttar Pradesh","JAUNPUR(DISTRICT MAGISTRATE JAUNPUR_IDA)","ATUL YADAV S\O MANOJ YADAV K GHAR 01 NAG SOLAR LIGHT","PRIYA SAROJ","MACHHLISHAHR(SC)","N/A","28-Jan-2026","20879"
"859","Normal/Others","WS/MP18228/2024-2025/147688-Street lights","Uttar Pradesh","JAUNPUR(DISTRICT MAGISTRATE JAUNPUR_IDA)","1- RAVINDRA SHARMA S\O JEET NARAYAN SHARMA, 2- MOHD. SUHAIL S\O MO. KAYUM, 3- UMA SHANKAR PAL S\O PRABHU PAL, 4- KAMLESH KANNAUJIYA S\O SITA RAM KANNOUJIYA K GHAR KUL 04 NAG SOLAR LIGHT","PRIYA SAROJ","MACHHLISHAHR(SC)","N/A","27-Jan-2026","83514"
"860","Normal/Others","WS/MP18228/2024-2025/147689-Street lights","Uttar Pradesh","JAUNPUR(DISTRICT MAGISTRATE JAUNPUR_IDA)","1- AMAR NATH PATEL S\O GUDDI PATEL, 2- RAY BAHADUR YADAV S\O MAHADEV YADAV K GHAR KUL 02 NAG SOLAR LIGHT","PRIYA SAROJ","MACHHLISHAHR(SC)","N/A","28-Jan-2026","41756"
"861","Normal/Others","WS/MP18228/2024-2025/147690-Street lights","Uttar Pradesh","JAUNPUR(DISTRICT MAGISTRATE JAUNPUR_IDA)","JITENDRA YADAV S\O KASHI NATH YADAV K GHAR 01 NAG SOLAR LIGHT","PRIYA SAROJ","MACHHLISHAHR(SC)","N/A","28-Jan-2026","20879"
"862","Normal/Others","WS/MP18228/2024-2025/147691-Street lights","Uttar Pradesh","JAUNPUR(DISTRICT MAGISTRATE JAUNPUR_IDA)","RAM PRASAD YADAV S\O RAM BALI YADAV K GHAR 01 NAG SOLAR LIGHT","PRIYA SAROJ","MACHHLISHAHR(SC)","N/A","28-Jan-2026","20879"
"863","Normal/Others","WS/MP18228/2024-2025/147692-Street lights","Uttar Pradesh","JAUNPUR(DISTRICT MAGISTRATE JAUNPUR_IDA)","1- DAL SHINGAR YADAV S\O RAM ICHHA YADAV, 2- MANOJ YADAV S\O BALAI YADAV, 3- NAJIR AHAMAD S\O HAJRAT ALI K GHAR KUL 03 NAG SOLAR LIGHT","PRIYA SAROJ","MACHHLISHAHR(SC)","N/A","28-Jan-2026","62635"
"864","Normal/Others","WS/MP18228/2024-2025/147722-Street lights","Uttar Pradesh","JAUNPUR(DISTRICT MAGISTRATE JAUNPUR_IDA)","RAJ YASH YADAV S\O LALTA PRASAD YADAV K GHAR 01 NAG SOLAR LIGHT","PRIYA SAROJ","MACHHLISHAHR(SC)","N/A","27-Jan-2026","20879"
"865","Normal/Others","WS/MP18228/2024-2025/147726-Street lights","Uttar Pradesh","JAUNPUR(DISTRICT MAGISTRATE JAUNPUR_IDA)","1- SHYAM BALI PAL S\O BANARASI PAL, 2- SHYAM BAHADUR YADAV S\O VISHWA NATH YADAV K GHAR KUL 02 NAG SOLAR LIGHT","PRIYA SAROJ","MACHHLISHAHR(SC)","N/A","28-Jan-2026","41756"
"866","Normal/Others","WS/MP18228/2024-2025/147729-Street lights","Uttar Pradesh","JAUNPUR(DISTRICT MAGISTRATE JAUNPUR_IDA)","1- GULAM SARBAR S\O MUKHTAR AHMAD, 2- DAYA SHANKAR CHAUHAN S\O RAM PATI CHAUHAN K GHAR KUL 02 NAG SOLAR LIGHT","PRIYA SAROJ","MACHHLISHAHR(SC)","N/A","27-Jan-2026","41756"
"867","Normal/Others","WS/MP18228/2024-2025/147730-Street lights","Uttar Pradesh","JAUNPUR(DISTRICT MAGISTRATE JAUNPUR_IDA)","1- UDAY RAJBHAR S\O KHAR PATTU RAJBHAR, 2- RAJ KUMAR YADAV S\O DURJAN YADAV K GHAR KUL 02 NAG SOLAR LIGHT","PRIYA SAROJ","MACHHLISHAHR(SC)","N/A","28-Jan-2026","41756"
"868","Normal/Others","WS/MP18228/2024-2025/147731-Street lights","Uttar Pradesh","JAUNPUR(DISTRICT MAGISTRATE JAUNPUR_IDA)","1- ANUPAM YADAV S\O BHARAT LAL YADAV, 2- JAGDISH MAURYA S\O RAJ PATI K GHAR KUL 02 NAG SOLAR LIGHT","PRIYA SAROJ","MACHHLISHAHR(SC)","N/A","28-Jan-2026","41756"
"869","Normal/Others","WS/MP18228/2024-2025/147734-Street lights","Uttar Pradesh","JAUNPUR(DISTRICT MAGISTRATE JAUNPUR_IDA)","MAN SUKHA YADAV S\O NAMWAR YADAV K GHAR 01 NAG SOLAR LIGHT","PRIYA SAROJ","MACHHLISHAHR(SC)","N/A","28-Jan-2026","20879"
"870","Normal/Others","WS/MP18228/2024-2025/147736-Street lights","Uttar Pradesh","JAUNPUR(DISTRICT MAGISTRATE JAUNPUR_IDA)","RAM SHIROMANI RAJBHAR S\O LALBALI K GHAR 01 NAG SOLAR LIGHT","PRIYA SAROJ","MACHHLISHAHR(SC)","N/A","27-Jan-2026","20879"
"871","Normal/Others","WS/MP18228/2024-2025/147739-Street lights","Uttar Pradesh","JAUNPUR(DISTRICT MAGISTRATE JAUNPUR_IDA)","VIJAY DHARI YADAV S\O FULLAR YADAV K GHAR 01 NAG SOLAR LIGHT","PRIYA SAROJ","MACHHLISHAHR(SC)","N/A","19-Dec-2025","20879"
"872","Normal/Others","WS/MP18228/2024-2025/147743-Street lights","Uttar Pradesh","JAUNPUR(DISTRICT MAGISTRATE JAUNPUR_IDA)","1- SHANNI YADAV S\O ANIL YADAV , 2- VISHUN PAL S\O JANGI PAL K GHAR KUL 02 NAG SOLAR LIGHT","PRIYA SAROJ","MACHHLISHAHR(SC)","N/A","28-Jan-2026","41756"
"873","Normal/Others","WS/MP18228/2024-2025/147745-Street lights","Uttar Pradesh","JAUNPUR(DISTRICT MAGISTRATE JAUNPUR_IDA)","1- DINESH YADAV S\O VODAR YADAV, 2- JAY BAHADUR YADAV S\O RAJ MANI YADAV K GHAR KUL 02 NAG SOLAR LIGHT","PRIYA SAROJ","MACHHLISHAHR(SC)","N/A","27-Jan-2026","41756"
"874","Normal/Others","WS/MP18228/2024-2025/147750-Street lights","Uttar Pradesh","JAUNPUR(DISTRICT MAGISTRATE JAUNPUR_IDA)","1- GYAN PRAKASH YADAV S\O SAHAB LAL YADAV, 2- SANTOSH YADAV S\O SHIV NATH YADAV K GHAR 02 NAG SOLAR LIGHT","PRIYA SAROJ","MACHHLISHAHR(SC)","N/A","22-Jan-2026","41756"
"875","Normal/Others","WS/MP18228/2024-2025/147751-Street lights","Uttar Pradesh","JAUNPUR(DISTRICT MAGISTRATE JAUNPUR_IDA)","MUNNA LAL YADAV S\O RAM LAUTAN YADAV K GHAR 01 NAG SOLAR LIGHT","PRIYA SAROJ","MACHHLISHAHR(SC)","N/A","22-Jan-2026","20879"
"876","Normal/Others","WS/MP18228/2024-2025/147752-Street lights","Uttar Pradesh","JAUNPUR(DISTRICT MAGISTRATE JAUNPUR_IDA)","DR. ANIL KUMAR S\O SHOBHNATH YADAV K GHAR 01 NAG SOLAR LIGHT","PRIYA SAROJ","MACHHLISHAHR(SC)","N/A","27-Jan-2026","20879"
"877","Normal/Others","WS/MP18228/2024-2025/147753-Street lights","Uttar Pradesh","JAUNPUR(DISTRICT MAGISTRATE JAUNPUR_IDA)","RAMESH PAL S\O DEV SHARAN PAL K GHAR 01 NAG SOLAR LIGHT","PRIYA SAROJ","MACHHLISHAHR(SC)","N/A","27-Jan-2026","20879"
"878","Normal/Others","WS/MP18228/2024-2025/147757-Street lights","Uttar Pradesh","JAUNPUR(DISTRICT MAGISTRATE JAUNPUR_IDA)","1- RAJ DEV MISHRA S\O KEDAR NATH MISHRA, 2- AKHILESH PANDEY S\O RAMA SHANKAR PANDEY K GHAR SE 02 NAG SOLAR LIGHT","PRIYA SAROJ","MACHHLISHAHR(SC)","N/A","23-Jan-2026","41756"
"879","Normal/Others","WS/MP18228/2024-2025/147759-Street lights","Uttar Pradesh","JAUNPUR(DISTRICT MAGISTRATE JAUNPUR_IDA)","RAMA YADAV S\O PUDDUN YADAV K GHAR 01 NAG SOLAR LIGHT","PRIYA SAROJ","MACHHLISHAHR(SC)","N/A","27-Jan-2026","20879"
"880","Normal/Others","WS/MP18228/2024-2025/147760-Street lights","Uttar Pradesh","JAUNPUR(DISTRICT MAGISTRATE JAUNPUR_IDA)","MOHILAL SAROJ S\O BUDDHU SAROJ K GHAR 01 NAG SOLAR LIGHT","PRIYA SAROJ","MACHHLISHAHR(SC)","N/A","28-Jan-2026","20879"
"881","Normal/Others","WS/MP18228/2024-2025/147763-Street lights","Uttar Pradesh","JAUNPUR(DISTRICT MAGISTRATE JAUNPUR_IDA)","SUBASH PATEL S\O RAM YASH PATEL K GHAR 01 NAG SOLAR LIGHT","PRIYA SAROJ","MACHHLISHAHR(SC)","N/A","28-Jan-2026","20879"
"882","Normal/Others","WS/MP18228/2024-2025/147765-Street lights","Uttar Pradesh","JAUNPUR(DISTRICT MAGISTRATE JAUNPUR_IDA)","1- SHASHI SHANKAR MAURYA S\O BASANT LAL MAURYA, 2- HAWAL DAR YADAV S\O SARJOO YADAV K GHAR KUL 02 NAG SOLAR LIGHT","PRIYA SAROJ","MACHHLISHAHR(SC)","N/A","28-Jan-2026","41756"
"883","Normal/Others","WS/MP18228/2024-2025/147766-Street lights","Uttar Pradesh","JAUNPUR(DISTRICT MAGISTRATE JAUNPUR_IDA)","1- SHIV RAJBHAR S\O BABUA RAJBHAR, 2- DIVAKAR YADAV S\O JAY SHREE YADAV K GHAR KUL 02 NAG SOLAR LIGHT","PRIYA SAROJ","MACHHLISHAHR(SC)","N/A","28-Jan-2026","41756"
"884","Normal/Others","WS/MP18228/2024-2025/147767-Street lights","Uttar Pradesh","JAUNPUR(DISTRICT MAGISTRATE JAUNPUR_IDA)","AMIT PRAJAPATI S\O SAHATOO PRAJAPATI K GHAR 01 NAG SOLAR LIGHT","PRIYA SAROJ","MACHHLISHAHR(SC)","N/A","19-Dec-2025","20879"
"885","Normal/Others","WS/MP18228/2024-2025/147768-Street lights","Uttar Pradesh","JAUNPUR(DISTRICT MAGISTRATE JAUNPUR_IDA)","ATUL CHAUHAN S\O INDRASEN CHAUHAN K GHAR 01 NAG SOLAR LIGHT","PRIYA SAROJ","MACHHLISHAHR(SC)","N/A","28-Jan-2026","20879"
"886","Normal/Others","WS/MP18228/2024-2025/147980-Street lights","Uttar Pradesh","JAUNPUR(DISTRICT MAGISTRATE JAUNPUR_IDA)","1- BRIJESH YADAV S\O RAM VASH YADAV, 2- CHHABINATH YADAV S\O MOLAI YADAV K GHAR KUL 02 NAG SOLAR LIGHT","PRIYA SAROJ","MACHHLISHAHR(SC)","N/A","27-Jan-2026","41756"
"887","Normal/Others","WS/MP18228/2024-2025/147981-Street lights","Uttar Pradesh","JAUNPUR(DISTRICT MAGISTRATE JAUNPUR_IDA)","1- VIPIN PATEL S\O SAKAL PATEL, 2- AMLESH KUMAR TIWARI S\O RAM YOGYA TIWARI K GHAR KUL 02 NAG SOLAR LIGHT","PRIYA SAROJ","MACHHLISHAHR(SC)","N/A","28-Jan-2026","41756"
"888","Normal/Others","WS/MP18228/2024-2025/147982-Street lights","Uttar Pradesh","JAUNPUR(DISTRICT MAGISTRATE JAUNPUR_IDA)","SHYAM LAL YADAV S\O SHREE PATI YADAV K GHAR 01 NAG SOLAR LIGHT","PRIYA SAROJ","MACHHLISHAHR(SC)","N/A","27-Jan-2026","20879"
"889","Normal/Others","WS/MP18228/2024-2025/147984-Street lights","Uttar Pradesh","JAUNPUR(DISTRICT MAGISTRATE JAUNPUR_IDA)","RAM RAJ YADAV S\O DHANPAT YADAV K GHAR 01 NAG SOLAR LIGHT","PRIYA SAROJ","MACHHLISHAHR(SC)","N/A","27-Jan-2026","20879"
"890","Normal/Others","WS/MP18228/2024-2025/147986-Street lights","Uttar Pradesh","JAUNPUR(DISTRICT MAGISTRATE JAUNPUR_IDA)","MAK SOOD ALAM S\O EKHLAKH AHAMAD K GHAR 01 NAG SOLAR LIGHT","PRIYA SAROJ","MACHHLISHAHR(SC)","N/A","28-Jan-2026","20879"
"891","Normal/Others","WS/MP18228/2024-2025/147987-Street lights","Uttar Pradesh","JAUNPUR(DISTRICT MAGISTRATE JAUNPUR_IDA)","RAJ NATH YADAV S\O BALI RAM YADAV K GHAR 01 NAG SOLAR LIGHT","PRIYA SAROJ","MACHHLISHAHR(SC)","N/A","27-Jan-2026","20879"
"892","Normal/Others","WS/MP18228/2024-2025/147989-Street lights","Uttar Pradesh","JAUNPUR(DISTRICT MAGISTRATE JAUNPUR_IDA)","DR. RAJ KUMAR MAURYA S\O RAM JEET MAURYA K GHAR 01 NAG SOLAR LIGHT","PRIYA SAROJ","MACHHLISHAHR(SC)","N/A","19-Dec-2025","20879"
"893","Normal/Others","WS/MP18228/2024-2025/147990-Street lights","Uttar Pradesh","JAUNPUR(DISTRICT MAGISTRATE JAUNPUR_IDA)","1- DEEPAK YADAV S\O RAJ NATH YADAV, 2- RAJESH YADAV S\O RAM LAKHAN YADAV K GHAR KUL 02 NAG SOLAR LIGHT","PRIYA SAROJ","MACHHLISHAHR(SC)","N/A","21-Jan-2026","41756"
"894","Normal/Others","WS/MP18228/2024-2025/147991-Street lights","Uttar Pradesh","JAUNPUR(DISTRICT MAGISTRATE JAUNPUR_IDA)","ISTIYAQ AHAMAD S\O MOHD. UMAR K GHAR 01 NAG SOLAR LIGHT","PRIYA SAROJ","MACHHLISHAHR(SC)","N/A","21-Jan-2026","20879"
"895","Normal/Others","WS/MP18228/2024-2025/147992-Street lights","Uttar Pradesh","JAUNPUR(DISTRICT MAGISTRATE JAUNPUR_IDA)","SANJAY YADAV S\O RAJ MANI YADAV K GHAR 01 NAG SOLAR LIGHT","PRIYA SAROJ","MACHHLISHAHR(SC)","N/A","21-Jan-2026","20879"
"896","Normal/Others","WS/MP18228/2024-2025/147995-Street lights","Uttar Pradesh","JAUNPUR(DISTRICT MAGISTRATE JAUNPUR_IDA)","SURESH YADAV S\O DOODH NATH YADAV K GHAR 01 NAG SOLAR LIGHT","PRIYA SAROJ","MACHHLISHAHR(SC)","N/A","28-Jan-2026","20879"
"897","Normal/Others","WS/MP18228/2024-2025/147993-Street lights","Uttar Pradesh","JAUNPUR(DISTRICT MAGISTRATE JAUNPUR_IDA)","1- MAHA NAND BIND S\O VANSHI DHAR BIND, 2- AMIT GAUTAM S\O LAL JI PRASAD K GHAR KUL 02 NAG SOLAR LIGHT","PRIYA SAROJ","MACHHLISHAHR(SC)","N/A","28-Jan-2026","41756"
"898","Normal/Others","WS/MP18228/2024-2025/147996-Street lights","Uttar Pradesh","JAUNPUR(DISTRICT MAGISTRATE JAUNPUR_IDA)","SUBASH PATEL S\O MUNNI LAL PATEL K GHAR 01 NAG SOLAR LIGHT","PRIYA SAROJ","MACHHLISHAHR(SC)","N/A","23-Jan-2026","20879"
"899","Normal/Others","WS/MP18228/2024-2025/147998-Street lights","Uttar Pradesh","JAUNPUR(DISTRICT MAGISTRATE JAUNPUR_IDA)","JAY PRAKASH YADAV S\O MAHADEV YADAV K GHAR 01 NAG SOLAR LIGHT","PRIYA SAROJ","MACHHLISHAHR(SC)","N/A","23-Jan-2026","20879"
"900","Normal/Others","WS/MP18228/2024-2025/147999-Street lights","Uttar Pradesh","JAUNPUR(DISTRICT MAGISTRATE JAUNPUR_IDA)","RAJENDRA PRASAD YADAV S\O SOBH NATH YADAV K GHAR 01 NAG SOLAR LIGHT","PRIYA SAROJ","MACHHLISHAHR(SC)","N/A","23-Jan-2026","20879"
"901","Normal/Others","WS/MP18228/2024-2025/148000-Street lights","Uttar Pradesh","JAUNPUR(DISTRICT MAGISTRATE JAUNPUR_IDA)","RAMESH KUMAR PATEL S\O SUDHAKAR PATEL K GHAR 01 NAG SOLAR LIGHT","PRIYA SAROJ","MACHHLISHAHR(SC)","N/A","23-Jan-2026","20879"
"902","Normal/Others","WS/MP18228/2024-2025/148004-Street lights","Uttar Pradesh","JAUNPUR(DISTRICT MAGISTRATE JAUNPUR_IDA)","GURU DAYAL MAURYA S\O RAM DAWAR MAURYA K GHAR 01 NAG SOLAR LIGHT","PRIYA SAROJ","MACHHLISHAHR(SC)","N/A","23-Jan-2026","20879"
"903","Normal/Others","WS/MP18228/2024-2025/148007-Street lights","Uttar Pradesh","JAUNPUR(DISTRICT MAGISTRATE JAUNPUR_IDA)","ASHISH PATEL S\O LATE. RAMA SHANKAR PATEL K GHAR 01 NAG SOLAR LIGHT","PRIYA SAROJ","MACHHLISHAHR(SC)","N/A","28-Jan-2026","20879"
"904","Normal/Others","WS/MP18228/2024-2025/148028-Street lights","Uttar Pradesh","JAUNPUR(DISTRICT MAGISTRATE JAUNPUR_IDA)","Ramchaitra Patel s/o Rajpat Patel 1 nag Solar Lite","PRIYA SAROJ","MACHHLISHAHR(SC)","N/A","23-Jan-2026","20879"
"905","Normal/Others","WS/MP18228/2024-2025/148030-Street lights","Uttar Pradesh","JAUNPUR(DISTRICT MAGISTRATE JAUNPUR_IDA)","Ashok Yadav s/o Pandhari Yadav Ke Ghar 1 nag Solar Lite","PRIYA SAROJ","MACHHLISHAHR(SC)","N/A","23-Jan-2026","20879"
"906","Normal/Others","WS/MP18228/2024-2025/148201-Street lights","Uttar Pradesh","JAUNPUR(DISTRICT MAGISTRATE JAUNPUR_IDA)","IQBAL AHAMAD S\O ABDUL GAFFAR K GHAR 01  NAG SOLAR LIGHT","PRIYA SAROJ","MACHHLISHAHR(SC)","Images","28-Jan-2026","20879"
"907","Normal/Others","WS/MP18228/2024-2025/148200-Street lights","Uttar Pradesh","JAUNPUR(DISTRICT MAGISTRATE JAUNPUR_IDA)","EZAJ QURASHI S\O NISHAR AHAMAD QURASHI K GHAR 01  NAG SOLAR LIGHT","PRIYA SAROJ","MACHHLISHAHR(SC)","Images","21-Jan-2026","20879"
"908","Normal/Others","WS/MP18228/2024-2025/148199-Street lights","Uttar Pradesh","JAUNPUR(DISTRICT MAGISTRATE JAUNPUR_IDA)","KAFIL AHAMAD S\O MOHD. SAFI K GHAR 01  NAG SOLAR LIGHT","PRIYA SAROJ","MACHHLISHAHR(SC)","Images","19-Dec-2025","20879"
"909","Normal/Others","WS/MP18228/2024-2025/148198-Street lights","Uttar Pradesh","JAUNPUR(DISTRICT MAGISTRATE JAUNPUR_IDA)","IZHAR AHAMAD S\O ANWAR AHAMAD K GHAR 01 NAG SOLAR LIGHT","PRIYA SAROJ","MACHHLISHAHR(SC)","Images","28-Jan-2026","20879"
"910","Normal/Others","WS/MP18228/2024-2025/148207-Street lights","Uttar Pradesh","JAUNPUR(DISTRICT MAGISTRATE JAUNPUR_IDA)","JAHANGIR S\O MOHD UMAR K GHAR 01 NAG SOLAR LIGHT","PRIYA SAROJ","MACHHLISHAHR(SC)","Images","28-Jan-2026","20879"
"911","Normal/Others","WS/MP18228/2024-2025/148206-Street lights","Uttar Pradesh","JAUNPUR(DISTRICT MAGISTRATE JAUNPUR_IDA)","1- BHOLA SHILP KAR S\O MUNNU LAL, 2- RAJENDRA SONKAR S\O BANWARI LAL SONKAR K GHAR KUL 02 NAG SOLAR LIGHT","PRIYA SAROJ","MACHHLISHAHR(SC)","Images","28-Jan-2026","41756"
"912","Normal/Others","WS/MP18228/2024-2025/148205-Street lights","Uttar Pradesh","JAUNPUR(DISTRICT MAGISTRATE JAUNPUR_IDA)","SANJAY KUMAR MAURYA S\O LAL BAHADUR MAURYA K GHAR 01 NAG SOLAR LIGHT","PRIYA SAROJ","MACHHLISHAHR(SC)","Images","28-Jan-2026","20879"
"913","Normal/Others","WS/MP18228/2024-2025/148204-Street lights","Uttar Pradesh","JAUNPUR(DISTRICT MAGISTRATE JAUNPUR_IDA)","MOHD. AFASAR S\O MAHMOOD HASAN K GHAR 01  NAG SOLAR LIGHT","PRIYA SAROJ","MACHHLISHAHR(SC)","Images","28-Jan-2026","20879"
"914","Normal/Others","WS/MP18228/2024-2025/148203-Street lights","Uttar Pradesh","JAUNPUR(DISTRICT MAGISTRATE JAUNPUR_IDA)","1- JANNU RAIN S\O HUSAIN, 2- RAMESH YADAV S\O LATE. RAJMANI YADAV K GHAR KUL 02 NAG SALAR LIGHT","PRIYA SAROJ","MACHHLISHAHR(SC)","Images","28-Jan-2026","41756"
"915","Normal/Others","WS/MP18228/2024-2025/148202-Street lights","Uttar Pradesh","JAUNPUR(DISTRICT MAGISTRATE JAUNPUR_IDA)","MAHTAB ALAM S\O MO. SAMIULLAH K GHAR 01  NAG SOLAR LIGHT","PRIYA SAROJ","MACHHLISHAHR(SC)","Images","21-Jan-2026","20879"
"916","Normal/Others","WS/MP18228/2024-2025/148211-Street lights","Uttar Pradesh","JAUNPUR(DISTRICT MAGISTRATE JAUNPUR_IDA)","RAJESH PAL S\O KAILASH NATH K GHAR 01 NAG SOLAR LIGHT","PRIYA SAROJ","MACHHLISHAHR(SC)","Images","28-Jan-2026","20879"
"917","Normal/Others","WS/MP18228/2024-2025/148210-Street lights","Uttar Pradesh","JAUNPUR(DISTRICT MAGISTRATE JAUNPUR_IDA)","TAUFIQ AHAMAD S\O SUVRAATI  K GHAR 01  NAG SOLAR LIGHT","PRIYA SAROJ","MACHHLISHAHR(SC)","Images","28-Jan-2026","20879"
"918","Normal/Others","WS/MP18228/2024-2025/148209-Street lights","Uttar Pradesh","JAUNPUR(DISTRICT MAGISTRATE JAUNPUR_IDA)","MOHD. SIWARA KHAN S\O MAHTAB ALAM K GHAR 01  NAG SOLAR LIGHT","PRIYA SAROJ","MACHHLISHAHR(SC)","Images","28-Jan-2026","20879"
"919","Normal/Others","WS/MP18228/2024-2025/148208-Street lights","Uttar Pradesh","JAUNPUR(DISTRICT MAGISTRATE JAUNPUR_IDA)","ABDUL WAHID S\O ABDUL RAHIM K GHAR 01 NAG SOLAR LIGHT","PRIYA SAROJ","MACHHLISHAHR(SC)","Images","19-Dec-2025","20879"
"920","Normal/Others","WS/MP18228/2024-2025/148223-Street lights","Uttar Pradesh","JAUNPUR(DISTRICT MAGISTRATE JAUNPUR_IDA)","1- BHULESH YADAV S\O RAMDHARI YADAV, 2- RAJESH KUMAR GUPTA S\O RAMA SHANKAR GUPTA K GHAR KUL 02 NAG SALAR LIGHT","PRIYA SAROJ","MACHHLISHAHR(SC)","Images","28-Jan-2026","41756"
"921","Normal/Others","WS/MP18228/2024-2025/148222-Street lights","Uttar Pradesh","JAUNPUR(DISTRICT MAGISTRATE JAUNPUR_IDA)","IMRAN MANSOORI CHHOTE S\O ALI ANWAR K GHAR 01 NAG SOLAR LIGHT","PRIYA SAROJ","MACHHLISHAHR(SC)","Images","21-Jan-2026","20879"
"922","Normal/Others","WS/MP18228/2024-2025/148221-Street lights","Uttar Pradesh","JAUNPUR(DISTRICT MAGISTRATE JAUNPUR_IDA)","RAMPUR DHANUHAN IRFAN AHAMAD S\O JAMEEL AHAMAD K GHAR 01 NAG SOLAR LIGHT","PRIYA SAROJ","MACHHLISHAHR(SC)","Images","21-Jan-2026","20879"
"923","Normal/Others","WS/MP18228/2024-2025/148220-Street lights","Uttar Pradesh","JAUNPUR(DISTRICT MAGISTRATE JAUNPUR_IDA)","RAMPUR DHANUHAN NISAR AHAMAD S\O JAHOOR AHAMAD K GHAR 01 NAG SOLAR LIGHT","PRIYA SAROJ","MACHHLISHAHR(SC)","Images","21-Jan-2026","20879"
"924","Normal/Others","WS/MP18228/2024-2025/148219-Street lights","Uttar Pradesh","JAUNPUR(DISTRICT MAGISTRATE JAUNPUR_IDA)","RAMPUR DHANUHAN SADDAM HUSAIN S\O IMTIYAZ AHAMAD K GHAR 01 NAG SOLAR LIGHT","PRIYA SAROJ","MACHHLISHAHR(SC)","Images","21-Jan-2026","20879"
"925","Normal/Others","WS/MP18228/2024-2025/148224-Street lights","Uttar Pradesh","JAUNPUR(DISTRICT MAGISTRATE JAUNPUR_IDA)","BRIJESH KANNOJIYA S\O PYARE LAL KANNOJIYA K GHAR 01 NAG SOLAR LIGHT","PRIYA SAROJ","MACHHLISHAHR(SC)","Images","21-Jan-2026","20879"
"926","Normal/Others","WS/MP743/2024-2025/143117-Purchase of smart boards, visual display units and projectors","Tamil Nadu","Kancheepuram(DISTRICT COLLECTOR KANCHEEPURAM_IDA)","Purchasing of smart class room equipment for Musaravakkam Govt.Hr.sec.School in Kanchipuram Panchayat Union. (Supply of smart class equipment 2 set)","Ganesan Selvam","KANCHEEPURAM(SC)","Images","22-Nov-2024","400000"
"927","Normal/Others","WS/MP743/2024-2025/143106-Purchase of smart boards, visual display units and projectors","Tamil Nadu","Kancheepuram(DISTRICT COLLECTOR KANCHEEPURAM_IDA)","Purchasing of smart class room equipment for BMS Govt.Girls Hr.sec. School in Kanchipuram Corporation. (Supply of smart class equipment 2 set)","Ganesan Selvam","KANCHEEPURAM(SC)","Images","22-Nov-2024","400000"
"928","Normal/Others","WS/MP743/2024-2025/143107-Purchase of smart boards, visual display units and projectors","Tamil Nadu","Kancheepuram(DISTRICT COLLECTOR KANCHEEPURAM_IDA)","Purchasing of smart class room equipment for Big Kanchipuram CMS Hr.sec. School in Kanchipuram Corporation. (Supply of smart class equipment 2 set)","Ganesan Selvam","KANCHEEPURAM(SC)","Images","22-Nov-2024","400000"
"929","Normal/Others","WS/MP743/2024-2025/143108-Purchase of smart boards, visual display units and projectors","Tamil Nadu","Kancheepuram(DISTRICT COLLECTOR KANCHEEPURAM_IDA)","Purchasing of smart class room equipment for Rani Annadurai Govt.Hr.sec. School in Kanchipuram Corporation. (Supply of smart class equipment 2 set)","Ganesan Selvam","KANCHEEPURAM(SC)","Images","22-Nov-2024","400000"
"930","Normal/Others","WS/MP743/2024-2025/143109-Purchase of smart boards, visual display units and projectors","Tamil Nadu","Kancheepuram(DISTRICT COLLECTOR KANCHEEPURAM_IDA)","Purchasing of smart class room equipment for Dr.PSS Mpl.Hr.sec. School in Kanchipuram Corporation. (Supply of smart class equipment 2 set)","Ganesan Selvam","KANCHEEPURAM(SC)","Images","22-Nov-2024","400000"
"931","Normal/Others","WS/MP743/2024-2025/143110-Purchase of smart boards, visual display units and projectors","Tamil Nadu","Kancheepuram(DISTRICT COLLECTOR KANCHEEPURAM_IDA)","Purchasing of smart class room equipment for AKT Mpl.High School in Kanchipuram Corporation. (Supply of smart class equipment 2 set)","Ganesan Selvam","KANCHEEPURAM(SC)","Images","22-Nov-2024","400000"
"932","Normal/Others","WS/MP743/2024-2025/143111-Purchase of smart boards, visual display units and projectors","Tamil Nadu","Kancheepuram(DISTRICT COLLECTOR KANCHEEPURAM_IDA)","Purchasing of smart class room equipment for Govt.High School, Collectorate Colony in Kanchipuram Corporation. (Supply of smart class equipment 2 set)","Ganesan Selvam","KANCHEEPURAM(SC)","Images","22-Nov-2024","400000"
"933","Normal/Others","WS/MP743/2024-2025/143112-Purchase of smart boards, visual display units and projectors","Tamil Nadu","Kancheepuram(DISTRICT COLLECTOR KANCHEEPURAM_IDA)","Purchasing of smart class room equipment for Govt.High School, Sevilimedu in Kanchipuram Corporation. (Supply of smart class equipment 2 set)","Ganesan Selvam","KANCHEEPURAM(SC)","Images","22-Nov-2024","400000"
"934","Normal/Others","WS/MP743/2024-2025/143116-Purchase of smart boards, visual display units and projectors","Tamil Nadu","Kancheepuram(DISTRICT COLLECTOR KANCHEEPURAM_IDA)","Purchasing of smart class room equipment for Thirupukuzhi Govt.Hr.sec.School in Kanchipuram Panchayat Union. (Supply of smart class equipment 2 set)","Ganesan Selvam","KANCHEEPURAM(SC)","Images","22-Nov-2024","400000"
"935","Normal/Others","WS/MP761/2024-2025/146667-Construction of community centers and community halls","Telangana","Jagitial(DISTRICT COLLECTOR JAGTIAL_IDA)","Construction of Community hall in Munnurukapu Colony, Arapet 5th ward, Metpally town","Arvind Dharmapuri","NIZAMABAD","N/A","19-Aug-2025","250000"
"936","Normal/Others","WS/MP18201/2024-2025/141045-Street lights","Uttar Pradesh","BUDAUN(DISTRICT MAGISTRATE BUDAUN_IDA)","supply and installation of led semi high mast light at 274 different places in district budaun","NEERAJ MAURYA","AONLA","Images","19-Jul-2025","46470400"
"937","Normal/Others","WS/MP761/2024-2025/153164-Construction of roads, link roads, pathways or any other road with or without drainage system","Telangana","NIZAMABAD(DISTRICT COLLECTOR NIZAMABAD_IDA)","Construction of Cc Road from Khandgaon Erranna (H) to Ankam Narayana (H) and Balaraju (H) near Ananthapadmanabha swamy temple","Arvind Dharmapuri","NIZAMABAD","N/A","25-Nov-2024","400000"
"938","Normal/Others","WS/MP18049/2024-2025/152240-Construction of roads, link roads, pathways or any other road with or without drainage system","Chhattisgarh","MUNGELI(Collector Mungeli_IDA)","Conkritikaran Yagya Sthal ke sameep Bhalapur","TOKHAN SAHU","BILASPUR","N/A","06-Mar-2025","999497"
"939","Normal/Others","WS/MP18049/2024-2025/152241-Construction of buildings for community cultural activities","Chhattisgarh","MUNGELI(Collector Mungeli_IDA)","Mahamaya para me Sanskritik Bhawan Nirman Kary Khedha","TOKHAN SAHU","BILASPUR","N/A","18-Nov-2025","499855"
"940","Normal/Others","WS/MP18049/2024-2025/152239-Construction of buildings for community cultural activities","Chhattisgarh","MUNGELI(Collector Mungeli_IDA)","Sanskritik Bhawan Nirman Kary (Karma Mandir ke paas) Chhatan","TOKHAN SAHU","BILASPUR","N/A","29-Oct-2025","498455"
"941","Normal/Others","WS/MP18074/2024-2025/137036-Construction of roads, link roads, pathways or any other road with or without drainage system","Jharkhand","KHUNTI(DEPUTY COMMISSIONER KHUNTI_IDA)","PCC road construction from Karam Singh Munda's house to Bichagutu's house in Village Salgadih under Dadigutu Panchayat.","KALI CHARAN MUNDA","KHUNTI(ST)","Images","21-Nov-2025","400000"
"942","Normal/Others","WS/MP18074/2024-2025/137038-Construction of roads, link roads, pathways or any other road with or without drainage system","Jharkhand","KHUNTI(DEPUTY COMMISSIONER KHUNTI_IDA)","Paver block road construction from Subhash Heranj's house to Manoj Dhanwar's house in Pahan Toli of ward no. 08.","KALI CHARAN MUNDA","KHUNTI(ST)","Images","21-Nov-2025","350000"
"943","Normal/Others","WS/MP18074/2024-2025/137040-Construction of roads, link roads, pathways or any other road with or without drainage system","Jharkhand","KHUNTI(DEPUTY COMMISSIONER KHUNTI_IDA)","Construction of PCC road in Hesahatu under Bhandra Panchayat.","KALI CHARAN MUNDA","KHUNTI(ST)","Images","21-Nov-2025","800000"
"944","Normal/Others","WS/MP18074/2024-2025/137045-Construction of roads, link roads, pathways or any other road with or without drainage system","Jharkhand","KHUNTI(DEPUTY COMMISSIONER KHUNTI_IDA)","Construction of paver block road from Govind Munda's house to Soma Purti's house in Simbukel under Tirla Panchayat.","KALI CHARAN MUNDA","KHUNTI(ST)","Images","21-Nov-2025","700000"
"945","Normal/Others","WS/MP18074/2024-2025/137041-Construction of roads, link roads, pathways or any other road with or without drainage system","Jharkhand","KHUNTI(DEPUTY COMMISSIONER KHUNTI_IDA)","Construction of PCC road from Khunti Tamar road to Ram Pahan's house in Simbukel Village under Tirla Panchayat.","KALI CHARAN MUNDA","KHUNTI(ST)","Images","21-Nov-2025","900000"
"946","Normal/Others","WS/MP345/2024-2025/134137-Construction of buildings for community cultural activities","Kerala","KOLLAM(DISTRICT COLLECTOR KOLLAM_IDA)","Construction of Building (Second Floor) for Aduthala Tagore Memorial Library in  Chathanoor Constituency","Shri NK Premachandran","KOLLAM","Images","21-Feb-2025","512291"
"947","Normal/Others","WS/MP013/2024-2025/137238-Providing drains and gutters for public drainage","Sikkim","Pakyong(DISTRICT COLLECTOR PAKYONG_IDA)","Construction of drainage system from Pakyong road to Lower Senti at Chubba khola under Senti","Indra Hang Subba","SIKKIM","N/A","25-Nov-2024","1497506"
"948","Normal/Others","WS/MP013/2024-2025/137237-Providing drains and gutters for public drainage","Sikkim","Pakyong(DISTRICT COLLECTOR PAKYONG_IDA)","Construction of drainage system at Ambakey jhora under Chamlathang GPU","Indra Hang Subba","SIKKIM","N/A","25-Nov-2024","1499545"
"949","Normal/Others","WS/MP18253/2024-2025/141435-Installing tube-wells and borewells","West Bengal","South 24 Parganas(DISTRICT MAGISTRATE SOUTH TWENTY FOUR PARGANAS_IDA)","Sinking of tubewell at Ramtanunagar near Aila Bandh Toto Stand.Dag No-1317,JL No-3","BAPI HALDAR","MATHURAPUR(SC)","N/A","09-Dec-2024","221248"
"950","Normal/Others","WS/MP18074/2024-2025/137044-Construction of roads, link roads, pathways or any other road with or without drainage system","Jharkhand","KHUNTI(DEPUTY COMMISSIONER KHUNTI_IDA)","Construction of drain in Tangra Toli.","KALI CHARAN MUNDA","KHUNTI(ST)","Images","21-Nov-2025","1000000"
"951","Normal/Others","WS/MP429/2024-2025/140536-Construction of common work sheds/ common covered sitting area","Chhattisgarh","Gaurela-Pendra-Marwahi(Collector GPM_IDA)","Sarvajanik Manch construction at Tendumuda Gram Panchayat - Tendumuda, Vikas Khand- Marwahi","Jyotsna Charandas Mahant","KORBA","N/A","16-Dec-2024","200000"
"952","Normal/Others","WS/MP313/2024-2025/138693-Construction of boundary walls of existing public and community buildings","Arunachal Pradesh","TIRAP(DEPUTY COMMISSIONER TIRAP_IDA)","C/o Retaining Wall at New Kothin (Humroi Colony) in Tirap District","Shri Tapir Gao","ARUNACHAL EAST","Images","28-Nov-2024","1000000"
"953","Normal/Others","WS/MP429/2024-2025/151726-Construction of community centers and community halls","Chhattisgarh","KORBA(Collector-Korba)","Manch construction near Thakurdaiyya, Gram-Nanpulali, Vikaskhand - Pali","Jyotsna Charandas Mahant","KORBA","Images","08-May-2025","299837"
"954","Normal/Others","WS/MP761/2024-2025/150761-Construction of community centers and community halls","Telangana","NIZAMABAD(DISTRICT COLLECTOR NIZAMABAD_IDA)","Construction of Artisan shed near Sub Station of Yellareddypally","Arvind Dharmapuri","NIZAMABAD","N/A","26-Nov-2024","494999"
"955","Normal/Others","WS/MP18032/2024-2025/134022-Construction of roads, link roads, pathways or any other road with or without drainage system","Bihar","BUXAR(DISTRICT PLANNING OFFICER BUXAR_IDA)","Construction of road from Sowan Kali Mandir (Chota pul) to Baburajmohan Singh House door","SUDHAKAR SINGH","BUXAR","N/A","26-Nov-2024","1496846"
"956","Normal/Others","WS/MP18032/2024-2025/134023-Construction of roads, link roads, pathways or any other road with or without drainage system","Bihar","BUXAR(DISTRICT PLANNING OFFICER BUXAR_IDA)","Construction of road from Rajan Singh's agricultural plot to Late Pradyuman Singh's Agricultural Plot at Sowan.","SUDHAKAR SINGH","BUXAR","N/A","26-Nov-2024","1496484"
"957","Normal/Others","WS/MP18032/2024-2025/134024-Construction of roads, link roads, pathways or any other road with or without drainage system","Bihar","BUXAR(DISTRICT PLANNING OFFICER BUXAR_IDA)","Construction of road from Raju Singh's Agricultural Plot to Nara (Barsadi Nadi).","SUDHAKAR SINGH","BUXAR","N/A","26-Nov-2024","1497484"
"958","Normal/Others","WS/MP18391/2024-2025/140314-Tree plantation for community","Nagaland","KOHIMA(DEPUTY COMMISIONER_7)","Conservation of Ecology & Environment","S SUPONGMEREN JAMIR","NAGALAND","N/A","20-May-2025","1500000"
"959","Normal/Others","WS/MP761/2024-2025/146572-Construction of community centers and community halls","Telangana","Jagitial(DISTRICT COLLECTOR JAGTIAL_IDA)","Construction of Community hall in Rajaka Sangham wada in Kalvagadda , Patel road at Ward No 27 in Korutla town","Arvind Dharmapuri","NIZAMABAD","N/A","19-Aug-2025","356615"
"960","Normal/Others","WS/MP429/2024-2025/151716-Construction of community centers and community halls","Chhattisgarh","KORBA(Collector-Korba)","Shed construction in Dadar para, Gram - Lafa, Vikas khand - Pali","Jyotsna Charandas Mahant","KORBA","Images","08-May-2025","500000"
"961","Normal/Others","WS/MP429/2024-2025/151723-Construction of common work sheds/ common covered sitting area","Chhattisgarh","KORBA(Collector-Korba)","Shed construction in Dhavaiya Para in Gram - Nawapara, Vikaskhand - Pali","Jyotsna Charandas Mahant","KORBA","Images","06-Feb-2026","398411"
"962","Normal/Others","WS/MP429/2024-2025/151724-Construction of common work sheds/ common covered sitting area","Chhattisgarh","KORBA(Collector-Korba)","Shed construction in Mohla Ingadai in Gram - Bhandarkhol , Vikaskhand - Pali","Jyotsna Charandas Mahant","KORBA","Images","08-May-2025","399708"
"963","Normal/Others","WS/MP429/2024-2025/151727-Construction of community centers and community halls","Chhattisgarh","KORBA(Collector-Korba)","Sanskritik Manch construction at Gram - Hukra , Vikaskhand Katghora","Jyotsna Charandas Mahant","KORBA","Images","29-Aug-2025","399070"
"964","Normal/Others","WS/MP18391/2024-2025/140291-Forest conservation infrastructure","Nagaland","MOKOKCHUNG(Deputy Commissioner Mokokchung_IDA)","Construction of Jangra Villa Amenities","S SUPONGMEREN JAMIR","NAGALAND","Images","02-Dec-2024","800000"
"965","Normal/Others","WS/MP18404/2024-2025/147251-Construction of roads, link roads, pathways or any other road with or without drainage system","Uttar Pradesh","BIJNOR(DISTRICT MAGISTRATE BIJNOR_IDA)","GRAM RAJPUR NAVADA VIKAS KHAND NAJIBABAD MEIN ASGAR KE MAKAN SE MAIN ROAD KI OR CC ROAD AUR NAALI NIRMAN KARYA. (Provincial Co-operative Construction and Development Ltd., Bijnor)","CHANDRA SHEKHAR","NAGINA(SC)","Images","14-Jan-2026","511527"
"966","Normal/Others","WS/MP18404/2024-2025/147247-Construction of roads, link roads, pathways or any other road with or without drainage system","Uttar Pradesh","BIJNOR(DISTRICT MAGISTRATE BIJNOR_IDA)","GRAM BIJAORI VIKAS KHAND NAJIBABAD MEIN NETRAM MUNSHI KE GHAR SE DAKSHIN MEIN RAGHUVEER KE KHET KI OR CC ROAD AUR NAALI NIRMAN KARYA. (Provincial Co-operative Construction and Development Ltd., Bijnor)","CHANDRA SHEKHAR","NAGINA(SC)","Images","21-Jan-2026","1506619"
"967","Normal/Others","WS/MP18404/2024-2025/147252-Construction of roads, link roads, pathways or any other road with or without drainage system","Uttar Pradesh","BIJNOR(DISTRICT MAGISTRATE BIJNOR_IDA)","GRAM RAJPUR NAVADA VIKAS KHAND NAJIBABAD MEIN DEEPAK GUPTA KE GHAR SE BHUDEV KE GHAR KI OR CC ROAD AUR NAALI NIRMAN KARYA. (Provincial Co-operative Construction and Development Ltd., Bijnor)","CHANDRA SHEKHAR","NAGINA(SC)","Images","21-Jan-2026","175210"
"968","Normal/Others","WS/MP18404/2024-2025/147255-Construction of roads, link roads, pathways or any other road with or without drainage system","Uttar Pradesh","BIJNOR(DISTRICT MAGISTRATE BIJNOR_IDA)","GRAM KUMHARPUR URF IBRAHIMPUR VIKAS KHAND HALDAUR MEIN RAMNATH JI KE GHAR SE NAHAR KE PUL KI OR CC ROAD AUR NAALI NIRMAN KARYA. (Provincial Co-operative Construction and Development Ltd., Bijnor)","CHANDRA SHEKHAR","NAGINA(SC)","Images","14-Jan-2026","1094650"
"969","Normal/Others","WS/MP18404/2024-2025/147254-Construction of roads, link roads, pathways or any other road with or without drainage system","Uttar Pradesh","BIJNOR(DISTRICT MAGISTRATE BIJNOR_IDA)","GRAM MATORAMAN MEIN RAVIDAS DHARMSHALA SE HARPAL SINGH KE GHAR KI OR CC ROAD AUR NAALI NIRMAN KARYA. (Provincial Co-operative Construction and Development Ltd., Bijnor)","CHANDRA SHEKHAR","NAGINA(SC)","Images","14-Jan-2026","935319"
"970","Normal/Others","WS/MP18404/2024-2025/147253-Construction of roads, link roads, pathways or any other road with or without drainage system","Uttar Pradesh","BIJNOR(DISTRICT MAGISTRATE BIJNOR_IDA)","GRAM HARGANPUR VIKAS KHAND NAHTAUR MEIN RAVIDAS DHARMSHALA SE LEKAR LEKHRAJ KE GHAR KI OR CC ROAD AUR NAALI NIRMAN KARYA. (Provincial Co-operative Construction and Development Ltd., Bijnor)","CHANDRA SHEKHAR","NAGINA(SC)","Images","14-Jan-2026","361670"
"971","Normal/Others","WS/MP18404/2024-2025/147257-Construction of roads, link roads, pathways or any other road with or without drainage system","Uttar Pradesh","BIJNOR(DISTRICT MAGISTRATE BIJNOR_IDA)","GRAM KARAUDA VIKAS KHAND NAJIBABAD MEIN KABRISTAN KE KONE SE KASHINATH KE MAKAN KI OR AUR AKSHIT SHARMA KE MAKAN SE SHAYNA MEDICAL STORE KI OR CC ROAD AUR NAALI NIRMAN KARYA. (Provincial Co-operative Construction and Development Ltd., Bijnor)","CHANDRA SHEKHAR","NAGINA(SC)","Images","21-Jan-2026","1670509"
"972","Normal/Others","WS/MP18404/2024-2025/144132-Construction of roads, link roads, pathways or any other road with or without drainage system","Uttar Pradesh","BIJNOR(DISTRICT MAGISTRATE BIJNOR_IDA)","CONSTRUCTION OF CC ROAD AND DRAIN FROM MAUSAM'S HOUSE TO THE EIDGAH IN THE VILLAGE OF MIRZAPUR PALLA, BLOCK ALLEHPUR (Provincial Co-operative Construction and Development Ltd., Bijnor).","CHANDRA SHEKHAR","NAGINA(SC)","Images","21-Jan-2026","1935889"
"973","Normal/Others","WS/MP18404/2024-2025/144128-Construction of roads, link roads, pathways or any other road with or without drainage system","Uttar Pradesh","BIJNOR(DISTRICT MAGISTRATE BIJNOR_IDA)","CONSTRUCTION OF CC ROAD AND DRAIN FROM THE CC ROAD TO BAITOOL'S HOUSE IN THE VILLAGE OF MIRZAPUR PALLA WALA (Provincial Co-operative Construction and Development Ltd., Bijnor).","CHANDRA SHEKHAR","NAGINA(SC)","Images","21-Jan-2026","186590"
"974","Normal/Others","WS/MP18404/2024-2025/144129-Construction of roads, link roads, pathways or any other road with or without drainage system","Uttar Pradesh","BIJNOR(DISTRICT MAGISTRATE BIJNOR_IDA)","CONSTRUCTION OF CC ROAD AND DRAIN FROM FIDA HUSSAIN'S HOUSE TO THE MADRASA IN THE VILLAGE OF FATAHPUR JAMAL (MANOHAR WALI) (Provincial Co-operative Construction and Development Ltd., Bijnor).","CHANDRA SHEKHAR","NAGINA(SC)","Images","21-Jan-2026","1710219"
"975","Normal/Others","WS/MP18404/2024-2025/144130-Construction of roads, link roads, pathways or any other road with or without drainage system","Uttar Pradesh","BIJNOR(DISTRICT MAGISTRATE BIJNOR_IDA)","CONSTRUCTION OF CC ROAD AND DRAIN FROM ROSHAN'S HOUSE TO BHOPAL'S HOUSE IN THE VILLAGE OF LATIFPUR (Provincial Co-operative Construction and Development Ltd., Bijnor).","CHANDRA SHEKHAR","NAGINA(SC)","Images","21-Jan-2026","902229"
"976","Normal/Others","WS/MP18404/2024-2025/144131-Construction of roads, link roads, pathways or any other road with or without drainage system","Uttar Pradesh","BIJNOR(DISTRICT MAGISTRATE BIJNOR_IDA)","CONSTRUCTION OF CC ROAD AND DRAIN FROM OMPRAKASH'S HOUSE TO IRSHAD'S HOUSE IN THE VILLAGE OF NAGLA BHAJJA EHTEMALI, BLOCK ALLEHPUR (Provincial Co-operative Construction and Development Ltd., Bijnor).","CHANDRA SHEKHAR","NAGINA(SC)","Images","21-Jan-2026","1713009"
"977","Normal/Others","WS/MP18404/2024-2025/144126-Construction of roads, link roads, pathways or any other road with or without drainage system","Uttar Pradesh","BIJNOR(DISTRICT MAGISTRATE BIJNOR_IDA)","CONSTRUCTION OF RCC DRAIN IN FRONT OF THE MAIN ROAD AND GRAVEYARD IN THE VILLAGE OF SUHAGPUR EHTEMALI (Provincial Co-operative Construction and Development Ltd., Bijnor).","CHANDRA SHEKHAR","NAGINA(SC)","Images","21-Jan-2026","1215402"
"978","Normal/Others","WS/MP18404/2024-2025/144125-Construction of roads, link roads, pathways or any other road with or without drainage system","Uttar Pradesh","BIJNOR(DISTRICT MAGISTRATE BIJNOR_IDA)","CONSTRUCTION OF CC ROAD AND DRAIN FROM NAKUL'S HOUSE TO BABURAM'S HOUSE IN THE VILLAGE OF AJITPURDASI (Provincial Co-operative Construction and Development Ltd., Bijnor ).","CHANDRA SHEKHAR","NAGINA(SC)","N/A","21-Jan-2026","374169"
"979","Normal/Others","WS/MP18311/2024-2025/148979-Construction of community centers and community halls","Punjab","Shahid Bhagat Singh Nagar(Deputy Commissioner Shahid Bhagat Singh Nagar_ida)","Construction  of Community halls at Village Sarhal Qazian","MALVINDER SINGH KANG","ANANDPUR SAHIB","N/A","25-Mar-2025","500000"
"980","Normal/Others","WS/MP428/2024-2025/149049-Construction of common work sheds/ common covered sitting area","Chhattisgarh","RAJNANDGAON(DISTRICT COLLECTOR RAJNANDGAON_IDA)","Tin Shed Nirman Kary (sahupara ke samudayik bhavan)","Santosh Pandey","RAJNANDGAON","Images","06-Feb-2025","299900"
"981","Normal/Others","WS/MP18161/2024-2025/138083-Construction of roads, link roads, pathways or any other road with or without drainage system","Rajasthan","BHARATPUR(DISTRICT COLLECTOR BHARATPUR_IDA)","Cement interlocking kharanja Nirman karya purendra ke Ghar se main raste ki AVN vibhinn galiyan gram banji work agency GP Ekta","SANJNA JATAV","BHARATPUR(SC)","Images","28-Nov-2024","483780"
"982","Normal/Others","WS/MP18152/2024-2025/141220-Construction of rooms and halls in school and colleges","Punjab","FARIDKOT(DEPUTY COMMISSIONER FARIDKOT_IDA)","Construction of mid day meal shed at govt Primary school","SARABJEET SINGH KHALSA","FARIDKOT(SC)","N/A","07-Apr-2025","299155"
"983","Normal/Others","WS/MP18152/2024-2025/141219-Construction of rooms and halls in school and colleges","Punjab","FARIDKOT(DEPUTY COMMISSIONER FARIDKOT_IDA)","Construction of mid day meal shed at govt Primary school","SARABJEET SINGH KHALSA","FARIDKOT(SC)","N/A","07-Apr-2025","299155"
"984","Repair and Renovation","WS/MP428/2024-2025/154929-Construction of community centers and community halls","Chhattisgarh","RAJNANDGAON(DISTRICT COLLECTOR RAJNANDGAON_IDA)","Samudayik Bhavan Nirman (Adiwasi para) Tiles Work","Santosh Pandey","RAJNANDGAON","Images","18-Jun-2025","200000"
"985","Normal/Others","WS/MP18220/2024-2025/147978-Construction of roads, link roads, pathways or any other road with or without drainage system","Uttar Pradesh","HATHRAS(DISTRICT MAGISTRATE HATHRAS_IDA)","Gram Ramanpur Block Hathras mai Ravi Chowhan kai makaan se Jogiya road tak 150 miter interlocking karya","ANOOP PRADHAN BALMIKI","HATHRAS (SC)","N/A","02-Jan-2025","2200692"
"986","Normal/Others","WS/MP18220/2024-2025/147977-Construction of roads, link roads, pathways or any other road with or without drainage system","Uttar Pradesh","HATHRAS(DISTRICT MAGISTRATE HATHRAS_IDA)","Gram Kalupura Nagla Banjara Block Hasayan mai Dubhaee marg se Indal Banjara kai ghar ki taraf 230 miter interlocking karya","ANOOP PRADHAN BALMIKI","HATHRAS (SC)","N/A","02-Jan-2025","1599961"
"987","Normal/Others","WS/MP18220/2024-2025/147976-Construction of roads, link roads, pathways or any other road with or without drainage system","Uttar Pradesh","HATHRAS(DISTRICT MAGISTRATE HATHRAS_IDA)","Gram Shyampur Block Hasayan mai Surendra Nayak kai ghar se Rai Singh kai ghar taraf 210 mier interlocking karya","ANOOP PRADHAN BALMIKI","HATHRAS (SC)","N/A","02-Jan-2025","2495938"
"988","Normal/Others","WS/MP18220/2024-2025/147975-Construction of roads, link roads, pathways or any other road with or without drainage system","Uttar Pradesh","HATHRAS(DISTRICT MAGISTRATE HATHRAS_IDA)","Gram Barwana Block Sasni mai Pani ki Tanki se Valmiki Basti ki taraf 210 miter interlocking karya","ANOOP PRADHAN BALMIKI","HATHRAS (SC)","N/A","28-Feb-2025","1649428"
"989","Normal/Others","WS/MP18228/2024-2025/140103-Construction of roads, link roads, pathways or any other road with or without drainage system","Uttar Pradesh","JAUNPUR(DISTRICT MAGISTRATE JAUNPUR_IDA)","GRAM PANCHAYAT LAHANGPUR (ATAHANU) BLOCK JALALPUR ME PREM PRAKASH K GHAR SE BAHADUR RAJBHAR K GHAR HOTE HUYE VARANASI BORDER TAK SOLING K UPPER C C ROAD 780 METTERS","PRIYA SAROJ","MACHHLISHAHR(SC)","Images","24-Mar-2025","3646225"
"990","Normal/Others","WS/MP18206/2024-2025/137974-Lighting of public spaces","Uttar Pradesh","BANDA(DISTRICT MAGISTRATE BANDA_IDA)","1-gram panchayat miyan barauli me ramjanki kuti ke paas sarvjanik sthan par  himax light sthapna kary","KRISHNA DEVI SHIVSHANKER PATEL","BANDA","Images","28-Dec-2024","232197.98"
"991","Normal/Others","WS/MP18206/2024-2025/137975-Lighting of public spaces","Uttar Pradesh","BANDA(DISTRICT MAGISTRATE BANDA_IDA)","3-gram panchayat miyan barauli me poorv madhyamik vidyalay ke paas sarvjanik sthan par  himax light sthapna kary","KRISHNA DEVI SHIVSHANKER PATEL","BANDA","Images","28-Dec-2024","232197.98"
"992","Normal/Others","WS/MP429/2024-2025/146731-Construction of common work sheds/ common covered sitting area","Chhattisgarh","Gaurela-Pendra-Marwahi(Collector GPM_IDA)","Construction of shed in Gram Panchayat - Jilda, Vikas Khand - Pendra","Jyotsna Charandas Mahant","KORBA","Images","06-Nov-2025","300000"
"993","Normal/Others","WS/MP429/2024-2025/146728-Construction of common work sheds/ common covered sitting area","Chhattisgarh","Gaurela-Pendra-Marwahi(Collector GPM_IDA)","Construction of shed at Chauratola Bachaha Para in Gram Panchayat - Basantpur, Vikas Khand - Pendra","Jyotsna Charandas Mahant","KORBA","Images","06-Nov-2025","299836"
"994","Normal/Others","WS/MP641/2024-2025/147659-Construction of common work sheds/ common covered sitting area","Madhya Pradesh","Khargone (West Nimar)(DISTRICT COLLECTOR KHARGONE_IDA)","Construction of common work shed in village Choli at Near Radha Bihari Gaushala","Gajendra Singh Patel","KHARGONE(ST)","N/A","17-Sep-2025","1000000"
"995","Normal/Others","WS/MP743/2024-2025/143062-Purchase of smart boards, visual display units and projectors","Tamil Nadu","Kancheepuram(DISTRICT COLLECTOR KANCHEEPURAM_IDA)","Purchasing of smart class room equipment for Thammanur Govt.High School in Kanchipuram Panchayat Union. (Supply of smart class equipment 2 set)","Ganesan Selvam","KANCHEEPURAM(SC)","Images","29-Nov-2024","400000"
"996","Normal/Others","WS/MP743/2024-2025/143063-Purchase of smart boards, visual display units and projectors","Tamil Nadu","Kancheepuram(DISTRICT COLLECTOR KANCHEEPURAM_IDA)","Purchasing of smart class room equipment for Ekanampettai Govt.Girls.Hr.sec.School in Walajabad Panchayat Union. (Supply of smart class equipment 2 set)","Ganesan Selvam","KANCHEEPURAM(SC)","Images","29-Nov-2024","400000"
"997","Normal/Others","WS/MP743/2024-2025/143067-Purchase of smart boards, visual display units and projectors","Tamil Nadu","Kancheepuram(DISTRICT COLLECTOR KANCHEEPURAM_IDA)","Purchasing of smart class room equipment for ADW Hr.sec. School in Walajabad Panchayat Union. (Supply of smart class equipment 2 set)","Ganesan Selvam","KANCHEEPURAM(SC)","Images","29-Nov-2024","400000"
"998","Normal/Others","WS/MP743/2024-2025/143066-Purchase of smart boards, visual display units and projectors","Tamil Nadu","Kancheepuram(DISTRICT COLLECTOR KANCHEEPURAM_IDA)","Purchasing of smart class room equipment for Avalur Govt.Hr.sec. School in Kanchipuram Panchayat Union. (Supply of smart class equipment 2 set)","Ganesan Selvam","KANCHEEPURAM(SC)","Images","29-Nov-2024","400000"
"999","Normal/Others","WS/MP743/2024-2025/143065-Purchase of smart boards, visual display units and projectors","Tamil Nadu","Kancheepuram(DISTRICT COLLECTOR KANCHEEPURAM_IDA)","Purchasing of smart class room equipment for Arignar anna Govt.Boys Hr.sec.School in Walajabad Panchayat Union. (Supply of smart class equipment 2 set)","Ganesan Selvam","KANCHEEPURAM(SC)","Images","29-Nov-2024","400000"
"1000","Normal/Others","WS/MP743/2024-2025/143064-Purchase of smart boards, visual display units and projectors","Tamil Nadu","Kancheepuram(DISTRICT COLLECTOR KANCHEEPURAM_IDA)","Purchasing of smart class room equipment for Walajabad Govt.Girls.Hr.sec. School in Walajabad Panchayat Union. (Supply of smart class equipment 2 set)","Ganesan Selvam","KANCHEEPURAM(SC)","Images","29-Nov-2024","400000"
"1001","Normal/Others","WS/MP743/2024-2025/143068-Purchase of smart boards, visual display units and projectors","Tamil Nadu","Kancheepuram(DISTRICT COLLECTOR KANCHEEPURAM_IDA)","Purchasing of smart class room equipment for Singadivakkam Govt.Hr.sec. School in Walajabad Panchayat Union. (Supply of smart class equipment 2 set)","Ganesan Selvam","KANCHEEPURAM(SC)","Images","29-Nov-2024","400000"
"1002","Normal/Others","WS/MP761/2024-2025/146630-Construction of boundary walls of existing public and community buildings","Telangana","Jagitial(DISTRICT COLLECTOR JAGTIAL_IDA)","Construction of Boundary wall to Geetha Vidyalayam in Vani nagar","Arvind Dharmapuri","NIZAMABAD","N/A","19-Aug-2025","442474"
"1003","Normal/Others","WS/MP347/2024-2025/140239-Street lights","Kerala","KOLLAM(DISTRICT COLLECTOR KOLLAM_IDA)","Minimast Light in front of Chennamkara Muslim Juma Ath in Pathanapuram Grama Panchayath","Shri Suresh Kodikunnil","MAVELIKKARA(SC)","Images","29-Nov-2024","342341"
"1004","Normal/Others","WS/MP18051/2024-2025/149138-Construction of roads, link roads, pathways or any other road with or without drainage system","Chhattisgarh","MAHASAMUND(DISTRICT COLLECTOR MAHASAMUND_IDA)","C.C. ROAD","ROOP KUMARI CHOUDHARY","MAHASAMUND","Images","30-Jun-2025","498700"
"1005","Normal/Others","WS/MP18051/2024-2025/149139-Construction of roads, link roads, pathways or any other road with or without drainage system","Chhattisgarh","MAHASAMUND(DISTRICT COLLECTOR MAHASAMUND_IDA)","cc road","ROOP KUMARI CHOUDHARY","MAHASAMUND","Images","20-Aug-2025","500000"
"1006","Normal/Others","WS/MP18051/2024-2025/149445-Construction of roads, link roads, pathways or any other road with or without drainage system","Chhattisgarh","MAHASAMUND(DISTRICT COLLECTOR MAHASAMUND_IDA)","cc road","ROOP KUMARI CHOUDHARY","MAHASAMUND","Images","20-Aug-2025","497900"
"1007","Normal/Others","WS/MP18051/2024-2025/151166-Construction of roads, link roads, pathways or any other road with or without drainage system","Chhattisgarh","MAHASAMUND(DISTRICT COLLECTOR MAHASAMUND_IDA)","C.C. ROAD NIRMAN KARYA, BADEDABHA","ROOP KUMARI CHOUDHARY","MAHASAMUND","Images","03-Jun-2025","500000"
"1008","Normal/Others","WS/MP18051/2024-2025/151163-Construction of common work sheds/ common covered sitting area","Chhattisgarh","MAHASAMUND(DISTRICT COLLECTOR MAHASAMUND_IDA)","KARIGARON KE LIYE SAMANYA WORK SHED NIRMAN","ROOP KUMARI CHOUDHARY","MAHASAMUND","Images","03-Jun-2025","1500000"
"1009","Normal/Others","WS/MP18278/2024-2025/149060-Construction of roads, link roads, pathways or any other road with or without drainage system","Chhattisgarh","Sarangarh-Bilaigarh(Collector SB_IDA)","GRAM-BARBHATHA GRAM PANCHAYAT-CHHIRRA ME C.C.ROAD NIRMARAN(MUKHYA MARG SE MUKTIDHAM KI ORE)","KAMLESH JANGDE","JANJGIR CHAMPA(SC)","N/A","11-Jul-2025","599230"
"1010","Normal/Others","WS/MP18278/2024-2025/149059-Construction of roads, link roads, pathways or any other road with or without drainage system","Chhattisgarh","Sarangarh-Bilaigarh(Collector SB_IDA)","GRAM- MADHUBAN KHURD, GRAM PANCHAYAT-PIPARBHAWANA (TE) ME C.C.ROAD NIRMARAN(PARAS RAM BANJARE GHAR SE AAGE KI ORE)","KAMLESH JANGDE","JANJGIR CHAMPA(SC)","Images","03-Feb-2025","500000"
"1011","Normal/Others","WS/MP429/2024-2025/151728-Construction of community centers and community halls","Chhattisgarh","KORBA(Collector-Korba)","Sanskritik Manch construction at Gram - Khairbhavna, Vikaskhand Katghora","Jyotsna Charandas Mahant","KORBA","Images","16-Jan-2026","399055"
"1012","Normal/Others","WS/MP18391/2024-2025/140289-Construction of public toilets and bathrooms","Nagaland","DIMAPUR(DEPUTY COMMISSIONER DIMAPUR_IDA)","Construction of Sanitation facilities","S SUPONGMEREN JAMIR","NAGALAND","Images","03-Apr-2025","4500000"
"1013","Normal/Others","WS/MP428/2024-2025/154928-Construction of roads, link roads, pathways or any other road with or without drainage system","Chhattisgarh","RAJNANDGAON(DISTRICT COLLECTOR RAJNANDGAON_IDA)","CC Sadak Nirman","Santosh Pandey","RAJNANDGAON","Images","18-Jun-2025","297455"
"1014","Normal/Others","WS/MP18108/2024-2025/150371-Construction of roads, link roads, pathways or any other road with or without drainage system","Madhya Pradesh","SAGAR(DISTRICT COLLECTOR SAGAR_IDA)","Gram Panchayat Jasraj Me Babulal ke Makan Se Bablu Ke Makan Ki or C.C. Road Nirman Hetu","DR. LATA WANKHEDE","SAGAR","Images","15-Oct-2025","500000"
"1015","Normal/Others","WS/MP18108/2024-2025/150372-Construction of roads, link roads, pathways or any other road with or without drainage system","Madhya Pradesh","SAGAR(DISTRICT COLLECTOR SAGAR_IDA)","Gram Panchayat Kherai Ke Gram Pali Me Babulal Ahirwar Ke ghar Se Udham Ahirwar Ke Ghar Ki or C.C Road Nirman Hetu.","DR. LATA WANKHEDE","SAGAR","Images","30-Jan-2025","500000"
"1016","Normal/Others","WS/MP761/2024-2025/146651-Construction of community centers and community halls","Telangana","Jagitial(DISTRICT COLLECTOR JAGTIAL_IDA)","Construction of Community hall in Munnurukapu  wada","Arvind Dharmapuri","NIZAMABAD","N/A","19-Aug-2025","261727"
"1017","Normal/Others","WS/MP18238/2024-2025/141067-Construction of rooms and halls in school and colleges","Uttar Pradesh","DEORIA(DISTRICT MAGISTRATE DEORIA)","Manager Principal,Swami Paramhans Secondary School, Sajaw, Deoria, construction of one toilet with shed","RAMASHANKAR RAJBHAR","SALEMPUR","N/A","06-May-2025","800000"
"1018","Normal/Others","WS/MP18006/2024-2025/136192-Construction of roads, link roads, pathways or any other road with or without drainage system","Andhra Pradesh","CHITTOOR(DISTRICT COLLECTOR CHITTOOR_IDA)","Construction of CC Road from Ramakka House to Doraswami Reddy House in 52Kannikapuram Village , Pillarikuppam GP of SR Puram Mandal of GD Nelloore Constituency.","DAGGUMALLA PRASADA RAO","CHITTOOR","Images","30-Nov-2024","499013"
"1019","Normal/Others","WS/MP18006/2024-2025/136191-Construction of roads, link roads, pathways or any other road with or without drainage system","Andhra Pradesh","CHITTOOR(DISTRICT COLLECTOR CHITTOOR_IDA)","Construction of CC Road from Venkateswara Reddy House to Ramakka House in 52 Kannikapuram Village of Pillarikuppam GP of SR Puram Mandal of GD Nelloore Constituency.","DAGGUMALLA PRASADA RAO","CHITTOOR","Images","30-Nov-2024","499239"
"1020","Normal/Others","WS/MP18144/2024-2025/141590-Construction of roads, link roads, pathways or any other road with or without drainage system","Odisha","KALAHANDI(DISTRICT COLLECTOR KALAHANDI_IDA)","Construction of WMM Road  from majhi pada to majen padar.","MALVIKA DEVI","KALAHANDI","N/A","07-Nov-2025","400000"
"1021","Normal/Others","WS/MP18006/2024-2025/136187-Construction of roads, link roads, pathways or any other road with or without drainage system","Andhra Pradesh","CHITTOOR(DISTRICT COLLECTOR CHITTOOR_IDA)","Construction of CC Road from DBR Bailu continuation Road to Mangunta Village Road in Mangunta GP of SR Puram Mandal in GD Nelloore Constituency.","DAGGUMALLA PRASADA RAO","CHITTOOR","Images","30-Nov-2024","492138"
"1022","Normal/Others","WS/MP18006/2024-2025/136186-Construction of roads, link roads, pathways or any other road with or without drainage system","Andhra Pradesh","CHITTOOR(DISTRICT COLLECTOR CHITTOOR_IDA)","Construction of CC Road Mangunta Anganwadi School to Mangunta New Colony via Nehru House in Mangunta Village and GP of SR Puram Mandal of GD Nelloore Constituency.","DAGGUMALLA PRASADA RAO","CHITTOOR","Images","30-Nov-2024","497570"
"1023","Normal/Others","WS/MP18006/2024-2025/136190-Construction of roads, link roads, pathways or any other road with or without drainage system","Andhra Pradesh","CHITTOOR(DISTRICT COLLECTOR CHITTOOR_IDA)","Construction of CC Road from Piligundlapalli Main Road to Subramanyam House connecting Road DBR Bailu Village in Mangunta GP of SR Puram Mandal in GD Nelloore Constituency.","DAGGUMALLA PRASADA RAO","CHITTOOR","Images","30-Nov-2024","299972"
"1024","Normal/Others","WS/MP381/2024-2025/147193-Construction of rooms and halls in school and colleges","Punjab","AMRITSAR(DEPUTY COMMISSIONER AMRITSAR_IDA)","CONSTRUCTION OF SHED/ROOFING INTERLOCKING TILES","Shri Gurjeet Singh Aujla","AMRITSAR","N/A","14-Jan-2026","700000"
"1025","Normal/Others","WS/MP429/2024-2025/146732-Construction of buildings for community cultural activities","Chhattisgarh","Gaurela-Pendra-Marwahi(Collector GPM_IDA)","Manch construction in Gram Panchayat - Kachhar, Vikas Khand - Marwahi.","Jyotsna Charandas Mahant","KORBA","N/A","13-Oct-2025","200000"
"1026","Normal/Others","WS/MP598/2024-2025/146971-Construction of roads, link roads, pathways or any other road with or without drainage system","Himachal Pradesh","SIRMAUR(DEPUTY COMMISSIONER SIRMOUR_IDA)","C/o PCC L/R along with R/Wall  NH-907A to Near H/o Sh. Devender Singh GP Sarahan Executive Agency BDO Pachhad","Suresh Kumar Kashyap","SHIMLA (SC)","N/A","02-Jan-2025","310000"
"1027","Normal/Others","WS/MP761/2024-2025/153884-Construction of boundary walls of existing public and community buildings","Telangana","NIZAMABAD(DISTRICT COLLECTOR NIZAMABAD_IDA)","Construction of boundary wall to existing community hall near Guthpa Munnurukapu Sangham, Borgaon P","Arvind Dharmapuri","NIZAMABAD","N/A","02-Dec-2024","350000"
"1028","Normal/Others","WS/MP345/2024-2025/134136-Construction of roads, link roads, pathways or any other road with or without drainage system","Kerala","KOLLAM(DISTRICT COLLECTOR KOLLAM_IDA)","Concreting and side wall construction of Edakkunnu –Blavadi road , Kelan kavu Ward No.24 at Punalur Municipality in  Punalur Constituency (ST)","Shri NK Premachandran","KOLLAM","Images","02-Dec-2024","1303959"
"1029","Normal/Others","WS/MP18391/2024-2025/140274-Construction of flood control embankments/ protection walls along riverbanks, hilltops, roadsides","Nagaland","KOHIMA(DEPUTY COMMISIONER_7)","Construction of river embankment & water conservation plant at Kikha Kohima","S SUPONGMEREN JAMIR","NAGALAND","N/A","12-Jan-2026","11000000"
"1030","Normal/Others","WS/MP18391/2024-2025/140301-Providing drains and gutters for public drainage","Nagaland","PEREN(Deputy Commissioner Peren_IDA)","Construction of drainage","S SUPONGMEREN JAMIR","NAGALAND","Images","12-Jan-2026","150000"
"1031","Normal/Others","WS/MP18391/2024-2025/140302-Providing drains and gutters for public drainage","Nagaland","PEREN(Deputy Commissioner Peren_IDA)","Construction of drainage","S SUPONGMEREN JAMIR","NAGALAND","Images","12-Jan-2026","100000"
"1032","Normal/Others","WS/MP761/2024-2025/151799-Street lights","Telangana","Jagitial(DISTRICT COLLECTOR JAGTIAL_IDA)","Providing High Mast Lights near Ganapathi Gadde and Masjid at Pochampet (V)","Arvind Dharmapuri","NIZAMABAD","N/A","19-Aug-2025","299296"
"1033","Normal/Others","WS/MP429/2024-2025/146736-Construction of buildings for community cultural activities","Chhattisgarh","Gaurela-Pendra-Marwahi(Collector GPM_IDA)","Construction of Sarvajanik Manch at Gram Panchayat - Katra , Vikas Khand - Marwahi","Jyotsna Charandas Mahant","KORBA","Images","15-May-2026","200000"
"1034","Normal/Others","WS/MP761/2024-2025/146570-Construction of community centers and community halls","Telangana","Jagitial(DISTRICT COLLECTOR JAGTIAL_IDA)","Construction of Community Hall near Mannegudem Padmashali Sankshema Sangham at Anand Nagar, Kallur Road at Ward No 12 in Korutla town","Arvind Dharmapuri","NIZAMABAD","N/A","19-Aug-2025","356882"
"1035","Normal/Others","WS/MP761/2024-2025/146573-Construction of community centers and community halls","Telangana","Jagitial(DISTRICT COLLECTOR JAGTIAL_IDA)","Construction of Community hall in Pattana Arya Vyshya Sangham at Ward 31 in Korutla town","Arvind Dharmapuri","NIZAMABAD","N/A","19-Aug-2025","356880"
"1036","Normal/Others","WS/MP792/2024-2025/136732-Lighting of public spaces","Uttar Pradesh","HARDOI(DISTRICT MAGISTRATE HARDOI_IDA)","39 ?? 170-200 ??? 06 ?? ???????? ???? ?? ????????? ?????","Jai Prakash","HARDOI (SC)","Images","03-Dec-2024","8523854"
"1037","Normal/Others","WS/MP356/2024-2025/137860-Purchase Books for Library","Madhya Pradesh","NEEMUCH(District Collector Neemuch_IDA)","PURCHASE OF BOOK IN SCHOOL LIBRARY","Shri Sudheer Gupta","MANDSOUR","Images","26-Apr-2026","100000"
"1038","Normal/Others","WS/MP761/2024-2025/156010-Construction of community centers and community halls","Telangana","NIZAMABAD(DISTRICT COLLECTOR NIZAMABAD_IDA)","Construction of building for Multi gym at Ward No 3, Narsapur road","Arvind Dharmapuri","NIZAMABAD","N/A","03-Dec-2024","495000"
"1039","Normal/Others","WS/MP356/2024-2025/137862-Purchase Books for Library","Madhya Pradesh","NEEMUCH(District Collector Neemuch_IDA)","PURCHASE OF BOOK IN SCHOOL LIBRARY","Shri Sudheer Gupta","MANDSOUR","Images","26-Apr-2026","100000"
"1040","Normal/Others","WS/MP18278/2024-2025/149063-Construction of cycle tracks, cycle stand and segregated non-motorized vehicle (NMV) lanes","Chhattisgarh","JANJGIR-CHAMPA(DISTRICT COLLECTOR JANJGIR CHAMPA_IDA)","GRAM-KUTRA, GRAM PANCHAYAT-KUTRA ME CYCLE STAND NIRMARAN(SHASAKIY HIGHER SECONDRY SCHOOL ME)","KAMLESH JANGDE","JANJGIR CHAMPA(SC)","Images","14-May-2025","698700"
"1041","Normal/Others","WS/MP743/2024-2025/143069-Purchase of smart boards, visual display units and projectors","Tamil Nadu","Kancheepuram(DISTRICT COLLECTOR KANCHEEPURAM_IDA)","Purchasing of smart class room equipment for Govindavadi Govt.Hr.sec.School in Walajabad Panchayat Union. (Supply of smart class equipment 2 set)","Ganesan Selvam","KANCHEEPURAM(SC)","Images","03-Dec-2024","400000"
"1042","Normal/Others","WS/MP18006/2024-2025/139524-Installing community drinking water plants","Andhra Pradesh","CHITTOOR(DISTRICT COLLECTOR CHITTOOR_IDA)","Providing Water Plant System to Yenuguntapalli Village in Cherlopalli GP of Chittoor rural Mandal, Chittoor Constituency.","DAGGUMALLA PRASADA RAO","CHITTOOR","Images","03-Dec-2024","232853"
"1043","Normal/Others","WS/MP18155/2024-2025/141570-Construction of roads, link roads, pathways or any other road with or without drainage system","Punjab","HOSHIARPUR(DEPUTY COMMISSIONER HOSHIARPUR_IDA)","Construction of Streets & Drains","DR. RAJ KUMAR CHABBEWAL","HOSHIARPUR(SC)","Images","05-Dec-2024","500000"
"1044","Normal/Others","WS/MP429/2024-2025/151720-Renovation of ponds and lakes","Chhattisgarh","KORBA(Collector-Korba)","Pachri construction at Vishram sagar talaab, Gram - Nagoi, Vikaskhand - Pali.","Jyotsna Charandas Mahant","KORBA","Images","04-Jul-2025","299520"
"1045","Normal/Others","WS/MP423/2024-2025/139244-Construction of roads, link roads, pathways or any other road with or without drainage system","West Bengal","KOLKATA(COMMISSIONER KOLKATA MUNICIPAL CORPORATION_IDA)","Construction of CC Road with Drain from Holding No. T-119 to T-121 Marry Road. (50 mtr)","Shri Abhishek Banerjee","DIAMOND HARBOUR","Images","07-Feb-2026","249974"
"1046","Normal/Others","WS/MP423/2024-2025/139245-Construction of roads, link roads, pathways or any other road with or without drainage system","West Bengal","KOLKATA(COMMISSIONER KOLKATA MUNICIPAL CORPORATION_IDA)","Construction of CC Road with Drain from Holding No. Y-82 toY-86 Madarsaheb Ground Road. (40 mtr)","Shri Abhishek Banerjee","DIAMOND HARBOUR","Images","07-Feb-2026","249997"
"1047","Normal/Others","WS/MP18019/2024-2025/137594-Creation of new ponds","Assam","KARBI ANGLONG(DEPUTY COMMISSIONER KARBI ANGLONG_IDA)","Construction of community fishery at Rongkimi, Diphu","AMARSING TISSO","Diphu (ST)","Images","10-Dec-2025","499329"
"1048","Normal/Others","WS/MP18019/2024-2025/137605-Installing tube-wells and borewells","Assam","KARBI ANGLONG(DEPUTY COMMISSIONER KARBI ANGLONG_IDA)","Construction of ringwell near the house of Smt Sika Tokbipi, Cheksolangso","AMARSING TISSO","Diphu (ST)","N/A","18-Jun-2025","299503"
"1049","Normal/Others","WS/MP18019/2024-2025/137604-Installing tube-wells and borewells","Assam","KARBI ANGLONG(DEPUTY COMMISSIONER KARBI ANGLONG_IDA)","Construction of ringwell near the house of Smt Rengka Teronpi, Manja College","AMARSING TISSO","Diphu (ST)","N/A","18-Jun-2025","299192"
"1050","Normal/Others","WS/MP18019/2024-2025/137601-Installing tube-wells and borewells","Assam","KARBI ANGLONG(DEPUTY COMMISSIONER KARBI ANGLONG_IDA)","Construction of ringwell near the house of Smt. Meera Tissopi, Mohendijua","AMARSING TISSO","Diphu (ST)","N/A","18-Jun-2025","298426"
"1051","Normal/Others","WS/MP18019/2024-2025/137602-Installing tube-wells and borewells","Assam","KARBI ANGLONG(DEPUTY COMMISSIONER KARBI ANGLONG_IDA)","Construction of ringwell near the house of Smt. Moina Terangpi, Rongtheang","AMARSING TISSO","Diphu (ST)","N/A","18-Jun-2025","299568"
"1052","Normal/Others","WS/MP18019/2024-2025/137595-Creation of new ponds","Assam","KARBI ANGLONG(DEPUTY COMMISSIONER KARBI ANGLONG_IDA)","Construction of community fishery at Longnit","AMARSING TISSO","Diphu (ST)","N/A","10-Dec-2025","499329"
"1053","Normal/Others","WS/MP18019/2024-2025/137603-Installing tube-wells and borewells","Assam","KARBI ANGLONG(DEPUTY COMMISSIONER KARBI ANGLONG_IDA)","Construction of ringwell near the house of Smt. Minu Teronpi, Biren Kramsa village","AMARSING TISSO","Diphu (ST)","N/A","18-Jun-2025","299481"
"1054","Normal/Others","WS/MP18391/2024-2025/140328-Construction of roads, link roads, pathways or any other road with or without drainage system","Nagaland","MON(Deputy Commissioner Mon_IDA)","Construction of road toward Tengjangpang fishery pond","S SUPONGMEREN JAMIR","NAGALAND","Images","13-Mar-2025","1087620"
"1055","Normal/Others","WS/MP18278/2024-2025/151476-Construction of roads, link roads, pathways or any other road with or without drainage system","Chhattisgarh","JANJGIR-CHAMPA(DISTRICT COLLECTOR JANJGIR CHAMPA_IDA)","GRAM-PANCHAYAT PONCH ME C.C. ROAD NIRMARAN(MUKHYA MARG SE NALA KI ORE)","KAMLESH JANGDE","JANJGIR CHAMPA(SC)","Images","04-Feb-2025","400000"
"1056","Normal/Others","WS/MP18108/2024-2025/150374-Construction of roads, link roads, pathways or any other road with or without drainage system","Madhya Pradesh","SAGAR(DISTRICT COLLECTOR SAGAR_IDA)","Gram Panchayat Ishurwara Me Main Road Se Shishu Mandir Ki or C.C. Road Nirman Karya hetu","DR. LATA WANKHEDE","SAGAR","N/A","28-Dec-2024","500000"
"1057","Normal/Others","WS/MP761/2024-2025/155282-Construction of community centers and community halls","Telangana","Jagitial(DISTRICT COLLECTOR JAGTIAL_IDA)","Construction of Community hall in Padmashali Colony","Arvind Dharmapuri","NIZAMABAD","N/A","19-Aug-2025","305428"
"1058","Normal/Others","WS/MP761/2024-2025/146747-Construction of community centers and community halls","Telangana","Jagitial(DISTRICT COLLECTOR JAGTIAL_IDA)","Construction of Community hall in Gouda wada,","Arvind Dharmapuri","NIZAMABAD","N/A","19-Aug-2025","268220"
"1059","Normal/Others","WS/MP18051/2024-2025/149156-Construction of roads, link roads, pathways or any other road with or without drainage system","Chhattisgarh","MAHASAMUND(DISTRICT COLLECTOR MAHASAMUND_IDA)","cc road","ROOP KUMARI CHOUDHARY","MAHASAMUND","Images","29-Jul-2025","500000"
"1060","Normal/Others","WS/MP18108/2024-2025/151956-Construction of roads, link roads, pathways or any other road with or without drainage system","Madhya Pradesh","SAGAR(DISTRICT COLLECTOR SAGAR_IDA)","Gram Panchayat Khiriya Nikhar Me Panchayat Bhavan Se Kanchhedi Ke Makan Tak C.C. Road Nirman Karya Hetu.","DR. LATA WANKHEDE","SAGAR","Images","29-Oct-2025","500000"
"1061","Normal/Others","WS/MP429/2024-2025/151722-Construction of common work sheds/ common covered sitting area","Chhattisgarh","KORBA(Collector-Korba)","Construction of shed in Diprapara, Gram Silli, Vikaskhand - Pali","Jyotsna Charandas Mahant","KORBA","Images","09-Jul-2025","400000"
"1062","Normal/Others","WS/MP18108/2024-2025/150370-Construction of roads, link roads, pathways or any other road with or without drainage system","Madhya Pradesh","SAGAR(DISTRICT COLLECTOR SAGAR_IDA)","Gram Panchayat Narayanpur ke gram Barkhua Tiwari me Rambabu chadar ke ghar se Ashok Gound Ke Ghar Tak C.C. Road Nirman Karya Hetu","DR. LATA WANKHEDE","SAGAR","Images","04-Feb-2025","500000"
"1063","Normal/Others","WS/MP18335/2024-2025/151029-Construction of culverts and bridges","Chhattisgarh","JASHPUR(DISTRICT COLLECTOR JASHPUR_IDA)","construction of Culvert, bridge","RADHE SHYAM RATHIYA","RAIGARH(ST)","Images","16-Jan-2026","799717"
"1064","Normal/Others","WS/MP18051/2024-2025/149159-Construction of roads, link roads, pathways or any other road with or without drainage system","Chhattisgarh","MAHASAMUND(DISTRICT COLLECTOR MAHASAMUND_IDA)","cc road","ROOP KUMARI CHOUDHARY","MAHASAMUND","Images","29-May-2025","500000"
"1065","Normal/Others","WS/MP18165/2024-2025/147543-Purchase of hospital equipment","Rajasthan","JAIPUR(DISTRICT COLLECTOR JAIPUR_IDA)","?????? ???????? ??????? ?? ????? ??????? ???????? ????????, ?????? ?????, ????? ??? ???????? ????? ?? ???? ?","MANJU SHARMA","JAIPUR","Images","08-Jan-2025","683030"
"1066","Normal/Others","WS/MP429/2024-2025/146723-Construction of buildings for community cultural activities","Chhattisgarh","KORBA(Collector-Korba)","Manch construction at Bundelipara of Gram Panchayat - Amjhar,  Vikas Khand - Poundi-Uproda","Jyotsna Charandas Mahant","KORBA","Images","11-Nov-2025","249950"
"1067","Normal/Others","WS/MP429/2024-2025/146725-Construction of buildings for community cultural activities","Chhattisgarh","KORBA(Collector-Korba)","Manch construction at Suvaar Ghutra of Gram Panchayat - Sirri, Vikas Khand - Poundi-Uproda","Jyotsna Charandas Mahant","KORBA","Images","11-Nov-2025","249880"
"1068","Normal/Others","WS/MP429/2024-2025/146724-Construction of buildings for community cultural activities","Chhattisgarh","KORBA(Collector-Korba)","Manch construction at High School of Gram Panchayat - Lad, Vikas Khand - Poundi-Uproda","Jyotsna Charandas Mahant","KORBA","Images","14-Oct-2025","249531"
"1069","Normal/Others","WS/MP446/2024-2025/156588-Construction of roads, link roads, pathways or any other road with or without drainage system","Madhya Pradesh","PANNA(DISTRICT COLLECTOR PANNA_IDA)","CC ROAD NIRMAN MUKHYA SADAK SE RAM JANKI MANDIR KI OR, GRAM SINGHAURA, GRAM PANCHAYAT SINGHAURA, JANPAD PANCHAYAT GUNOUR, JILA PANNA","Vishnu Dutt Sharma","KHAJURAHO","Images","22-Mar-2025","2422881"
"1070","Normal/Others","WS/MP761/2024-2025/146749-Construction of community centers and community halls","Telangana","Jagitial(DISTRICT COLLECTOR JAGTIAL_IDA)","Construction of Community hall Munnurukapu wada,","Arvind Dharmapuri","NIZAMABAD","N/A","19-Aug-2025","268218"
"1071","Normal/Others","WS/MP356/2024-2025/137861-Purchase Books for Library","Madhya Pradesh","NEEMUCH(District Collector Neemuch_IDA)","PURCHASE OF BOOK IN SCHOOL LIBRARY","Shri Sudheer Gupta","MANDSOUR","Images","28-Apr-2026","100000"
"1072","Normal/Others","WS/MP356/2024-2025/137864-Purchase Books for Library","Madhya Pradesh","NEEMUCH(District Collector Neemuch_IDA)","PURCHASE OF BOOK IN LIBRARY","Shri Sudheer Gupta","MANDSOUR","Images","28-Apr-2026","100000"
"1073","Normal/Others","WS/MP18006/2024-2025/135595-Construction of roads, link roads, pathways or any other road with or without drainage system","Andhra Pradesh","CHITTOOR(DISTRICT COLLECTOR CHITTOOR_IDA)","Construction of CC road from Amudala Village to Amudala ST colony in Amudala Village & GP of Palasamudram Mandal of GD Nelloore Constituency","DAGGUMALLA PRASADA RAO","CHITTOOR","Images","05-Dec-2024","448970"
"1074","Normal/Others","WS/MP18006/2024-2025/135593-Construction of roads, link roads, pathways or any other road with or without drainage system","Andhra Pradesh","CHITTOOR(DISTRICT COLLECTOR CHITTOOR_IDA)","Construction of CC Road from Amudala Village to AmudalaHW in Amudala Village&GP of Palasamudram MAndal of GD Nellore Constituency","DAGGUMALLA PRASADA RAO","CHITTOOR","Images","05-Dec-2024","448722"
"1075","Normal/Others","WS/MP356/2024-2025/137863-Purchase Books for Library","Madhya Pradesh","NEEMUCH(District Collector Neemuch_IDA)","PURCHASE OF BOOK IN SCHOOL LIBRARY","Shri Sudheer Gupta","MANDSOUR","Images","28-Apr-2026","100000"
"1076","Normal/Others","WS/MP356/2024-2025/137866-Purchase Books for Library","Madhya Pradesh","NEEMUCH(District Collector Neemuch_IDA)","PURCHASE OF BOOKS","Shri Sudheer Gupta","MANDSOUR","Images","28-Apr-2026","100000"
"1077","Normal/Others","WS/MP356/2024-2025/137865-Purchase Books for Library","Madhya Pradesh","NEEMUCH(District Collector Neemuch_IDA)","PURCHASE OF BOOKS","Shri Sudheer Gupta","MANDSOUR","Images","28-Apr-2026","100000"
"1078","Normal/Others","WS/MP356/2024-2025/137868-Purchase Books for Library","Madhya Pradesh","NEEMUCH(District Collector Neemuch_IDA)","PURCHASE OF BOOKS","Shri Sudheer Gupta","MANDSOUR","Images","28-Apr-2026","100000"
"1079","Normal/Others","WS/MP356/2024-2025/137867-Purchase Books for Library","Madhya Pradesh","NEEMUCH(District Collector Neemuch_IDA)","PURCHASE OF BOOKS","Shri Sudheer Gupta","MANDSOUR","Images","28-Apr-2026","100000"
"1080","Normal/Others","WS/MP356/2024-2025/137870-Purchase Books for Library","Madhya Pradesh","NEEMUCH(District Collector Neemuch_IDA)","PURCHASE OF BOOKS","Shri Sudheer Gupta","MANDSOUR","Images","28-Apr-2026","100000"
"1081","Normal/Others","WS/MP18006/2024-2025/139525-Construction of boundary walls of existing public and community buildings","Andhra Pradesh","CHITTOOR(DISTRICT COLLECTOR CHITTOOR_IDA)","Construction of Compound wall to Dumping Yard at Kammapalle HW in Cherlopalli GP of Chittoor rural Mandal, Chittoor Constituency","DAGGUMALLA PRASADA RAO","CHITTOOR","Images","06-Dec-2024","499527"
"1082","Normal/Others","WS/MP356/2024-2025/137869-Purchase Books for Library","Madhya Pradesh","NEEMUCH(District Collector Neemuch_IDA)","PURCHASE OF BOOKS","Shri Sudheer Gupta","MANDSOUR","Images","28-Apr-2026","100000"
"1083","Normal/Others","WS/MP356/2024-2025/137872-Purchase Books for Library","Madhya Pradesh","NEEMUCH(District Collector Neemuch_IDA)","PURCHASE OF BOOKS","Shri Sudheer Gupta","MANDSOUR","Images","28-Apr-2026","100000"
"1084","Normal/Others","WS/MP356/2024-2025/137871-Purchase Books for Library","Madhya Pradesh","NEEMUCH(District Collector Neemuch_IDA)","PURCHASE OF BOOKS","Shri Sudheer Gupta","MANDSOUR","Images","28-Apr-2026","100000"
"1085","Normal/Others","WS/MP356/2024-2025/137874-Purchase Books for Library","Madhya Pradesh","NEEMUCH(District Collector Neemuch_IDA)","PURCHASE OF BOOKS","Shri Sudheer Gupta","MANDSOUR","Images","28-Apr-2026","100000"
"1086","Normal/Others","WS/MP356/2024-2025/137873-Purchase Books for Library","Madhya Pradesh","NEEMUCH(District Collector Neemuch_IDA)","PURCHASE OF BOOKS","Shri Sudheer Gupta","MANDSOUR","Images","28-Apr-2026","100000"
"1087","Normal/Others","WS/MP761/2024-2025/156783-Construction of community centers and community halls","Telangana","NIZAMABAD(DISTRICT COLLECTOR NIZAMABAD_IDA)","Construction of Community hall in 1st floor in existing community hall in Nayi brahmin wada","Arvind Dharmapuri","NIZAMABAD","N/A","06-Dec-2024","400000"
"1088","Normal/Others","WS/MP18206/2024-2025/137986-Lighting of public spaces","Uttar Pradesh","BANDA(DISTRICT MAGISTRATE BANDA_IDA)","gram panchayt aliha me vanka dai ke sthan ke paas chaurahe me sarvjanik sthan par himax light sthapna kary","KRISHNA DEVI SHIVSHANKER PATEL","BANDA","Images","28-Dec-2024","232197.98"
"1089","Normal/Others","WS/MP18206/2024-2025/137981-Lighting of public spaces","Uttar Pradesh","BANDA(DISTRICT MAGISTRATE BANDA_IDA)","gram panchayat achhah me akhada maidan ke paas sarvjanik sthan par himax light sthapna kary","KRISHNA DEVI SHIVSHANKER PATEL","BANDA","Images","28-Dec-2024","232197.98"
"1090","Normal/Others","WS/MP18206/2024-2025/138009-Lighting of public spaces","Uttar Pradesh","BANDA(DISTRICT MAGISTRATE BANDA_IDA)","gram panchayat audaha ke majra amiliha purawa me ram singh yadav ke samne sarvjanik sthan par","KRISHNA DEVI SHIVSHANKER PATEL","BANDA","Images","28-Dec-2024","232197.98"
"1091","Normal/Others","WS/MP356/2024-2025/137876-Purchase Books for Library","Madhya Pradesh","NEEMUCH(District Collector Neemuch_IDA)","PURCHASE OF BOOKS","Shri Sudheer Gupta","MANDSOUR","Images","28-Apr-2026","100000"
"1092","Normal/Others","WS/MP356/2024-2025/137875-Purchase Books for Library","Madhya Pradesh","NEEMUCH(District Collector Neemuch_IDA)","PURCHASE OF BOOKS","Shri Sudheer Gupta","MANDSOUR","Images","28-Apr-2026","100000"
"1093","Normal/Others","WS/MP356/2024-2025/137878-Purchase Books for Library","Madhya Pradesh","NEEMUCH(District Collector Neemuch_IDA)","PURCHASE OF BOOKS","Shri Sudheer Gupta","MANDSOUR","Images","28-Apr-2026","100000"
"1094","Normal/Others","WS/MP356/2024-2025/137877-Purchase Books for Library","Madhya Pradesh","NEEMUCH(District Collector Neemuch_IDA)","PURCHASE OF BOOKS","Shri Sudheer Gupta","MANDSOUR","Images","28-Apr-2026","100000"
"1095","Normal/Others","WS/MP356/2024-2025/137880-Purchase Books for Library","Madhya Pradesh","NEEMUCH(District Collector Neemuch_IDA)","PURCHASE OF BOOKS","Shri Sudheer Gupta","MANDSOUR","Images","28-Apr-2026","100000"
"1096","Normal/Others","WS/MP356/2024-2025/137879-Purchase Books for Library","Madhya Pradesh","NEEMUCH(District Collector Neemuch_IDA)","PURCHASE OF BOOKS","Shri Sudheer Gupta","MANDSOUR","Images","28-Apr-2026","100000"
"1097","Normal/Others","WS/MP356/2024-2025/137883-Purchase of books for public libraries/ digitization of library books","Madhya Pradesh","NEEMUCH(District Collector Neemuch_IDA)","PURCHASE OF BOOKS","Shri Sudheer Gupta","MANDSOUR","Images","28-Apr-2026","100000"
"1098","Normal/Others","WS/MP356/2024-2025/137882-Purchase of books for public libraries/ digitization of library books","Madhya Pradesh","NEEMUCH(District Collector Neemuch_IDA)","PURCHASE OF BOOKS","Shri Sudheer Gupta","MANDSOUR","Images","28-Apr-2026","100000"
"1099","Normal/Others","WS/MP356/2024-2025/137881-Purchase of books for public libraries/ digitization of library books","Madhya Pradesh","NEEMUCH(District Collector Neemuch_IDA)","PURCHASE OF BOOKS","Shri Sudheer Gupta","MANDSOUR","Images","28-Apr-2026","100000"
"1100","Normal/Others","WS/MP356/2024-2025/137884-Purchase Books for Library","Madhya Pradesh","NEEMUCH(District Collector Neemuch_IDA)","PURCHASE OF BOOK","Shri Sudheer Gupta","MANDSOUR","Images","28-Apr-2026","94846"
"1101","Normal/Others","WS/MP18391/2024-2025/140322-Providing drains and gutters for public drainage","Nagaland","KOHIMA(DEPUTY COMMISIONER_7)","Construction of drainage","S SUPONGMEREN JAMIR","NAGALAND","N/A","01-Mar-2025","300000"
"1102","Normal/Others","WS/MP18278/2024-2025/149062-Construction of roads, link roads, pathways or any other road with or without drainage system","Chhattisgarh","JANJGIR-CHAMPA(DISTRICT COLLECTOR JANJGIR CHAMPA_IDA)","GRAM-BODSARA GRAM PANCHAYAT-BODSARA ME C.C.ROAD NIRMARAN(MAKHAN SATNAMIGHAR SE NANDU SAHU GHAR KI ORE)","KAMLESH JANGDE","JANJGIR CHAMPA(SC)","Images","31-Jan-2025","699801"
"1103","Normal/Others","WS/MP761/2024-2025/146755-Construction of community centers and community halls","Telangana","Jagitial(DISTRICT COLLECTOR JAGTIAL_IDA)","Construction of Community hall in Padmashali wada","Arvind Dharmapuri","NIZAMABAD","N/A","19-Aug-2025","312923"
"1104","Normal/Others","WS/MP761/2024-2025/151793-Construction of community centers and community halls","Telangana","Jagitial(DISTRICT COLLECTOR JAGTIAL_IDA)","Construction of Community hall at Madhapur()","Arvind Dharmapuri","NIZAMABAD","N/A","19-Aug-2025","398012"
"1105","Normal/Others","WS/MP429/2024-2025/156834-Construction of common work sheds/ common covered sitting area","Chhattisgarh","KORBA(Collector-Korba)","Construction of shed at Kadampara of Gram Panchayat - Dhukupathra , Vikas khand - Pali","Jyotsna Charandas Mahant","KORBA","Images","17-Sep-2025","300000"
"1106","Normal/Others","WS/MP429/2024-2025/151718-Installing hand pumps","Chhattisgarh","KORBA(Collector-Korba)","Bore khanan work in Kisan Mohalla , Gram - Dumarkachhar, Vikas khand - Pali.","Jyotsna Charandas Mahant","KORBA","Images","23-Feb-2026","99675"
"1107","Normal/Others","WS/MP18253/2024-2025/141442-Installing tube-wells and borewells","West Bengal","South 24 Parganas(DISTRICT MAGISTRATE SOUTH TWENTY FOUR PARGANAS_IDA)","Sinking of tubewell at Manik Thakurchak near Hamid Molla house.Dag No-3608,JL No-25","BAPI HALDAR","MATHURAPUR(SC)","N/A","09-Dec-2024","219263"
"1108","Normal/Others","WS/MP761/2024-2025/156552-Construction of community centers and community halls","Telangana","Jagitial(DISTRICT COLLECTOR JAGTIAL_IDA)","Construction of community hall in Vyshya wada in Chaitanya nagar ward no 18, Metpally town","Arvind Dharmapuri","NIZAMABAD","N/A","19-Aug-2025","399640"
"1109","Normal/Others","WS/MP761/2024-2025/156551-Construction of community centers and community halls","Telangana","Jagitial(DISTRICT COLLECTOR JAGTIAL_IDA)","Construction of community hall in Vempet road near Padmashali seva sangham, Ward No 4 Metpally town","Arvind Dharmapuri","NIZAMABAD","N/A","19-Aug-2025","397482"
"1110","Normal/Others","WS/MP18144/2024-2025/141588-Construction of roads, link roads, pathways or any other road with or without drainage system","Odisha","KALAHANDI(DISTRICT COLLECTOR KALAHANDI_IDA)","Construction of CD work from Birikot Bhoiragarh to suksan.","MALVIKA DEVI","KALAHANDI","N/A","07-Nov-2025","500000"
"1111","Normal/Others","WS/MP18144/2024-2025/141596-Construction of roads, link roads, pathways or any other road with or without drainage system","Odisha","KALAHANDI(DISTRICT COLLECTOR KALAHANDI_IDA)","Improvement of Road from Bandhapada to Malbhata.","MALVIKA DEVI","KALAHANDI","N/A","07-Nov-2025","300000"
"1112","Normal/Others","WS/MP18144/2024-2025/141600-Construction of roads, link roads, pathways or any other road with or without drainage system","Odisha","KALAHANDI(DISTRICT COLLECTOR KALAHANDI_IDA)","Construction of CC road from siva mandir road to Rajmoter.","MALVIKA DEVI","KALAHANDI","N/A","07-Nov-2025","200000"
"1113","Normal/Others","WS/MP18253/2024-2025/141456-Installing tube-wells and borewells","West Bengal","South 24 Parganas(DISTRICT MAGISTRATE SOUTH TWENTY FOUR PARGANAS_IDA)","Sinking of tubewell at Akshaynagar near Kansho Das house.Dag No-120,JL No-38","BAPI HALDAR","MATHURAPUR(SC)","N/A","16-Dec-2024","212141"
"1114","Normal/Others","WS/MP18253/2024-2025/141453-Installing tube-wells and borewells","West Bengal","South 24 Parganas(DISTRICT MAGISTRATE SOUTH TWENTY FOUR PARGANAS_IDA)","Sinking of tubewell at Mrinalnagar near Gopal Ghosh house.Dag No-3909,JL No-28","BAPI HALDAR","MATHURAPUR(SC)","N/A","23-Dec-2024","221982"
"1115","Normal/Others","WS/MP423/2024-2025/138024-Construction of roads, link roads, pathways or any other road with or without drainage system","West Bengal","South 24 Parganas(DISTRICT MAGISTRATE SOUTH TWENTY FOUR PARGANAS_IDA)","Construction Of CC Road from H/O Dilip Mal to H/O Kanai Mal. (75 mtr)","Shri Abhishek Banerjee","DIAMOND HARBOUR","Images","24-Dec-2024","150000"
"1116","Normal/Others","WS/MP423/2024-2025/138045-Construction of roads, link roads, pathways or any other road with or without drainage system","West Bengal","South 24 Parganas(DISTRICT MAGISTRATE SOUTH TWENTY FOUR PARGANAS_IDA)","Construction of CC Road with Brick Soling from H/O Swapan Natuya to H/O Samiya Sk. (150 mtr)","Shri Abhishek Banerjee","DIAMOND HARBOUR","Images","24-Dec-2024","299999"
"1117","Normal/Others","WS/MP423/2024-2025/138026-Construction of roads, link roads, pathways or any other road with or without drainage system","West Bengal","South 24 Parganas(DISTRICT MAGISTRATE SOUTH TWENTY FOUR PARGANAS_IDA)","Construction of CC Road from H/O Monirul Sk to H/O liyakat Sipai. (120 mtr)","Shri Abhishek Banerjee","DIAMOND HARBOUR","Images","24-Dec-2024","200000"
"1118","Normal/Others","WS/MP18211/2024-2025/137311-Construction of roads, link roads, pathways or any other road with or without drainage system","Uttar Pradesh","Kushinagar(DISTRICT MAGISTRATE KUSHINAGAR PADRAUNA_IDA)","Gram Sabha - Noniya Patti, Vikas Khand - Fazil Nagar me Junior high School se mandir tak CC road ka nirmaan. lagbhag - 117 meter","SHASHANK MANI","DEORIA","Images","04-Sep-2025","972556"
"1119","Normal/Others","WS/MP428/2024-2025/156723-Construction of roads, link roads, pathways or any other road with or without drainage system","Chhattisgarh","RAJNANDGAON(DISTRICT COLLECTOR RAJNANDGAON_IDA)","Cc Road Gram Dumardeeh Gram Panchayat Ghoghre","Santosh Pandey","RAJNANDGAON","Images","12-Jun-2025","500000"
"1120","Normal/Others","WS/MP18049/2024-2025/152242-Construction of roads, link roads, pathways or any other road with or without drainage system","Chhattisgarh","MUNGELI(Collector Mungeli_IDA)","Construction of C C Road from Govt. Godam to Gauthan. Hathnikala","TOKHAN SAHU","BILASPUR","Images","29-May-2025","500000"
"1121","Normal/Others","WS/MP428/2024-2025/156722-Construction of roads, link roads, pathways or any other road with or without drainage system","Chhattisgarh","RAJNANDGAON(DISTRICT COLLECTOR RAJNANDGAON_IDA)","CC Road Nirman","Santosh Pandey","RAJNANDGAON","Images","04-Jul-2025","500000"
"1122","Normal/Others","WS/MP428/2024-2025/156721-Construction of roads, link roads, pathways or any other road with or without drainage system","Chhattisgarh","RAJNANDGAON(DISTRICT COLLECTOR RAJNANDGAON_IDA)","CC Road Nirman Gram Baniyatola Gram Panchayat Kallutola","Santosh Pandey","RAJNANDGAON","Images","18-Jun-2025","492533"
"1123","Normal/Others","WS/MP386/2024-2025/142452-Construction of rooms and halls in school and colleges","Rajasthan","NAGAUR(DISTRICT COLLECTOR NAGAUR_IDA)","Construction of One Class Room and Reparing and Painting work in  Govt. Primary School Char Meghwalo Ki Dhani ,Village Birloka","Shri Hanuman Beniwal","NAGAUR","Images","01-May-2025","596845"
"1124","Normal/Others","WS/MP423/2024-2025/138031-Construction of roads, link roads, pathways or any other road with or without drainage system","West Bengal","South 24 Parganas(DISTRICT MAGISTRATE SOUTH TWENTY FOUR PARGANAS_IDA)","Construction of CC Road from H/O Hamanto Dalui to H/O Madhai Khamaru.(100 mtr)","Shri Abhishek Banerjee","DIAMOND HARBOUR","Images","24-Dec-2024","200000"
"1125","Normal/Others","WS/MP18032/2024-2025/134037-Development of public parks","Bihar","KAIMUR (BHABUA)(DISTRICT PLANNING OFFICER KAIMUR BHABUA_IDA)","Development of Public Park by adding soil at Bhargawan stadium","SUDHAKAR SINGH","BUXAR","N/A","02-Jan-2026","987671"
"1126","Normal/Others","WS/MP423/2024-2025/138039-Construction of roads, link roads, pathways or any other road with or without drainage system","West Bengal","South 24 Parganas(DISTRICT MAGISTRATE SOUTH TWENTY FOUR PARGANAS_IDA)","Construction of CC Road from H/O Pratap Shee to H/O Sanjoy Shee. (150 mtr)","Shri Abhishek Banerjee","DIAMOND HARBOUR","Images","24-Dec-2024","299999"
"1127","Normal/Others","WS/MP423/2024-2025/138044-Construction of roads, link roads, pathways or any other road with or without drainage system","West Bengal","South 24 Parganas(DISTRICT MAGISTRATE SOUTH TWENTY FOUR PARGANAS_IDA)","Construction of CC Road with Brick Soling from H/O Suvendu Mondal to H/O Pintu Halder. (105 mtr)","Shri Abhishek Banerjee","DIAMOND HARBOUR","Images","24-Dec-2024","200000"
"1128","Normal/Others","WS/MP386/2024-2025/144924-Improvement of electricity distribution infrastructure","Rajasthan","NAGAUR(DISTRICT COLLECTOR NAGAUR_IDA)","Shifting the high tension line passing over the population including Mahadev temple in the locality of Dewasi Samaj in Village-Run","Shri Hanuman Beniwal","NAGAUR","N/A","15-Oct-2025","123982"
"1129","Normal/Others","WS/MP423/2024-2025/138049-Construction of roads, link roads, pathways or any other road with or without drainage system","West Bengal","South 24 Parganas(DISTRICT MAGISTRATE SOUTH TWENTY FOUR PARGANAS_IDA)","Construction of CC Road with  Brick Soling from H/O Ashis Sardar to H/O Kachari Sardar. (120 mtr)","Shri Abhishek Banerjee","DIAMOND HARBOUR","Images","24-Dec-2024","200000"
"1130","Normal/Others","WS/MP423/2024-2025/138051-Construction of roads, link roads, pathways or any other road with or without drainage system","West Bengal","South 24 Parganas(DISTRICT MAGISTRATE SOUTH TWENTY FOUR PARGANAS_IDA)","Construction of CC Road with Brick Soling from Daluipur Khalpar to H/O Dipak Mondal via Pachanantala at Daluipur. (150 mtr)","Shri Abhishek Banerjee","DIAMOND HARBOUR","Images","24-Dec-2024","300000"
"1131","Normal/Others","WS/MP386/2024-2025/145000-Improvement of electricity distribution infrastructure","Rajasthan","NAGAUR(DISTRICT COLLECTOR NAGAUR_IDA)","Electrification work in hamlets of Premaram, Maduram, Jiwanram, Hariram, Dinesh etc. in village Dadhwada.","Shri Hanuman Beniwal","NAGAUR","Images","18-Feb-2025","80800"
"1132","Normal/Others","WS/MP386/2024-2025/145018-Improvement of electricity distribution infrastructure","Rajasthan","NAGAUR(DISTRICT COLLECTOR NAGAUR_IDA)","Electrification work in Madan Ram, Dhaglaram, Hariram, Babulal, Pappuram Meghwalo hamlets in village Dadhwada","Shri Hanuman Beniwal","NAGAUR","Images","18-Feb-2025","234692"
"1133","Normal/Others","WS/MP423/2024-2025/138052-Construction of roads, link roads, pathways or any other road with or without drainage system","West Bengal","South 24 Parganas(DISTRICT MAGISTRATE SOUTH TWENTY FOUR PARGANAS_IDA)","Construction of CC Road with Brick Soling from Mudidokan of Najrul Sk to Bonmalipur Tea Stall of Abdul Sk at Krishnamadhabpur. (115 mtr)","Shri Abhishek Banerjee","DIAMOND HARBOUR","Images","24-Dec-2024","200000"
"1134","Repair and Renovation","WS/MP428/2024-2025/149048-Construction of artificial reef","Chhattisgarh","RAJNANDGAON(DISTRICT COLLECTOR RAJNANDGAON_IDA)","manch ka renovation (tikra para ke pas)","Santosh Pandey","RAJNANDGAON","Images","16-Mar-2026","300000"
"1135","Normal/Others","WS/MP423/2024-2025/138050-Construction of roads, link roads, pathways or any other road with or without drainage system","West Bengal","South 24 Parganas(DISTRICT MAGISTRATE SOUTH TWENTY FOUR PARGANAS_IDA)","Construction of CC Road with Brick Soling from Mudi dokan of Sabir Sk to H/O Jantu Sk via H/O Alamin Molla at Gopalpur-I. (150 mtr)","Shri Abhishek Banerjee","DIAMOND HARBOUR","Images","24-Dec-2024","300000"
"1136","Normal/Others","WS/MP18335/2024-2025/150985-Construction of roads, link roads, pathways or any other road with or without drainage system","Chhattisgarh","JASHPUR(DISTRICT COLLECTOR JASHPUR_IDA)","CC road Construcion","RADHE SHYAM RATHIYA","RAIGARH(ST)","Images","19-Jan-2026","800000"
"1137","Normal/Others","WS/MP18335/2024-2025/150987-Construction of roads, link roads, pathways or any other road with or without drainage system","Chhattisgarh","JASHPUR(DISTRICT COLLECTOR JASHPUR_IDA)","CC road Construction","RADHE SHYAM RATHIYA","RAIGARH(ST)","Images","19-Jan-2026","800000"
"1138","Normal/Others","WS/MP18257/2024-2025/141675-Construction of roads, link roads, pathways or any other road with or without drainage system","West Bengal","Purba Medinipur(DISTRICT MAGISTRATE PURBA MEDINIPUR_IDA)","Construction of a concrete road from the land of Durgasankar Patra  to the land of Swapan Kumar Panda at mouza- Boyal, J.L. No. 117, Plot No. 2763, 2749 under Boyal-I G.P.","ABHIJIT GANGOPADHYAY","TAMLUK","N/A","01-Feb-2025","347593"
"1139","Normal/Others","WS/MP18257/2024-2025/141676-Construction of roads, link roads, pathways or any other road with or without drainage system","West Bengal","Purba Medinipur(DISTRICT MAGISTRATE PURBA MEDINIPUR_IDA)","Construction of a concrete road from the land of Arun Manna  to the land of Harendranath Pradhan at mouza- Boyal, J.L. No. 117, 152, Plot No. 622, 2693 under Boyal-I G.P.","ABHIJIT GANGOPADHYAY","TAMLUK","N/A","01-Feb-2025","348954"
"1140","Normal/Others","WS/MP18257/2024-2025/141677-Construction of roads, link roads, pathways or any other road with or without drainage system","West Bengal","Purba Medinipur(DISTRICT MAGISTRATE PURBA MEDINIPUR_IDA)","Construction of a concrete road from the land of Tapas Kumar Patra  to the land of Sekhar Chandra Misra at mouza- Boyal, J.L. No. 117, Plot No. 2705, 2657 under Boyal-I G.P.","ABHIJIT GANGOPADHYAY","TAMLUK","N/A","01-Feb-2025","348172"
"1141","Normal/Others","WS/MP18336/2024-2025/147588-Construction of additional rooms and halls in the existing public and community building","Chhattisgarh","RAIPUR(DISTRICT COLLECTOR RAIPUR_IDA)","ATIRIKTA KAKSHA NIRMAN- GRAM KURRA GOVERNMENT ADARSH PRATHMIK SHALA ME ATIRIKTA KAKSHA NIRMAN","BRIJMOHAN AGRAWAL","RAIPUR","Images","29-May-2025","250000"
"1142","Normal/Others","WS/MP18336/2024-2025/147585-Construction of community centers and community halls","Chhattisgarh","RAIPUR(DISTRICT COLLECTOR RAIPUR_IDA)","SAMUDAYIK BHAWAN NIRMAN- GRAM KHAPRIDIH KHURD (CHINGARI) ME SAMUDAYIK BHAWAN NIRMAN","BRIJMOHAN AGRAWAL","RAIPUR","Images","21-Jan-2026","671255"
"1143","Normal/Others","WS/MP18336/2024-2025/147587-Construction of buildings for community cultural activities","Chhattisgarh","RAIPUR(DISTRICT COLLECTOR RAIPUR_IDA)","RANG MANCH NIRMAN- GRAM KHAUNA ME","BRIJMOHAN AGRAWAL","RAIPUR","Images","06-Mar-2026","500000"
"1144","Normal/Others","WS/MP429/2024-2025/145577-Construction of buildings for community cultural activities","Chhattisgarh","Manendragarh-Chirmiri-Bharatpur(M C B)(Collector MCB_IDA)","Construction of Manch at Majhauli Saptahik Baazar area. Gram Panchayat - Majhauli , Vikas Khand - Khadgawa","Jyotsna Charandas Mahant","KORBA","Images","11-Jul-2025","400000"
"1145","Normal/Others","WS/MP18049/2024-2025/152235-Construction of flood control embankments/ protection walls along riverbanks, hilltops, roadsides","Chhattisgarh","MUNGELI(Collector Mungeli_IDA)","Aagar Nadi me Amlighat me Pachri and Pitching Nirman Kary Koilari","TOKHAN SAHU","BILASPUR","Images","28-Jan-2025","498490"
"1146","Normal/Others","WS/MP18049/2024-2025/152233-Construction of roads, link roads, pathways or any other road with or without drainage system","Chhattisgarh","MUNGELI(Collector Mungeli_IDA)","Construction of C C Road From Satbihaniya to Pond, Village Amlidih, Village Panchayat Surajpura","TOKHAN SAHU","BILASPUR","Images","14-Jul-2025","499560"
"1147","Normal/Others","WS/MP429/2024-2025/145578-Construction of buildings for community cultural activities","Chhattisgarh","Manendragarh-Chirmiri-Bharatpur(M C B)(Collector MCB_IDA)","Construction of Sanskritik Manch at Parsaguda in Jaroudha. Gram Panchayat - Jaroudha , Vikas Khand - Khadgawa","Jyotsna Charandas Mahant","KORBA","Images","16-Feb-2026","300000"
"1148","Normal/Others","WS/MP386/2024-2025/142432-Construction of rooms and halls in school and colleges","Rajasthan","NAGAUR(DISTRICT COLLECTOR NAGAUR_IDA)","Construction of One Class Room in Govt.Primary School Gujro ki dhani (Dhangdo ki ) in Village Rol Chandawta","Shri Hanuman Beniwal","NAGAUR","N/A","23-Dec-2024","699880"
"1149","Normal/Others","WS/MP386/2024-2025/145024-Construction of rooms and halls in school and colleges","Rajasthan","NAGAUR(DISTRICT COLLECTOR NAGAUR_IDA)","Construction of Digital Library in Govt.SS School,Gowa Kalan","Shri Hanuman Beniwal","NAGAUR","N/A","18-Dec-2025","1394330"
"1150","Normal/Others","WS/MP386/2024-2025/144971-Improvement of electricity distribution infrastructure","Rajasthan","NAGAUR(DISTRICT COLLECTOR NAGAUR_IDA)","Electrification work in hamlets of Arjunram, Manohar, Pancharam and Malaram situated on Chibani road in village Kadlu","Shri Hanuman Beniwal","NAGAUR","N/A","15-Oct-2025","269000"
"1151","Normal/Others","WS/MP386/2024-2025/142223-Street lights","Rajasthan","NAGAUR(DISTRICT COLLECTOR NAGAUR_IDA)","High Mask Light in Sadar Bazar Sankhwas (Outside Banshiwala Temple)","Shri Hanuman Beniwal","NAGAUR","Images","17-Jun-2025","60000"
"1152","Normal/Others","WS/MP386/2024-2025/142536-Street lights","Rajasthan","NAGAUR(DISTRICT COLLECTOR NAGAUR_IDA)","High mask light near residance of Motaram Suthar,Village- Narwa kalla","Shri Hanuman Beniwal","NAGAUR","N/A","11-Dec-2024","59758"
"1153","Normal/Others","WS/MP386/2024-2025/142222-Street lights","Rajasthan","NAGAUR(DISTRICT COLLECTOR NAGAUR_IDA)","High Mask Light Outside Shri Bholaram Baba Temple Sankhwas","Shri Hanuman Beniwal","NAGAUR","Images","11-Sep-2025","60000"
"1154","Normal/Others","WS/MP386/2024-2025/142221-Street lights","Rajasthan","NAGAUR(DISTRICT COLLECTOR NAGAUR_IDA)","High Mask Light near Public Cemetery in Village Sankhwas","Shri Hanuman Beniwal","NAGAUR","Images","11-Sep-2025","60000"
"1155","Normal/Others","WS/MP386/2024-2025/142235-Construction of boundary walls of existing public and community buildings","Rajasthan","NAGAUR(DISTRICT COLLECTOR NAGAUR_IDA)","Construction Work of extension of boundary wall of public cemetery in village Sankhwas","Shri Hanuman Beniwal","NAGAUR","N/A","11-Sep-2025","500000"
"1156","Normal/Others","WS/MP429/2024-2025/156839-Construction of common work sheds/ common covered sitting area","Chhattisgarh","KORBA(Collector-Korba)","Manch shed construction at Chhindpara in Gram Panchayat - Budbud , VIkas khand - Pali","Jyotsna Charandas Mahant","KORBA","Images","17-Sep-2025","300000"
"1157","Normal/Others","WS/MP18335/2024-2025/150984-Construction of roads, link roads, pathways or any other road with or without drainage system","Chhattisgarh","JASHPUR(DISTRICT COLLECTOR JASHPUR_IDA)","Road Upgradation Construction work by cutting Ghat(hill slope)","RADHE SHYAM RATHIYA","RAIGARH(ST)","Images","16-Jan-2026","1398817"
"1158","Normal/Others","WS/MP18278/2024-2025/151475-Construction of roads, link roads, pathways or any other road with or without drainage system","Chhattisgarh","SAKTI(COLLECTOR SAKTI_IDA)","GRAM-PANCHAYAT KASHIGARH ME C.C. ROAD NIRMARAN PRATHMIK SHALA SE BANDHWA TALAB KI ORE)","KAMLESH JANGDE","JANJGIR CHAMPA(SC)","Images","07-Feb-2025","400000"
"1159","Normal/Others","WS/MP386/2024-2025/142523-Street lights","Rajasthan","NAGAUR(DISTRICT COLLECTOR NAGAUR_IDA)","High Mask Light near Shop of Bhagirath Singh in village narwa khurd","Shri Hanuman Beniwal","NAGAUR","N/A","11-Dec-2024","56721"
"1160","Normal/Others","WS/MP18335/2024-2025/150986-Construction of roads, link roads, pathways or any other road with or without drainage system","Chhattisgarh","JASHPUR(DISTRICT COLLECTOR JASHPUR_IDA)","Road Upgradation Construction work by cutting Ghat(hill slope)","RADHE SHYAM RATHIYA","RAIGARH(ST)","Images","16-Jan-2026","1199532"
"1161","Normal/Others","WS/MP386/2024-2025/142531-Street lights","Rajasthan","NAGAUR(DISTRICT COLLECTOR NAGAUR_IDA)","High Mask Light Near Gusai Ji Temple, Meghwalo ka Bas, Village- Narwa Kalla (S.C.Work)","Shri Hanuman Beniwal","NAGAUR","N/A","11-Dec-2024","57730"
"1162","Normal/Others","WS/MP18177/2024-2025/149401-Purchase of furniture and fixtures for educational purposes","Tamil Nadu","ERODE(DISTRICT_COLLECTORE_ERODE_IDA)","Procurement and Supply of 80 sets Desk and Bench to Sivagiri Govt. Girls Higher secondary school","K E PRAKASH","ERODE","Images","12-Dec-2024","1000000"
"1163","Normal/Others","WS/MP386/2024-2025/142525-Street lights","Rajasthan","NAGAUR(DISTRICT COLLECTOR NAGAUR_IDA)","High Mask Light Near Residance of Dunagrarm  Suthar (Aabadi Area)","Shri Hanuman Beniwal","NAGAUR","N/A","11-Dec-2024","57126"
"1164","Normal/Others","WS/MP386/2024-2025/142532-Street lights","Rajasthan","NAGAUR(DISTRICT COLLECTOR NAGAUR_IDA)","High Mak Light Near Hanuman Ji Temple and Residance of Sawai Singh ,Narwa Khurd","Shri Hanuman Beniwal","NAGAUR","N/A","11-Dec-2024","56721"
"1165","Normal/Others","WS/MP386/2024-2025/142526-Street lights","Rajasthan","NAGAUR(DISTRICT COLLECTOR NAGAUR_IDA)","High Mask Light Near Residance of Prakash Ram Suthar ,Village- Narwa Kalla","Shri Hanuman Beniwal","NAGAUR","N/A","11-Dec-2024","57531"
"1166","Normal/Others","WS/MP386/2024-2025/142527-Street lights","Rajasthan","NAGAUR(DISTRICT COLLECTOR NAGAUR_IDA)","High Mask Light near residance of bularam suthar (aabadi area) in village narwa kalla","Shri Hanuman Beniwal","NAGAUR","N/A","11-Dec-2024","57126"
"1167","Normal/Others","WS/MP386/2024-2025/142528-Street lights","Rajasthan","NAGAUR(DISTRICT COLLECTOR NAGAUR_IDA)","High mask light near shop of Najir (Aabadi Area) Village- Narwa kalla","Shri Hanuman Beniwal","NAGAUR","N/A","11-Dec-2024","57733"
"1168","Normal/Others","WS/MP386/2024-2025/142533-Crematoriums/energy efficient crematoriums or structures on burial/cremation ground","Rajasthan","NAGAUR(DISTRICT COLLECTOR NAGAUR_IDA)","Construction of boundary wall of public cremation ground in village Narva Khurd","Shri Hanuman Beniwal","NAGAUR","N/A","05-Jun-2025","999662"
"1169","Normal/Others","WS/MP386/2024-2025/142529-Street lights","Rajasthan","NAGAUR(DISTRICT COLLECTOR NAGAUR_IDA)","High Mask Light near Aayurved hospital,Village- Narwa Khurd","Shri Hanuman Beniwal","NAGAUR","N/A","11-Dec-2024","57531"
"1170","Normal/Others","WS/MP386/2024-2025/142530-Street lights","Rajasthan","NAGAUR(DISTRICT COLLECTOR NAGAUR_IDA)","High Mask Light near jogmaya temple, Meghwalo ka bas, Village-Narwa Kalan (S.C. Work)","Shri Hanuman Beniwal","NAGAUR","N/A","11-Dec-2024","57531"
"1171","Normal/Others","WS/MP386/2024-2025/142426-Construction of community centers and community halls","Rajasthan","NAGAUR(DISTRICT COLLECTOR NAGAUR_IDA)","Construction of Community Hall in Aabadi bhumi of Village Tado ki dhani (GP- Bhatiyo ki dhani )","Shri Hanuman Beniwal","NAGAUR","Images","10-Nov-2025","1224999"
"1172","Normal/Others","WS/MP386/2024-2025/142507-Construction of rooms and halls in school and colleges","Rajasthan","NAGAUR(DISTRICT COLLECTOR NAGAUR_IDA)","Construction of Digital Library in Govt S.S.School,Kantiya","Shri Hanuman Beniwal","NAGAUR","N/A","11-May-2026","1499850"
"1173","Normal/Others","WS/MP386/2024-2025/142227-Street lights","Rajasthan","NAGAUR(DISTRICT COLLECTOR NAGAUR_IDA)","High Mask Light in Village Gawallo at Santoshnath JI temple Circle","Shri Hanuman Beniwal","NAGAUR","Images","22-Jul-2026","139540"
"1174","Normal/Others","WS/MP386/2024-2025/145068-Street lights","Rajasthan","NAGAUR(DISTRICT COLLECTOR NAGAUR_IDA)","High mask light near Jambheshwar Bhagwan Temple, Kurchhi,","Shri Hanuman Beniwal","NAGAUR","N/A","09-Sep-2025","60000"
"1175","Normal/Others","WS/MP386/2024-2025/147133-Street lights","Rajasthan","NAGAUR(DISTRICT COLLECTOR NAGAUR_IDA)","High mask light in Khichdo ki dhani near Govt P S kurchhi 429-9","Shri Hanuman Beniwal","NAGAUR","N/A","06-Jul-2025","60000"
"1176","Normal/Others","WS/MP386/2024-2025/147134-Street lights","Rajasthan","NAGAUR(DISTRICT COLLECTOR NAGAUR_IDA)","High Mask Light near balaji Gaushala in village -godaro ki dhani 429-10","Shri Hanuman Beniwal","NAGAUR","N/A","06-Jul-2025","60000"
"1177","Normal/Others","WS/MP386/2024-2025/147139-Street lights","Rajasthan","NAGAUR(DISTRICT COLLECTOR NAGAUR_IDA)","High Mask Light in Khichdo ki dhani near temple Naharsingh temple of village-kurchhi 429-12","Shri Hanuman Beniwal","NAGAUR","N/A","06-Jul-2025","60000"
"1178","Normal/Others","WS/MP386/2024-2025/142427-Construction of roads, link roads, pathways or any other road with or without drainage system","Rajasthan","NAGAUR(DISTRICT COLLECTOR NAGAUR_IDA)","Construction of CC Block Road in Village Harsolav From Residance of Lunaram Bawri to residance of Jayram Bawri (S.C.Mohhalaa Work )","Shri Hanuman Beniwal","NAGAUR","Images","23-Feb-2026","699860"
"1179","Normal/Others","WS/MP386/2024-2025/144970-Improvement of electricity distribution infrastructure","Rajasthan","NAGAUR(DISTRICT COLLECTOR NAGAUR_IDA)","Electrification work in hamlets of Jogaram, Sagram, Ibrahim, and Rahman etc. located in Sankhala ki Dhani in village Kadlu","Shri Hanuman Beniwal","NAGAUR","N/A","15-Oct-2025","233000"
"1180","Normal/Others","WS/MP386/2024-2025/144968-Improvement of electricity distribution infrastructure","Rajasthan","NAGAUR(DISTRICT COLLECTOR NAGAUR_IDA)","Electrification work in Athuni dhanis of Dinesh, Bastiram, Jagdish, etc. in village Kadlu","Shri Hanuman Beniwal","NAGAUR","N/A","15-Oct-2025","220000"
"1181","Normal/Others","WS/MP386/2024-2025/144969-Improvement of electricity distribution infrastructure","Rajasthan","NAGAUR(DISTRICT COLLECTOR NAGAUR_IDA)","Work of shifting the high tension line of electricity passing over the mohalla (populated area) of Meghwalo in village Kankaday","Shri Hanuman Beniwal","NAGAUR","Images","08-May-2026","128373"
"1182","Normal/Others","WS/MP423/2024-2025/138054-Construction of roads, link roads, pathways or any other road with or without drainage system","West Bengal","South 24 Parganas(DISTRICT MAGISTRATE SOUTH TWENTY FOUR PARGANAS_IDA)","Construction of CC Road from H/O Bapan Naskar to H/O Souvik Naskar. (100 mtr)","Shri Abhishek Banerjee","DIAMOND HARBOUR","Images","24-Dec-2024","200000"
"1183","Normal/Others","WS/MP18144/2024-2025/135758-Purchase of hospital equipment","Odisha","KALAHANDI(DISTRICT COLLECTOR KALAHANDI_IDA)","Obstetric Delivery Table, Wheel Chair folding, Revolving Stool SS top(MS Frame),Bed Side Screen(4 Panels), Medicine Trolley with 4 Drawer, Stretcher on Trolley, Foot Step( Double Step), Autoclave High Pressure, LED OT Light (Mobile light with battery backup),Suction Apparatus(1/4HP), Packing, Transportation & Installation.","MALVIKA DEVI","KALAHANDI","N/A","30-Oct-2025","500000"
"1184","Normal/Others","WS/MP18144/2024-2025/135751-Purchase of hospital equipment","Odisha","KALAHANDI(DISTRICT COLLECTOR KALAHANDI_IDA)","Obstetric Delivery Table, Wheel Chair folding, Revolving Stool SS top(MS Frame),Bed Side Screen(4 Panels), Medicine Trolley with 4 Drawer, Stretcher on Trolley, Foot Step( Double Step), Autoclave High Pressure, LED OT Light (Mobile light with battery backup),Suction Apparatus(1/4HP), Packing, Transportation & Installation.","MALVIKA DEVI","KALAHANDI","N/A","30-Oct-2025","500000"
"1185","Normal/Others","WS/MP18144/2024-2025/135757-Purchase of hospital equipment","Odisha","KALAHANDI(DISTRICT COLLECTOR KALAHANDI_IDA)","Obstetric Delivery Table, Wheel Chair folding, Revolving Stool SS top(MS Frame),Bed Side Screen(4 Panels), Medicine Trolley with 4 Drawer, Stretcher on Trolley, Foot Step( Double Step), Autoclave High Pressure, LED OT Light (Mobile light with battery backup),Suction Apparatus(1/4HP), Packing, Transportation & Installation.","MALVIKA DEVI","KALAHANDI","N/A","30-Oct-2025","500000"
"1186","Normal/Others","WS/MP18144/2024-2025/135750-Purchase of hospital equipment","Odisha","KALAHANDI(DISTRICT COLLECTOR KALAHANDI_IDA)","Obstetric Delivery Table, Wheel Chair folding, Revolving Stool SS top(MS Frame),Bed Side Screen(4 Panels), Medicine Trolley with 4 Drawer, Stretcher on Trolley, Foot Step( Double Step), Autoclave High Pressure, LED OT Light (Mobile light with battery backup),Suction Apparatus(1/4HP), Packing, Transportation & Installation.","MALVIKA DEVI","KALAHANDI","N/A","30-Oct-2025","500000"
"1187","Normal/Others","WS/MP18144/2024-2025/135752-Purchase of hospital equipment","Odisha","KALAHANDI(DISTRICT COLLECTOR KALAHANDI_IDA)","Obstetric Delivery Table, Wheel Chair folding, Revolving Stool SS top(MS Frame),Bed Side Screen(4 Panels), Medicine Trolley with 4 Drawer, Stretcher on Trolley, Foot Step( Double Step), Autoclave High Pressure, LED OT Light (Mobile light with battery backup),Suction Apparatus(1/4HP), Packing, Transportation & Installation.","MALVIKA DEVI","KALAHANDI","N/A","30-Oct-2025","500000"
"1188","Normal/Others","WS/MP18144/2024-2025/135755-Purchase of hospital equipment","Odisha","KALAHANDI(DISTRICT COLLECTOR KALAHANDI_IDA)","Obstetric Delivery Table, Wheel Chair folding, Revolving Stool SS top(MS Frame),Bed Side Screen(4 Panels), Medicine Trolley with 4 Drawer, Stretcher on Trolley, Foot Step( Double Step), Autoclave High Pressure, LED OT Light (Mobile light with battery backup),Suction Apparatus(1/4HP), Packing, Transportation & Installation.","MALVIKA DEVI","KALAHANDI","N/A","30-Oct-2025","499500"
"1189","Normal/Others","WS/MP18144/2024-2025/135754-Purchase of hospital equipment","Odisha","KALAHANDI(DISTRICT COLLECTOR KALAHANDI_IDA)","Obstetric Delivery Table, Wheel Chair folding, Revolving Stool SS top(MS Frame),Bed Side Screen(4 Panels), Medicine Trolley with 4 Drawer, Stretcher on Trolley, Foot Step( Double Step), Autoclave High Pressure, LED OT Light (Mobile light with battery backup),Suction Apparatus(1/4HP), Packing, Transportation & Installation.","MALVIKA DEVI","KALAHANDI","N/A","30-Oct-2025","499500"
"1190","Normal/Others","WS/MP18144/2024-2025/135756-Purchase of hospital equipment","Odisha","KALAHANDI(DISTRICT COLLECTOR KALAHANDI_IDA)","Obstetric Delivery Table, Wheel Chair folding, Revolving Stool SS top(MS Frame),Bed Side Screen(4 Panels), Medicine Trolley with 4 Drawer, Stretcher on Trolley, Foot Step( Double Step), Autoclave High Pressure, LED OT Light (Mobile light with battery backup),Suction Apparatus(1/4HP), Packing, Transportation & Installation.","MALVIKA DEVI","KALAHANDI","N/A","30-Oct-2025","499500"
"1191","Normal/Others","WS/MP386/2024-2025/144967-Improvement of electricity distribution infrastructure","Rajasthan","NAGAUR(DISTRICT COLLECTOR NAGAUR_IDA)","Electrification work near temple of Veer Tejaji in village Bhadora","Shri Hanuman Beniwal","NAGAUR","N/A","15-Oct-2025","77900"
"1192","Normal/Others","WS/MP18144/2024-2025/135753-Purchase of hospital equipment","Odisha","KALAHANDI(DISTRICT COLLECTOR KALAHANDI_IDA)","Obstetric Delivery Table, Wheel Chair folding, Revolving Stool SS top(MS Frame),Bed Side Screen(4 Panels), Medicine Trolley with 4 Drawer, Stretcher on Trolley, Foot Step( Double Step), Autoclave High Pressure, LED OT Light (Mobile light with battery backup),Suction Apparatus(1/4HP), Packing, Transportation & Installation.","MALVIKA DEVI","KALAHANDI","N/A","30-Oct-2025","499500"
"1193","Normal/Others","WS/MP423/2024-2025/138025-Providing drains and gutters for public drainage","West Bengal","South 24 Parganas(DISTRICT MAGISTRATE SOUTH TWENTY FOUR PARGANAS_IDA)","Construction of CC Drain from H/O Latika Mondal to Shamalesh Halder's land Via H/O Sanat Haldar. (120 mtr)","Shri Abhishek Banerjee","DIAMOND HARBOUR","Images","24-Dec-2024","199993"
"1194","Normal/Others","WS/MP423/2024-2025/138042-Construction of roads, link roads, pathways or any other road with or without drainage system","West Bengal","South 24 Parganas(DISTRICT MAGISTRATE SOUTH TWENTY FOUR PARGANAS_IDA)","Construction of CC Road from Sargoria Pole  To Netaji Stachu. (400 mtr)","Shri Abhishek Banerjee","DIAMOND HARBOUR","Images","19-Dec-2024","499982"
"1195","Normal/Others","WS/MP423/2024-2025/138040-Construction of roads, link roads, pathways or any other road with or without drainage system","West Bengal","South 24 Parganas(DISTRICT MAGISTRATE SOUTH TWENTY FOUR PARGANAS_IDA)","Construction of CC Road from H/O Pradyut Chowdhury  to H/O Arun Chowdhury. (300 mtr)","Shri Abhishek Banerjee","DIAMOND HARBOUR","Images","26-Dec-2024","400000"
"1196","Normal/Others","WS/MP761/2024-2025/155302-Construction of community centers and community halls","Telangana","Jagitial(DISTRICT COLLECTOR JAGTIAL_IDA)","Construction of Community hall in Gangaputra wada at Joginpalli(V)","Arvind Dharmapuri","NIZAMABAD","N/A","19-Aug-2025","357627"
"1197","Normal/Others","WS/MP761/2024-2025/146639-Construction of community centers and community halls","Telangana","Jagitial(DISTRICT COLLECTOR JAGTIAL_IDA)","Construction of Community hall in Mudiraj wada at Yousuf nagar","Arvind Dharmapuri","NIZAMABAD","N/A","19-Aug-2025","194383"
"1198","Normal/Others","WS/MP761/2024-2025/146642-Construction of community centers and community halls","Telangana","Jagitial(DISTRICT COLLECTOR JAGTIAL_IDA)","Construction of Community hall in Madiga wada at Yousuf nagar","Arvind Dharmapuri","NIZAMABAD","N/A","19-Aug-2025","222844"
"1199","Normal/Others","WS/MP761/2024-2025/146620-Construction of buildings for community cultural activities","Telangana","Jagitial(DISTRICT COLLECTOR JAGTIAL_IDA)","Construction of Building for cultural activities","Arvind Dharmapuri","NIZAMABAD","N/A","19-Aug-2025","402330"
"1200","Normal/Others","WS/MP710/2024-2025/152563-Construction of rooms and halls in school and colleges","Puducherry","Puducherry(PROJECT DIRECTOR RDA PUDUCHERRY_IDA)","Balance work of Construction of Additional Block with connecting corridor in Thiruvalluvar Government Girls Hr.Sec. School, Laporte Street, Puducherry - Phase-1","Vaithilingam Ve","Puducherry","Images","12-Dec-2024","1528659"
"1201","Normal/Others","WS/MP428/2024-2025/157694-Construction of roads, link roads, pathways or any other road with or without drainage system","Chhattisgarh","RAJNANDGAON(DISTRICT COLLECTOR RAJNANDGAON_IDA)","Murmikaran sadak (main road se nadi dharsa tak) kirgi Ratapayli","Santosh Pandey","RAJNANDGAON","Images","05-Feb-2026","150000"
"1202","Normal/Others","WS/MP386/2024-2025/144966-Improvement of electricity distribution infrastructure","Rajasthan","NAGAUR(DISTRICT COLLECTOR NAGAUR_IDA)","Electrification work in dhani of Dhanaaram / hariram Inaniya Near Devnada Pond at SH-63 Bypass,Village-Sankhwas","Shri Hanuman Beniwal","NAGAUR","N/A","15-Oct-2025","140993"
"1203","Normal/Others","WS/MP386/2024-2025/144965-Improvement of electricity distribution infrastructure","Rajasthan","NAGAUR(DISTRICT COLLECTOR NAGAUR_IDA)","Electrification work in Chowkidaro (Bawario) ki dhanis situated near pump house in front of 132 GSS under construction in village Sankhwas","Shri Hanuman Beniwal","NAGAUR","N/A","15-Oct-2025","179400"
"1204","Normal/Others","WS/MP423/2024-2025/138053-Construction of roads, link roads, pathways or any other road with or without drainage system","West Bengal","South 24 Parganas(DISTRICT MAGISTRATE SOUTH TWENTY FOUR PARGANAS_IDA)","Construction of CC Road with Brick Soling from Saifuddin Molla's Shop to Ajijul's Shop,at Mulpunja. (300 mtr)","Shri Abhishek Banerjee","DIAMOND HARBOUR","Images","26-Dec-2024","399987"
"1205","Normal/Others","WS/MP386/2024-2025/144964-Improvement of electricity distribution infrastructure","Rajasthan","NAGAUR(DISTRICT COLLECTOR NAGAUR_IDA)","Electrification work in dhanis of Ranaram Devasi, Shankar Nimbbad, Rajkumar Gaur, Radheshyam Soni etc. situated next to Khokhra Nada on Kheda Katani road in village Sankhwas","Shri Hanuman Beniwal","NAGAUR","N/A","15-Oct-2025","74900"
"1206","Normal/Others","WS/MP386/2024-2025/144963-Improvement of electricity distribution infrastructure","Rajasthan","NAGAUR(DISTRICT COLLECTOR NAGAUR_IDA)","Electrification work of dhanis of Jagmal Ram, Nainaram, Kaluram, Sahdevram situated in village Bhatnokha","Shri Hanuman Beniwal","NAGAUR","N/A","15-Oct-2025","154600"
"1207","Normal/Others","WS/MP386/2024-2025/145123-Improvement of electricity distribution infrastructure","Rajasthan","NAGAUR(DISTRICT COLLECTOR NAGAUR_IDA)","Electrification work of DHANI OFPrakash s/o Ranchhoddas Acharya in Kuchera WARD NUMBER 05","Shri Hanuman Beniwal","NAGAUR","N/A","15-Oct-2025","74165"
"1208","Normal/Others","WS/MP386/2024-2025/145122-Improvement of electricity distribution infrastructure","Rajasthan","NAGAUR(DISTRICT COLLECTOR NAGAUR_IDA)","Electrification work of Bhavani s/o Bhanne Singh ki Dhani in Ward No. 6 situated on Sansara Nada Road in Kuchera","Shri Hanuman Beniwal","NAGAUR","N/A","15-Oct-2025","71000"
"1209","Normal/Others","WS/MP423/2024-2025/138041-Construction of roads, link roads, pathways or any other road with or without drainage system","West Bengal","South 24 Parganas(DISTRICT MAGISTRATE SOUTH TWENTY FOUR PARGANAS_IDA)","Construction of CC Road from H/O Hafija Beoya to H/O Naju Molla. (100 mtr)","Shri Abhishek Banerjee","DIAMOND HARBOUR","Images","26-Dec-2024","199993"
"1210","Normal/Others","WS/MP386/2024-2025/145121-Improvement of electricity distribution infrastructure","Rajasthan","NAGAUR(DISTRICT COLLECTOR NAGAUR_IDA)","Electrification work of Prabhuram S/o Dinaram Tak Ki Dhani at Lunsara Road in Ward No. 24 in Kuchera","Shri Hanuman Beniwal","NAGAUR","N/A","15-Oct-2025","69000"
"1211","Normal/Others","WS/MP18177/2024-2025/149345-Purchase of sports equipment","Tamil Nadu","ERODE(DISTRICT_COLLECTORE_ERODE_IDA)","Supply to School Lab Equipment for Arachalur Govt. Higher Secondary School 2024 - 2025","K E PRAKASH","ERODE","Images","12-Dec-2024","624861"
"1212","Normal/Others","WS/MP386/2024-2025/142546-Street lights","Rajasthan","NAGAUR(DISTRICT COLLECTOR NAGAUR_IDA)","High Mask Light Near Samadhi of Sant Bakhsiram Ji,","Shri Hanuman Beniwal","NAGAUR","Images","24-Oct-2025","60000"
"1213","Normal/Others","WS/MP386/2024-2025/145120-Improvement of electricity distribution infrastructure","Rajasthan","NAGAUR(DISTRICT COLLECTOR NAGAUR_IDA)","Electrification work of Ramchandra S/o Bhagirath Dukia Ki Dhani in Ward No. 24 situated on Nainda Marg in Kuchera","Shri Hanuman Beniwal","NAGAUR","N/A","15-Oct-2025","69000"
"1214","Normal/Others","WS/MP386/2024-2025/142547-Street lights","Rajasthan","NAGAUR(DISTRICT COLLECTOR NAGAUR_IDA)","High Mask Light near residance of amarpuri (Maliyo ka bas  Village-Karloo","Shri Hanuman Beniwal","NAGAUR","Images","24-Oct-2025","60000"
"1215","Normal/Others","WS/MP386/2024-2025/145118-Improvement of electricity distribution infrastructure","Rajasthan","NAGAUR(DISTRICT COLLECTOR NAGAUR_IDA)","Electrification work of Budharam S/o Hemaram Tak Ki Dhani situated on Naitina Marg in Ward No. 24 in Kuchera","Shri Hanuman Beniwal","NAGAUR","N/A","15-Oct-2025","105152"
"1216","Normal/Others","WS/MP386/2024-2025/145112-Improvement of electricity distribution infrastructure","Rajasthan","NAGAUR(DISTRICT COLLECTOR NAGAUR_IDA)","Electrification of dhani, babubal / lichhmanram ward number-24 on lunsara road,kuchera","Shri Hanuman Beniwal","NAGAUR","N/A","15-Oct-2025","69000"
"1217","Normal/Others","WS/MP423/2024-2025/138043-Construction of roads, link roads, pathways or any other road with or without drainage system","West Bengal","South 24 Parganas(DISTRICT MAGISTRATE SOUTH TWENTY FOUR PARGANAS_IDA)","Construction of CC Road from H/O Rafik Sekh to H/O Khalek Sekh. (45 mtr)","Shri Abhishek Banerjee","DIAMOND HARBOUR","Images","26-Dec-2024","149859"
"1218","Normal/Others","WS/MP18051/2024-2025/149142-Construction of roads, link roads, pathways or any other road with or without drainage system","Chhattisgarh","MAHASAMUND(DISTRICT COLLECTOR MAHASAMUND_IDA)","cc road bichhiya po.","ROOP KUMARI CHOUDHARY","MAHASAMUND","Images","23-Jul-2026","799400"
"1219","Normal/Others","WS/MP18177/2024-2025/149424-Purchase of sports equipment","Tamil Nadu","ERODE(DISTRICT_COLLECTORE_ERODE_IDA)","Supply of School Lab Equipment for AvalPoondurai Govt. Higher Secondary School 2024 - 2025","K E PRAKASH","ERODE","Images","12-Dec-2024","624861"
"1220","Normal/Others","WS/MP18049/2024-2025/152234-Street lights","Chhattisgarh","MUNGELI(Collector Mungeli_IDA)","High Mask Light (Prakash Facility) From Kapil House to Koilari Tigadda, Dindouri","TOKHAN SAHU","BILASPUR","N/A","05-Mar-2025","600000"
"1221","Normal/Others","WS/MP18177/2024-2025/156778-Purchase of furniture and fixtures for educational purposes","Tamil Nadu","ERODE(DISTRICT_COLLECTORE_ERODE_IDA)","procurement and supply of 50 sets Desk and Bench to Lakkapuram govt higher secondary school (2024-25)","K E PRAKASH","ERODE","Images","12-Dec-2024","625000"
"1222","Normal/Others","WS/MP18177/2024-2025/156781-Purchase of sports equipment","Tamil Nadu","ERODE(DISTRICT_COLLECTORE_ERODE_IDA)","supply of school lab equipment for Lakkapuram govt. higher secondary school (2024-25)","K E PRAKASH","ERODE","Images","12-Dec-2024","624861"
"1223","Normal/Others","WS/MP18177/2024-2025/156780-Purchase of sports equipment","Tamil Nadu","ERODE(DISTRICT_COLLECTORE_ERODE_IDA)","Supply of school lab equipment for vellode govt. higher secondary school (2024-25)","K E PRAKASH","ERODE","Images","12-Dec-2024","624861"
"1224","Normal/Others","WS/MP386/2024-2025/142492-Street lights","Rajasthan","NAGAUR(DISTRICT COLLECTOR NAGAUR_IDA)","2 High Mask Light Near Hajrat Shahid usman welfare society Dargah,Khinwsar","Shri Hanuman Beniwal","NAGAUR","N/A","18-Dec-2024","120000"
"1225","Normal/Others","WS/MP386/2024-2025/144931-Improvement of electricity distribution infrastructure","Rajasthan","NAGAUR(DISTRICT COLLECTOR NAGAUR_IDA)","Electrification work in the dhanis of Bajranglal, Ramkunwar, Bhanwarram, Jai Singh and Ram Singh situated on Oladan Road in village Khajwana","Shri Hanuman Beniwal","NAGAUR","N/A","15-Oct-2025","69000"
"1226","Normal/Others","WS/MP428/2024-2025/157692-Construction of roads, link roads, pathways or any other road with or without drainage system","Chhattisgarh","RAJNANDGAON(DISTRICT COLLECTOR RAJNANDGAON_IDA)","CC Sadak Nirman (mukhya marg se vikram malekar ghar tak)","Santosh Pandey","RAJNANDGAON","Images","19-Jun-2025","400000"
"1227","Normal/Others","WS/MP386/2024-2025/144930-Improvement of electricity distribution infrastructure","Rajasthan","NAGAUR(DISTRICT COLLECTOR NAGAUR_IDA)","Electrification work in the dhanis of Maniram, Jitu, Durgaram etc. situated in Nagaur road Magra in village Kadlu","Shri Hanuman Beniwal","NAGAUR","N/A","15-Oct-2025","69000"
"1228","Normal/Others","WS/MP428/2024-2025/157693-Providing drains and gutters for public drainage","Chhattisgarh","RAJNANDGAON(DISTRICT COLLECTOR RAJNANDGAON_IDA)","Nali nirman","Santosh Pandey","RAJNANDGAON","Images","19-Jun-2025","200000"
"1229","Normal/Others","WS/MP386/2024-2025/144929-Improvement of electricity distribution infrastructure","Rajasthan","NAGAUR(DISTRICT COLLECTOR NAGAUR_IDA)","Electrification work in hamlets (dhani) located near Latiala Nada in village Kadlu","Shri Hanuman Beniwal","NAGAUR","N/A","15-Oct-2025","222000"
"1230","Normal/Others","WS/MP18152/2024-2025/141177-Installation of fixed garden gym equipment","Punjab","MOGA(Deputy Commissioner Moga)","Installation of fixed garden gym equipment","SARABJEET SINGH KHALSA","FARIDKOT(SC)","Images","07-Jul-2025","300000"
"1231","Normal/Others","WS/MP18152/2024-2025/140065-Installation of fixed garden gym equipment","Punjab","MOGA(Deputy Commissioner Moga)","Installation of fixed garden gym equipment","SARABJEET SINGH KHALSA","FARIDKOT(SC)","Images","07-Jul-2025","300000"
"1232","Normal/Others","WS/MP18152/2024-2025/141166-Installation of fixed garden gym equipment","Punjab","MOGA(Deputy Commissioner Moga)","Installation of fixed garden gym equipment","SARABJEET SINGH KHALSA","FARIDKOT(SC)","Images","07-Jul-2025","300000"
"1233","Normal/Others","WS/MP18152/2024-2025/141165-Installation of fixed garden gym equipment","Punjab","MOGA(Deputy Commissioner Moga)","Installation of fixed open garden gym","SARABJEET SINGH KHALSA","FARIDKOT(SC)","Images","10-Jul-2025","300000"
"1234","Normal/Others","WS/MP18152/2024-2025/141173-Installation of fixed garden gym equipment","Punjab","MOGA(Deputy Commissioner Moga)","Installation of fixed garden gym equipment","SARABJEET SINGH KHALSA","FARIDKOT(SC)","Images","07-Jul-2025","300000"
"1235","Normal/Others","WS/MP18152/2024-2025/141172-Installation of fixed garden gym equipment","Punjab","MOGA(Deputy Commissioner Moga)","Installation of fixed garden gym equipment","SARABJEET SINGH KHALSA","FARIDKOT(SC)","Images","07-Jul-2025","300000"
"1236","Normal/Others","WS/MP18152/2024-2025/141171-Installation of fixed garden gym equipment","Punjab","MOGA(Deputy Commissioner Moga)","Installation of fixed garden gym equipment","SARABJEET SINGH KHALSA","FARIDKOT(SC)","Images","07-Jul-2025","300000"
"1237","Normal/Others","WS/MP18152/2024-2025/141170-Installation of fixed garden gym equipment","Punjab","MOGA(Deputy Commissioner Moga)","Installation of fixed garden gym equipment","SARABJEET SINGH KHALSA","FARIDKOT(SC)","Images","07-Jul-2025","300000"
"1238","Normal/Others","WS/MP18152/2024-2025/141169-Installation of fixed garden gym equipment","Punjab","MOGA(Deputy Commissioner Moga)","Installation of fixed garden gym equipment","SARABJEET SINGH KHALSA","FARIDKOT(SC)","Images","07-Jul-2025","300000"
"1239","Normal/Others","WS/MP386/2024-2025/144928-Improvement of electricity distribution infrastructure","Rajasthan","NAGAUR(DISTRICT COLLECTOR NAGAUR_IDA)","Electrification work near former sarpanch Bajrang Kala ki dhani on Balaya road in village Amnda","Shri Hanuman Beniwal","NAGAUR","N/A","15-Oct-2025","82768"
"1240","Normal/Others","WS/MP18152/2024-2025/141168-Installation of fixed garden gym equipment","Punjab","MOGA(Deputy Commissioner Moga)","Installation of fixed garden gym equipment","SARABJEET SINGH KHALSA","FARIDKOT(SC)","Images","07-Jul-2025","300000"
"1241","Normal/Others","WS/MP386/2024-2025/144926-Improvement of electricity distribution infrastructure","Rajasthan","NAGAUR(DISTRICT COLLECTOR NAGAUR_IDA)","Electrification work in hamlets (dhani ) of Aidanram, Sukhram, Hadmanram Kalbelia in village Khudkhuda Khurd","Shri Hanuman Beniwal","NAGAUR","N/A","15-Oct-2025","123442"
"1242","Normal/Others","WS/MP18211/2024-2025/145513-Construction of roads, link roads, pathways or any other road with or without drainage system","Uttar Pradesh","Kushinagar(DISTRICT MAGISTRATE KUSHINAGAR PADRAUNA_IDA)","Gram-Sumahi Khurd me Mumtaaz ke ghar se Vijay Prakash Mishra ke ghar tak 115 mtr. tak CC Road ka Nirmaan","SHASHANK MANI","DEORIA","Images","04-Sep-2025","957334"
"1243","Normal/Others","WS/MP386/2024-2025/144925-Improvement of electricity distribution infrastructure","Rajasthan","NAGAUR(DISTRICT COLLECTOR NAGAUR_IDA)","Electrification work in hamlets (dhani) located near Gochar Nadi in village Runa","Shri Hanuman Beniwal","NAGAUR","N/A","15-Oct-2025","67998"
"1244","Normal/Others","WS/MP386/2024-2025/144923-Improvement of electricity distribution infrastructure","Rajasthan","NAGAUR(DISTRICT COLLECTOR NAGAUR_IDA)","Electrification work in hamlets of Ruparam, Nainaram, Harendra, Pappuram Lomrod etc. on Gaju-Dhadharia road in village Gaju","Shri Hanuman Beniwal","NAGAUR","N/A","15-Oct-2025","253112"
"1245","Normal/Others","WS/MP386/2024-2025/144922-Improvement of electricity distribution infrastructure","Rajasthan","NAGAUR(DISTRICT COLLECTOR NAGAUR_IDA)","Electrification work in dhanis of Om Prakash, Prem, Dinesh, Premaram on Khajwana-Indokali road in village-Khajwana","Shri Hanuman Beniwal","NAGAUR","N/A","15-Oct-2025","235164"
"1246","Normal/Others","WS/MP386/2024-2025/144921-Improvement of electricity distribution infrastructure","Rajasthan","NAGAUR(DISTRICT COLLECTOR NAGAUR_IDA)","Electrification work in Dhani of Bhuraram / Kumaram Fardoda at Basni Khalil Road in village-Gajoo","Shri Hanuman Beniwal","NAGAUR","N/A","15-Oct-2025","77114"
"1247","Normal/Others","WS/MP18211/2024-2025/137310-Construction of roads, link roads, pathways or any other road with or without drainage system","Uttar Pradesh","Kushinagar(DISTRICT MAGISTRATE KUSHINAGAR PADRAUNA_IDA)","Gram Sabha - Bardha Pandey, Vikas Khand - Tamkuhi Raj me Bhuteli Prasad ke ghar se Laxman Gupta ke ghar tak CC road ka nirmaan. Lagbhag - 100 meter","SHASHANK MANI","DEORIA","Images","04-Sep-2025","835558"
"1248","Normal/Others","WS/MP386/2024-2025/144920-Improvement of electricity distribution infrastructure","Rajasthan","NAGAUR(DISTRICT COLLECTOR NAGAUR_IDA)","Electrification work at Hariram Inaniya ki Dhani situated on Gaju Marg in village Basni Khalil (Aen AVVNL O&M Mundwa )","Shri Hanuman Beniwal","NAGAUR","N/A","15-Oct-2025","77114"
"1249","Normal/Others","WS/MP18152/2024-2025/141167-Installation of fixed garden gym equipment","Punjab","MOGA(Deputy Commissioner Moga)","Installation of fixed garden gym equipment","SARABJEET SINGH KHALSA","FARIDKOT(SC)","Images","07-Jul-2025","300000"
"1250","Normal/Others","WS/MP18152/2024-2025/141181-Installation of fixed garden gym equipment","Punjab","MOGA(Deputy Commissioner Moga)","Installation of fixed garden gym equipment","SARABJEET SINGH KHALSA","FARIDKOT(SC)","Images","07-Jul-2025","300000"
"1251","Normal/Others","WS/MP386/2024-2025/147151-Improvement of electricity distribution infrastructure","Rajasthan","NAGAUR(DISTRICT COLLECTOR NAGAUR_IDA)","ELECTRIFICATION WORK in ward number 19 on pedla marg  nera dhani of indrchand /bheeyaram","Shri Hanuman Beniwal","NAGAUR","N/A","15-Oct-2025","129000"
"1252","Normal/Others","WS/MP18152/2024-2025/141180-Installation of fixed garden gym equipment","Punjab","MOGA(Deputy Commissioner Moga)","Installation of fixed garden gym equipment","SARABJEET SINGH KHALSA","FARIDKOT(SC)","Images","07-Jul-2025","300000"
"1253","Normal/Others","WS/MP18152/2024-2025/141179-Installation of fixed garden gym equipment","Punjab","MOGA(Deputy Commissioner Moga)","Installation of fixed garden gym equipment","SARABJEET SINGH KHALSA","FARIDKOT(SC)","Images","10-Jul-2025","300000"
"1254","Normal/Others","WS/MP18391/2024-2025/140321-Providing drains and gutters for public drainage","Nagaland","KOHIMA(DEPUTY COMMISIONER_7)","Construction of drainage","S SUPONGMEREN JAMIR","NAGALAND","N/A","10-Jul-2025","300000"
"1255","Normal/Others","WS/MP18153/2024-2025/138710-Construction of public irrigation facilities","Punjab","FAZILKA(DEPUTY COMMISSIONER FAZILKA_IDA)","RCC PIPE LINE FOR MOGHA No.76370 VILLAGE KOTHA","SHER SINGH GHUBAYA","FIROZPUR","N/A","15-Jan-2025","249330"
"1256","Normal/Others","WS/MP429/2024-2025/145579-Construction of buildings for community cultural activities","Chhattisgarh","Manendragarh-Chirmiri-Bharatpur(M C B)(Collector MCB_IDA)","Construction of Sanskritik Manch Narayanpur. Gram Panchayat - Narayanpur , Vikas Khand - Manendragarh","Jyotsna Charandas Mahant","KORBA","Images","15-Jan-2025","300000"
"1257","Normal/Others","WS/MP386/2024-2025/142494-Construction of rooms and halls in school and colleges","Rajasthan","NAGAUR(DISTRICT COLLECTOR NAGAUR_IDA)","Construction of One Class Room In Govt Primary School ,Son Nagar (Bhojas)","Shri Hanuman Beniwal","NAGAUR","Images","27-Aug-2026","500000"
"1258","Normal/Others","WS/MP386/2024-2025/142233-Construction of rooms and halls in school and colleges","Rajasthan","NAGAUR(DISTRICT COLLECTOR NAGAUR_IDA)","RCC construction at prayer venue stage in Govt SS School Balaya","Shri Hanuman Beniwal","NAGAUR","N/A","06-Mar-2026","600000"
"1259","Normal/Others","WS/MP386/2024-2025/142232-Construction of rooms and halls in school and colleges","Rajasthan","NAGAUR(DISTRICT COLLECTOR NAGAUR_IDA)","Construction of incomplete verandah of four rooms at Govt SS School,Balaya","Shri Hanuman Beniwal","NAGAUR","N/A","21-Apr-2025","400000"
"1260","Normal/Others","WS/MP18253/2024-2025/141451-Installing tube-wells and borewells","West Bengal","South 24 Parganas(DISTRICT MAGISTRATE SOUTH TWENTY FOUR PARGANAS_IDA)","Sinking of tubewell at Taktipur near 12 no Darus Salam Madrasa.Dag No-1086,JL No-15","BAPI HALDAR","MATHURAPUR(SC)","N/A","20-Dec-2024","221769"
"1261","Normal/Others","WS/MP18253/2024-2025/141439-Installing tube-wells and borewells","West Bengal","South 24 Parganas(DISTRICT MAGISTRATE SOUTH TWENTY FOUR PARGANAS_IDA)","Sinking of tubewell at Srinagar-Madhabnagar near Tapas Bar house.Dag No-4055,JL No-9","BAPI HALDAR","MATHURAPUR(SC)","N/A","16-Dec-2024","220912"
"1262","Normal/Others","WS/MP18253/2024-2025/141455-Installing tube-wells and borewells","West Bengal","South 24 Parganas(DISTRICT MAGISTRATE SOUTH TWENTY FOUR PARGANAS_IDA)","Sinking of tubewell at Kakdwip near Bidhan Das house.Dag No-1797,JL No-39","BAPI HALDAR","MATHURAPUR(SC)","N/A","23-Dec-2024","219101"
"1263","Normal/Others","WS/MP386/2024-2025/142404-Construction of rooms and halls in school and colleges","Rajasthan","NAGAUR(DISTRICT COLLECTOR NAGAUR_IDA)","Repairing of four walls and Construction of Main Gate in Govt Primary School,Charnisara","Shri Hanuman Beniwal","NAGAUR","Images","24-Jul-2025","199869"
"1264","Normal/Others","WS/MP386/2024-2025/142403-Construction of community centers and community halls","Rajasthan","NAGAUR(DISTRICT COLLECTOR NAGAUR_IDA)","Construction of community hall in Dhani of Kaswa-Godara & Jetha Bhomiyaji Sthan of Village Khadkali","Shri Hanuman Beniwal","NAGAUR","Images","24-Jul-2025","999740"
"1265","Normal/Others","WS/MP18006/2024-2025/135656-Construction of roads, link roads, pathways or any other road with or without drainage system","Andhra Pradesh","CHITTOOR(DISTRICT COLLECTOR CHITTOOR_IDA)","Construction of CC road from Molakamadugu Village to Kotala Main Road in Molakamadugu Village, Dasarapalli GP in Yadamar Mandal of Puthalapttu Constituency.","DAGGUMALLA PRASADA RAO","CHITTOOR","Images","14-Dec-2024","496981"
"1266","Normal/Others","WS/MP18006/2024-2025/135655-Construction of roads, link roads, pathways or any other road with or without drainage system","Andhra Pradesh","CHITTOOR(DISTRICT COLLECTOR CHITTOOR_IDA)","Construction of CC Road from Arimakulapalli Village to Aravinda(Ananda Naidu) House in Arimakulapalli Village, Dasarapalli GP in Yadamari Mandal of Puthalapattu Constituency.","DAGGUMALLA PRASADA RAO","CHITTOOR","Images","14-Dec-2024","492402"
"1267","Normal/Others","WS/MP18006/2024-2025/136205-Renovation of ponds and lakes","Andhra Pradesh","CHITTOOR(DISTRICT COLLECTOR CHITTOOR_IDA)","Upgradation of Existing CC Road from Shivalayam to Library in Kamma Street in Penumuru Village and Mandal of GD Nelloore Constituency.","DAGGUMALLA PRASADA RAO","CHITTOOR","Images","20-Jan-2025","469820"
"1268","Normal/Others","WS/MP18006/2024-2025/136204-Renovation of ponds and lakes","Andhra Pradesh","CHITTOOR(DISTRICT COLLECTOR CHITTOOR_IDA)","Upgradation of Existing CC Road from Naidu House to Subramanyam House in Kamma Street in Penumuru Village and Mandal of GD Nelloore Constituency.","DAGGUMALLA PRASADA RAO","CHITTOOR","Images","20-Jan-2025","489907"
"1269","Normal/Others","WS/MP386/2024-2025/145062-Street lights","Rajasthan","NAGAUR(DISTRICT COLLECTOR NAGAUR_IDA)","High mask light in aam -gawad and near residance of dhaglaram dewasi in village- bakliyawas (Riyan Shyamdas )","Shri Hanuman Beniwal","NAGAUR","N/A","11-Oct-2025","59999"
"1270","Normal/Others","WS/MP386/2024-2025/142433-Crematoriums/energy efficient crematoriums or structures on burial/cremation ground","Rajasthan","NAGAUR(DISTRICT COLLECTOR NAGAUR_IDA)","Work of boundary wall of public cremation ground at Riyan Shyamdas village","Shri Hanuman Beniwal","NAGAUR","N/A","11-Nov-2025","499996"
"1271","Normal/Others","WS/MP386/2024-2025/142434-Installing tube-wells and borewells","Rajasthan","NAGAUR(DISTRICT COLLECTOR NAGAUR_IDA)","Single Phase TyubeWell in Village Riya Shyamdas from Jogimagra station towards rol chandawata  for Public Drinking Water","Shri Hanuman Beniwal","NAGAUR","Images","24-Feb-2026","399675"
"1272","Normal/Others","WS/MP386/2024-2025/142435-Installing tube-wells and borewells","Rajasthan","NAGAUR(DISTRICT COLLECTOR NAGAUR_IDA)","Single Phase TyubeWell in Dhani of Leediya and Liluon ki dhani of Village Riya Shyamdas","Shri Hanuman Beniwal","NAGAUR","Images","24-Feb-2026","399877"
"1273","Normal/Others","WS/MP386/2024-2025/142436-Installing tube-wells and borewells","Rajasthan","NAGAUR(DISTRICT COLLECTOR NAGAUR_IDA)","Single Phase TubeWell in Dhani of Bagdiyon  In Village Riya Shyamdas","Shri Hanuman Beniwal","NAGAUR","Images","24-Feb-2026","399471"
"1274","Normal/Others","WS/MP386/2024-2025/142437-Street lights","Rajasthan","NAGAUR(DISTRICT COLLECTOR NAGAUR_IDA)","High Mask Light in Aam Guwad of Village Riya Shyamdas","Shri Hanuman Beniwal","NAGAUR","Images","11-Nov-2025","59999"
"1275","Normal/Others","WS/MP386/2024-2025/142438-Street lights","Rajasthan","NAGAUR(DISTRICT COLLECTOR NAGAUR_IDA)","High Mask Light in Public place in Dhani of Dewasi,Village- Riyan Shyamdas","Shri Hanuman Beniwal","NAGAUR","Images","11-Nov-2025","59999"
"1276","Normal/Others","WS/MP386/2024-2025/142439-Street lights","Rajasthan","NAGAUR(DISTRICT COLLECTOR NAGAUR_IDA)","High Mask Light Near Gram Panchayat Bhawan of Riyan Shaymdas","Shri Hanuman Beniwal","NAGAUR","Images","11-Nov-2025","59999"
"1277","Normal/Others","WS/MP386/2024-2025/142423-Construction of water tanks","Rajasthan","NAGAUR(DISTRICT COLLECTOR NAGAUR_IDA)","Construction of Public Water Tank in Khasra Number 910 of Village Oladan","Shri Hanuman Beniwal","NAGAUR","Images","07-Nov-2025","115962"
"1278","Normal/Others","WS/MP386/2024-2025/142425-Construction of water tanks","Rajasthan","NAGAUR(DISTRICT COLLECTOR NAGAUR_IDA)","Construction of Public Water Tank in Village Oladan in front of residance of dhansingh and ramsingh","Shri Hanuman Beniwal","NAGAUR","Images","07-Nov-2025","99677"
"1279","Normal/Others","WS/MP386/2024-2025/142424-Construction of water tanks","Rajasthan","NAGAUR(DISTRICT COLLECTOR NAGAUR_IDA)","Construction of Public Water Tank in Khasra Number 1257 / 896 of Village Oladan","Shri Hanuman Beniwal","NAGAUR","Images","07-Nov-2025","99862"
"1280","Repair and Renovation","WS/MP386/2024-2025/142422-Construction of rooms and halls in school and colleges","Rajasthan","NAGAUR(DISTRICT COLLECTOR NAGAUR_IDA)","Repairing of entire building of Government Senior Secondary School, Deshwal and work of Kota stone in the floor","Shri Hanuman Beniwal","NAGAUR","Images","20-Jul-2026","999000"
"1281","Normal/Others","WS/MP386/2024-2025/144914-Improvement of electricity distribution infrastructure","Rajasthan","NAGAUR(DISTRICT COLLECTOR NAGAUR_IDA)","Work of shifting the 11 KV power line located in village Chimrani (Aen Rural Nagaur AVVNL)","Shri Hanuman Beniwal","NAGAUR","Images","12-Feb-2025","145875"
"1282","Normal/Others","WS/MP386/2024-2025/144915-Improvement of electricity distribution infrastructure","Rajasthan","NAGAUR(DISTRICT COLLECTOR NAGAUR_IDA)","Electrification work in the settlements of Bijaranis in village Sukholav, Ramuram, Khemaram, Poorndan, Jethadan, Mahipal etc (AEN rural Nagaur )","Shri Hanuman Beniwal","NAGAUR","Images","12-Feb-2025","161230"
"1283","Normal/Others","WS/MP18051/2024-2025/149153-Construction of roads, link roads, pathways or any other road with or without drainage system","Chhattisgarh","MAHASAMUND(DISTRICT COLLECTOR MAHASAMUND_IDA)","cc road kutela","ROOP KUMARI CHOUDHARY","MAHASAMUND","N/A","09-Oct-2025","499581"
"1284","Normal/Others","WS/MP18051/2024-2025/151091-Street lights","Chhattisgarh","MAHASAMUND(DISTRICT COLLECTOR MAHASAMUND_IDA)","HIGH MASK LIGHT","ROOP KUMARI CHOUDHARY","MAHASAMUND","Images","03-Jun-2025","499835"
"1285","Normal/Others","WS/MP18051/2024-2025/151085-Street lights","Chhattisgarh","MAHASAMUND(DISTRICT COLLECTOR MAHASAMUND_IDA)","HIGH MASK LIGHT, BARGAON","ROOP KUMARI CHOUDHARY","MAHASAMUND","Images","29-May-2025","499666"
"1286","Normal/Others","WS/MP18051/2024-2025/151090-Street lights","Chhattisgarh","MAHASAMUND(DISTRICT COLLECTOR MAHASAMUND_IDA)","HIGH MASK LIGHT","ROOP KUMARI CHOUDHARY","MAHASAMUND","Images","20-Aug-2025","499920"
"1287","Normal/Others","WS/MP386/2024-2025/145065-Street lights","Rajasthan","NAGAUR(DISTRICT COLLECTOR NAGAUR_IDA)","High Mask Light Naer Govt UPS ,Madhaniyo ki dhani, GP-Pipliya","Shri Hanuman Beniwal","NAGAUR","N/A","17-Dec-2024","59988"
"1288","Normal/Others","WS/MP18051/2024-2025/151027-Street lights","Chhattisgarh","MAHASAMUND(DISTRICT COLLECTOR MAHASAMUND_IDA)","HIGH MASK LIGHT","ROOP KUMARI CHOUDHARY","MAHASAMUND","Images","03-Jun-2025","499582"
"1289","Normal/Others","WS/MP18051/2024-2025/151088-Street lights","Chhattisgarh","MAHASAMUND(DISTRICT COLLECTOR MAHASAMUND_IDA)","HIGH MASK LIGHT","ROOP KUMARI CHOUDHARY","MAHASAMUND","Images","03-Jun-2025","499751"
"1290","Normal/Others","WS/MP18051/2024-2025/154523-Construction of roads, link roads, pathways or any other road with or without drainage system","Chhattisgarh","MAHASAMUND(DISTRICT COLLECTOR MAHASAMUND_IDA)","C.C. ROAD NIRMAN KARYA, BHALESAR","ROOP KUMARI CHOUDHARY","MAHASAMUND","Images","29-Jul-2025","500000"
"1291","Normal/Others","WS/MP18051/2024-2025/151171-Street lights","Chhattisgarh","MAHASAMUND(DISTRICT COLLECTOR MAHASAMUND_IDA)","HIGH MASK LIGHT, DHUMABHATHA","ROOP KUMARI CHOUDHARY","MAHASAMUND","Images","03-Jun-2025","499582"
"1292","Normal/Others","WS/MP18246/2024-2025/149652-Development of playground","West Bengal","MURSHIDABAD(DISTRICT MAGISTRATE MURSHIDABAD_IDA)","Construction of indoor badminton court adjacent to Berhampore Circuit House","PATHAN YUSUF","BAHARAMPUR","Images","04-Aug-2026","2000000"
"1293","Normal/Others","WS/MP18051/2024-2025/154521-Street lights","Chhattisgarh","MAHASAMUND(DISTRICT COLLECTOR MAHASAMUND_IDA)","HIGHT MASK LIGHT","ROOP KUMARI CHOUDHARY","MAHASAMUND","Images","03-Jun-2025","499920"
"1294","Normal/Others","WS/MP18051/2024-2025/151081-Street lights","Chhattisgarh","MAHASAMUND(DISTRICT COLLECTOR MAHASAMUND_IDA)","HIGH MASK LIGHT, GOHEDADAR","ROOP KUMARI CHOUDHARY","MAHASAMUND","Images","03-Jun-2025","499412"
"1295","Normal/Others","WS/MP18253/2024-2025/141445-Installing tube-wells and borewells","West Bengal","South 24 Parganas(DISTRICT MAGISTRATE SOUTH TWENTY FOUR PARGANAS_IDA)","Sinking of tubewell at Harendranagar near Nirmal Barui house.Dag No-287,JL No-33","BAPI HALDAR","MATHURAPUR(SC)","N/A","22-Jan-2025","221756"
"1296","Normal/Others","WS/MP18253/2024-2025/141446-Installing tube-wells and borewells","West Bengal","South 24 Parganas(DISTRICT MAGISTRATE SOUTH TWENTY FOUR PARGANAS_IDA)","Sinking of tubewell at Ramgopalpur near Bimal Patra house.Dag No-887,JL No-29","BAPI HALDAR","MATHURAPUR(SC)","N/A","22-Jan-2025","221654"
"1297","Normal/Others","WS/MP18051/2024-2025/149171-Street lights","Chhattisgarh","MAHASAMUND(DISTRICT COLLECTOR MAHASAMUND_IDA)","high mask light","ROOP KUMARI CHOUDHARY","MAHASAMUND","Images","03-Jun-2025","999143"
"1298","Normal/Others","WS/MP18336/2024-2025/147586-Construction of community centers and community halls","Chhattisgarh","RAIPUR(DISTRICT COLLECTOR RAIPUR_IDA)","SAMUDAYIK BHAWAN NIRMAN- GRAM BARONDA ME","BRIJMOHAN AGRAWAL","RAIPUR","Images","15-Dec-2025","500000"
"1299","Normal/Others","WS/MP18051/2024-2025/149146-Construction of roads, link roads, pathways or any other road with or without drainage system","Chhattisgarh","MAHASAMUND(DISTRICT COLLECTOR MAHASAMUND_IDA)","cc road","ROOP KUMARI CHOUDHARY","MAHASAMUND","Images","07-Oct-2025","499200"
"1300","Normal/Others","WS/MP552/2024-2025/134702-Construction of common work sheds/ common covered sitting area","Bihar","PURBI CHAMPARAN(DISTRICT PLANNING OFFICER MOTHIHARI EAST CHAMPARAN_IDA)","SANGRAMPUR BAJAR ME SHEDYUKT CHABUTARA KE AAGE SHED KA NIRMAN.","Radha Mohan Singh","PURVI CHAMPARAN","N/A","16-Dec-2024","1363504"
"1301","Normal/Others","WS/MP552/2024-2025/137930-Construction of common work sheds/ common covered sitting area","Bihar","PURBI CHAMPARAN(DISTRICT PLANNING OFFICER MOTHIHARI EAST CHAMPARAN_IDA)","Sangrampur block ke bazar me shedyukt chabutara ke samane shed ka nirman karya part-2","Radha Mohan Singh","PURVI CHAMPARAN","N/A","16-Dec-2024","858756"
"1302","Normal/Others","WS/MP552/2024-2025/135979-Development of public parks","Bihar","PURBI CHAMPARAN(DISTRICT PLANNING OFFICER MOTHIHARI EAST CHAMPARAN_IDA)","MOTIHARI NAGAR KE LUMBINI BHAWAN KE PICCHE BUDDH VIHAR PARISAR ME CHABUTARA KA NIRMAN KARYA.","Radha Mohan Singh","PURVI CHAMPARAN","N/A","26-Apr-2025","1495894"
"1303","Normal/Others","WS/MP423/2024-2025/138027-Construction of roads, link roads, pathways or any other road with or without drainage system","West Bengal","South 24 Parganas(DISTRICT MAGISTRATE SOUTH TWENTY FOUR PARGANAS_IDA)","Construction of CC Road from Sri Krishna Builders to  H/O Bimal Mukherjee. (135 mtr)","Shri Abhishek Banerjee","DIAMOND HARBOUR","Images","26-Dec-2024","250000"
"1304","Normal/Others","WS/MP552/2024-2025/135976-Fitting of Sitting RCC Benches in Public Places","Bihar","PURBI CHAMPARAN(DISTRICT PLANNING OFFICER MOTHIHARI EAST CHAMPARAN_IDA)","MOTIHARI NAGAR NIGAM KSHETRA KE VIBHIN  PUBLIC PLACE PAR RCC BENCHO KA NIRMAN EWAM ADHISHTHAPAN KARYA.","Radha Mohan Singh","PURVI CHAMPARAN","N/A","16-Dec-2024","1483462"
"1305","Normal/Others","WS/MP552/2024-2025/135980-Fitting of Sitting RCC Benches in Public Places","Bihar","PURBI CHAMPARAN(DISTRICT PLANNING OFFICER MOTHIHARI EAST CHAMPARAN_IDA)","MOTIHARI BLOCK KE  KE BENGALI BHAIYON KE GAANWON  ME PUBLIC PLACE PAR RCC BENCHO KA NIRMAN EWAM ADHISHTHAPAN KARYA.","Radha Mohan Singh","PURVI CHAMPARAN","N/A","16-Dec-2024","1483462"
"1306","Normal/Others","WS/MP552/2024-2025/134699-Construction of footpaths and pedestrian ways","Bihar","PURBI CHAMPARAN(DISTRICT PLANNING OFFICER MOTHIHARI EAST CHAMPARAN_IDA)","Right inside the entrance of Gandhi Maidan, Motihari  Laying left paver block under Motihari nagar nigam Ward No.-33","Radha Mohan Singh","PURVI CHAMPARAN","N/A","05-Jul-2025","1491420"
"1307","Normal/Others","WS/MP552/2024-2025/135978-Development of public parks","Bihar","PURBI CHAMPARAN(DISTRICT PLANNING OFFICER MOTHIHARI EAST CHAMPARAN_IDA)","MOTIHARI NAGAR KE LUMBINI BHAWAN KE PICCHE BUDDH VIHAR PARISAR KA NIRMAN.","Radha Mohan Singh","PURVI CHAMPARAN","N/A","04-Feb-2025","1493970"
"1308","Normal/Others","WS/MP423/2024-2025/138028-Construction of roads, link roads, pathways or any other road with or without drainage system","West Bengal","South 24 Parganas(DISTRICT MAGISTRATE SOUTH TWENTY FOUR PARGANAS_IDA)","Construction of CC Road from Mukta Kanta Club to Rail Line Kali Temple.(150 mtr)","Shri Abhishek Banerjee","DIAMOND HARBOUR","Images","26-Dec-2024","300000"
"1309","Normal/Others","WS/MP18335/2024-2025/152915-Construction of roads, link roads, pathways or any other road with or without drainage system","Chhattisgarh","JASHPUR(DISTRICT COLLECTOR JASHPUR_IDA)","Road upgradation construction work","RADHE SHYAM RATHIYA","RAIGARH(ST)","Images","16-Jan-2026","999815"
"1310","Normal/Others","WS/MP423/2024-2025/138047-Construction of roads, link roads, pathways or any other road with or without drainage system","West Bengal","South 24 Parganas(DISTRICT MAGISTRATE SOUTH TWENTY FOUR PARGANAS_IDA)","Construction of CC Road from H/O Manas Prodhan to H/O Nepal Jana.(106 mtr)","Shri Abhishek Banerjee","DIAMOND HARBOUR","Images","26-Dec-2024","200000"
"1311","Normal/Others","WS/MP423/2024-2025/138046-Construction of roads, link roads, pathways or any other road with or without drainage system","West Bengal","South 24 Parganas(DISTRICT MAGISTRATE SOUTH TWENTY FOUR PARGANAS_IDA)","Construction of CC Road from H/O Ramprasad Kunti to H/O Kalipada Kunti. (115 mtr)","Shri Abhishek Banerjee","DIAMOND HARBOUR","Images","26-Dec-2024","200000"
"1312","Normal/Others","WS/MP386/2024-2025/145016-Improvement of electricity distribution infrastructure","Rajasthan","NAGAUR(DISTRICT COLLECTOR NAGAUR_IDA)","Electrification work in village Mangliyawas Meghwalo ki dhani","Shri Hanuman Beniwal","NAGAUR","Images","05-Jun-2025","119241"
"1313","Normal/Others","WS/MP386/2024-2025/145036-Improvement of electricity distribution infrastructure","Rajasthan","NAGAUR(DISTRICT COLLECTOR NAGAUR_IDA)","Shifting the high tension line of electricity passing over the houses of Sado's locality including the residence of Madan Das in village Tantwas","Shri Hanuman Beniwal","NAGAUR","N/A","15-Oct-2025","64000"
"1314","Normal/Others","WS/MP386/2024-2025/145032-Improvement of electricity distribution infrastructure","Rajasthan","NAGAUR(DISTRICT COLLECTOR NAGAUR_IDA)","Electrification work in village Panchala Siddha in Manroop Bishnoi S/o Shri Annaram Bishnoi Ki Dhani","Shri Hanuman Beniwal","NAGAUR","N/A","15-Oct-2025","121700"
"1315","Normal/Others","WS/MP386/2024-2025/145030-Improvement of electricity distribution infrastructure","Rajasthan","NAGAUR(DISTRICT COLLECTOR NAGAUR_IDA)","Electrification work in Dhani of Anesh Godara located in village Bairawas","Shri Hanuman Beniwal","NAGAUR","N/A","15-Oct-2025","98800"
"1316","Normal/Others","WS/MP386/2024-2025/145035-Improvement of electricity distribution infrastructure","Rajasthan","NAGAUR(DISTRICT COLLECTOR NAGAUR_IDA)","Shifting of High Tension Line on Modern Public School situated and Abadi Area near this school","Shri Hanuman Beniwal","NAGAUR","N/A","15-Oct-2025","100500"
"1317","Normal/Others","WS/MP386/2024-2025/145033-Improvement of electricity distribution infrastructure","Rajasthan","NAGAUR(DISTRICT COLLECTOR NAGAUR_IDA)","Work of installing 10 KVA transformer near the field of Dhannaram Lol in village Panchala Siddha","Shri Hanuman Beniwal","NAGAUR","N/A","15-Oct-2025","301500"
"1318","Normal/Others","WS/MP386/2024-2025/142410-Improvement of electricity distribution infrastructure","Rajasthan","NAGAUR(DISTRICT COLLECTOR NAGAUR_IDA)","Shifting of 33 KV High Tenson Electricity Line iPassing over Dhani of Meghwal Community in village Bhawanda at Mankpur -Bhawanda Marg","Shri Hanuman Beniwal","NAGAUR","N/A","15-Oct-2025","156518"
"1319","Normal/Others","WS/MP18051/2024-2025/156581-Street lights","Chhattisgarh","MAHASAMUND(DISTRICT COLLECTOR MAHASAMUND_IDA)","HIGHT MASK LIGHT","ROOP KUMARI CHOUDHARY","MAHASAMUND","Images","03-Jun-2025","999527"
"1320","Normal/Others","WS/MP423/2024-2025/137935-Construction of roads, link roads, pathways or any other road with or without drainage system","West Bengal","South 24 Parganas(DISTRICT MAGISTRATE SOUTH TWENTY FOUR PARGANAS_IDA)","Construction Of CC Road from H/O Shekhar Baidya To H/O Sandha Biswas. (200 mtr)","Shri Abhishek Banerjee","DIAMOND HARBOUR","Images","26-Dec-2024","300000"
"1321","Normal/Others","WS/MP423/2024-2025/137936-Construction of roads, link roads, pathways or any other road with or without drainage system","West Bengal","South 24 Parganas(DISTRICT MAGISTRATE SOUTH TWENTY FOUR PARGANAS_IDA)","Construction Of CC Road from H/O Golam Ali Mollik To H/O Alfaj Sk. (100 mtr)","Shri Abhishek Banerjee","DIAMOND HARBOUR","Images","26-Dec-2024","200000"
"1322","Normal/Others","WS/MP423/2024-2025/138018-Construction of roads, link roads, pathways or any other road with or without drainage system","West Bengal","South 24 Parganas(DISTRICT MAGISTRATE SOUTH TWENTY FOUR PARGANAS_IDA)","Construction Of CC Road from Rakhakalitala (Bindupara) to H/O Sanat Bindu Via H/O Arun Bindu. (120 mtr)","Shri Abhishek Banerjee","DIAMOND HARBOUR","Images","26-Dec-2024","200000"
"1323","Normal/Others","WS/MP381/2024-2025/153030-Construction of roads, link roads, pathways or any other road with or without drainage system","Punjab","AMRITSAR(DEPUTY COMMISSIONER AMRITSAR_IDA)","CONSTRUCTION OF ROAD","Shri Gurjeet Singh Aujla","AMRITSAR","N/A","17-Dec-2024","286000"
"1324","Repair and Renovation","WS/MP386/2024-2025/142231-Construction of rooms and halls in school and colleges","Rajasthan","NAGAUR(DISTRICT COLLECTOR NAGAUR_IDA)","Complete repair work of school building of GUPS Indokali (GP-roon)","Shri Hanuman Beniwal","NAGAUR","Images","17-Jun-2025","499000"
"1325","Normal/Others","WS/MP858/2024-2025/154535-Construction of rooms and halls in school and colleges","West Bengal","BIRBHUM(DISTRICT MAGISTRATE BIRBHUM_IDA)","construction work at GHURISHA SRIPUR HIGH SCHOOL, UNDER ILLAMBAZAR BLOCK ,EXECUTING AGENCY WILL BE E.O.SSDA, BOLPUR ,BIRBHUM.","Asit Kumar Mal","BOLPUR(SC)","Images","21-Nov-2025","3532487"
"1326","Normal/Others","WS/MP858/2024-2025/154538-Construction of rooms and halls in school and colleges","West Bengal","BIRBHUM(DISTRICT MAGISTRATE BIRBHUM_IDA)","CONSTRUCTION WORK OF SCHOOL BUILDING OF BOLPUR GIRLS JrBASIC SCHOOL,UNDER 8 NO WORD ,BOLPUR MUNICIPALITY.EXECUTING AGENCY WILL BE E.O. SSDA BOLPUR ,BIRBHUM.","Asit Kumar Mal","BOLPUR(SC)","Images","21-Nov-2025","2305148"
"1327","Normal/Others","WS/MP858/2024-2025/154541-Construction of rooms and halls in school and colleges","West Bengal","BIRBHUM(DISTRICT MAGISTRATE BIRBHUM_IDA)","RENOVATION OF OLD SCHOOL BUILDING OF SAILABALA GIRLS HIGH SCHOOL,UNDER 11 NO WORD BOLPUR MUNICIPALITY,EXECUTING AGENCY WILL BE EO SSDA   BOLPUR ,BIRBHUM .","Asit Kumar Mal","BOLPUR(SC)","Images","24-Nov-2025","2899420"
"1328","Normal/Others","WS/MP423/2024-2025/138021-Construction of roads, link roads, pathways or any other road with or without drainage system","West Bengal","South 24 Parganas(DISTRICT MAGISTRATE SOUTH TWENTY FOUR PARGANAS_IDA)","Construction of CC Road from H/O Gopal Das to H/O Dukhiram Das. (150 mtr)","Shri Abhishek Banerjee","DIAMOND HARBOUR","Images","26-Dec-2024","300000"
"1329","Normal/Others","WS/MP423/2024-2025/138029-Construction of roads, link roads, pathways or any other road with or without drainage system","West Bengal","South 24 Parganas(DISTRICT MAGISTRATE SOUTH TWENTY FOUR PARGANAS_IDA)","Construction of CC Road from H/O Anis Gayen to H/O Uttam Gayen Via H/O Amar Gayen to H/O Bijoy Gayen at Harish Pur. (100 mtr)","Shri Abhishek Banerjee","DIAMOND HARBOUR","Images","26-Dec-2024","200000"
"1330","Normal/Others","WS/MP423/2024-2025/138030-Construction of roads, link roads, pathways or any other road with or without drainage system","West Bengal","South 24 Parganas(DISTRICT MAGISTRATE SOUTH TWENTY FOUR PARGANAS_IDA)","Construction of CC Road from the H/O Ganesh Parui To H/O Sudip Parui Via H/O Panchu Parui At Kantaria. (100 mtr)","Shri Abhishek Banerjee","DIAMOND HARBOUR","Images","26-Dec-2024","200000"
"1331","Normal/Others","WS/MP18109/2024-2025/150123-Construction of culverts and bridges","Madhya Pradesh","SINGRAULI(District Collector Singrauli_IDA)","GRAM PANCHAYAT JARAUDHI ME RAVINDRA SHAH KE GHAR KE PAS CULVERTS BRIDGE NIRMAN","DR. RAJESH MISHRA","SIDHI","N/A","05-Jun-2025","297216"
"1332","Normal/Others","WS/MP18109/2024-2025/150124-Construction of roads, link roads, pathways or any other road with or without drainage system","Madhya Pradesh","SINGRAULI(District Collector Singrauli_IDA)","GRAM PANCHAYAT JARAUDHI ME PM SADAK SE PANCHAYAT BHAVAN TAK PCC ROAD NIRMAN","DR. RAJESH MISHRA","SIDHI","N/A","03-Jun-2025","992000"
"1333","Normal/Others","WS/MP18109/2024-2025/150125-Construction of culverts and bridges","Madhya Pradesh","SINGRAULI(District Collector Singrauli_IDA)","GRAM PANCHAYAT CHITARWAI KALA ME BALUA NALA ME BRIDGE NIRMAN","DR. RAJESH MISHRA","SIDHI","N/A","20-May-2025","1197216"
"1334","Normal/Others","WS/MP386/2024-2025/142441-Construction of rooms and halls in school and colleges","Rajasthan","NAGAUR(DISTRICT COLLECTOR NAGAUR_IDA)","Repairing  of four walls and  Main Gate in Govt UPS Isharnawda No.02 GP-Papasani","Shri Hanuman Beniwal","NAGAUR","Images","01-Jan-2026","244140"
"1335","Normal/Others","WS/MP386/2024-2025/142447-Providing supply pipelines for drinking water","Rajasthan","NAGAUR(DISTRICT COLLECTOR NAGAUR_IDA)","Construction of 10 KL GLR With 500 Meter Pipe Line for drinking water near Dhani of Shri Arjun singh bhati,Village -Papasani","Shri Hanuman Beniwal","NAGAUR","Images","05-Aug-2025","224807"
"1336","Normal/Others","WS/MP386/2024-2025/142517-Street lights","Rajasthan","NAGAUR(DISTRICT COLLECTOR NAGAUR_IDA)","High Mask Light in Aabadi bhumi of village- Nandwani","Shri Hanuman Beniwal","NAGAUR","Images","29-Sep-2025","58256"
"1337","Normal/Others","WS/MP386/2024-2025/142516-Street lights","Rajasthan","NAGAUR(DISTRICT COLLECTOR NAGAUR_IDA)","High Mask light in Meghwalo ki dhaania , Village- Nandwani (S.C.Work)","Shri Hanuman Beniwal","NAGAUR","Images","29-Sep-2025","59058"
"1338","Normal/Others","WS/MP386/2024-2025/142446-Street lights","Rajasthan","NAGAUR(DISTRICT COLLECTOR NAGAUR_IDA)","2 High Mask Lights in Village Isar navra (GP-PAPASANI)","Shri Hanuman Beniwal","NAGAUR","Images","29-Apr-2025","120000"
"1339","Normal/Others","WS/MP386/2024-2025/142246-Construction of rooms and halls in school and colleges","Rajasthan","NAGAUR(DISTRICT COLLECTOR NAGAUR_IDA)","Construction of four walls and Main Gate in Govt SS School,Asawari","Shri Hanuman Beniwal","NAGAUR","Images","06-May-2025","350000"
"1340","Normal/Others","WS/MP386/2024-2025/142445-Street lights","Rajasthan","NAGAUR(DISTRICT COLLECTOR NAGAUR_IDA)","2 high mask lights in village papasani","Shri Hanuman Beniwal","NAGAUR","Images","29-Apr-2025","120000"
"1341","Normal/Others","WS/MP386/2024-2025/142515-Street lights","Rajasthan","NAGAUR(DISTRICT COLLECTOR NAGAUR_IDA)","High Mask Light near Jogmaya temple, Village- Nandwani","Shri Hanuman Beniwal","NAGAUR","Images","29-Sep-2025","60000"
"1342","Normal/Others","WS/MP386/2024-2025/142444-Street lights","Rajasthan","NAGAUR(DISTRICT COLLECTOR NAGAUR_IDA)","2 High Mask Lights in Village Hempura","Shri Hanuman Beniwal","NAGAUR","Images","29-Apr-2025","120000"
"1343","Normal/Others","WS/MP386/2024-2025/142512-Street lights","Rajasthan","NAGAUR(DISTRICT COLLECTOR NAGAUR_IDA)","High Mask Light Near Jogmaya than,In Village- Dheengsara","Shri Hanuman Beniwal","NAGAUR","Images","29-Sep-2025","60000"
"1344","Repair and Renovation","WS/MP386/2024-2025/142442-Construction of rooms and halls in school and colleges","Rajasthan","NAGAUR(DISTRICT COLLECTOR NAGAUR_IDA)","Construction of Floor and Plaster work on Walls and Painting works in Govt SS School Hempura-Chauthina","Shri Hanuman Beniwal","NAGAUR","Images","29-Apr-2025","497650"
"1345","Normal/Others","WS/MP386/2024-2025/142514-Street lights","Rajasthan","NAGAUR(DISTRICT COLLECTOR NAGAUR_IDA)","High Mask Light near shop of malaaram and circle of village- Dheengsara","Shri Hanuman Beniwal","NAGAUR","Images","29-Sep-2025","59714"
"1346","Normal/Others","WS/MP386/2024-2025/142513-Street lights","Rajasthan","NAGAUR(DISTRICT COLLECTOR NAGAUR_IDA)","high mask light in tada ka mohhala,Village- Dheengsara","Shri Hanuman Beniwal","NAGAUR","Images","29-Sep-2025","58475"
"1347","Normal/Others","WS/MP386/2024-2025/142487-Construction of public libraries and reading rooms","Rajasthan","NAGAUR(DISTRICT COLLECTOR NAGAUR_IDA)","Construction of Digital Library in Aabadi land of village Khundala","Shri Hanuman Beniwal","NAGAUR","Images","10-Jan-2025","1499450"
"1348","Normal/Others","WS/MP386/2024-2025/142511-Construction of community centers and community halls","Rajasthan","NAGAUR(DISTRICT COLLECTOR NAGAUR_IDA)","Community Hall Near Bhomiyaji ka than,Aahuti Nadi, Village- Dholiyader (G.P.-Pabusar)","Shri Hanuman Beniwal","NAGAUR","Images","20-Aug-2026","999500"
"1349","Normal/Others","WS/MP386/2024-2025/147126-Street lights","Rajasthan","NAGAUR(DISTRICT COLLECTOR NAGAUR_IDA)","High Mask light Near jIYADAS JI DHUNI OF Village-","Shri Hanuman Beniwal","NAGAUR","N/A","25-Sep-2025","60000"
"1350","Normal/Others","WS/MP386/2024-2025/147121-Installing tube-wells and borewells","Rajasthan","NAGAUR(DISTRICT COLLECTOR NAGAUR_IDA)","Purchasing and installation of New Material (Pipe, moter pump,cable etc ) in megholai nadi of village- dantina (429-2)","Shri Hanuman Beniwal","NAGAUR","Images","14-Oct-2025","199582"
"1351","Normal/Others","WS/MP386/2024-2025/145067-Street lights","Rajasthan","NAGAUR(DISTRICT COLLECTOR NAGAUR_IDA)","High mask light in Sowon ki dhani, Near Sati mata Go sewa samiti","Shri Hanuman Beniwal","NAGAUR","N/A","17-Dec-2024","59915"
"1352","Normal/Others","WS/MP386/2024-2025/142455-Street lights","Rajasthan","NAGAUR(DISTRICT COLLECTOR NAGAUR_IDA)","High Mask Light near bees Bhuja Mataji Temple, Village Pipliya","Shri Hanuman Beniwal","NAGAUR","N/A","17-Dec-2024","59915"
"1353","Normal/Others","WS/MP386/2024-2025/142486-Construction of public libraries and reading rooms","Rajasthan","NAGAUR(DISTRICT COLLECTOR NAGAUR_IDA)","Construction of Digital Library in Aabadi land of Pipliya,Madhaniyo Ki dhani","Shri Hanuman Beniwal","NAGAUR","N/A","26-Jun-2025","1490196"
"1354","Normal/Others","WS/MP386/2024-2025/142534-Construction of rooms and halls in school and colleges","Rajasthan","NAGAUR(DISTRICT COLLECTOR NAGAUR_IDA)","Construction of Digital Library In Govt.S.S. School,Nagri","Shri Hanuman Beniwal","NAGAUR","N/A","17-Nov-2025","1499921"
"1355","Normal/Others","WS/MP386/2024-2025/144979-Improvement of electricity distribution infrastructure","Rajasthan","NAGAUR(DISTRICT COLLECTOR NAGAUR_IDA)","Electrification work near Baldev Ram, Sunil, Ramkunwar Dukia ki Dhani in Dukiyon ki Dhani","Shri Hanuman Beniwal","NAGAUR","N/A","18-Feb-2025","216991"
"1356","Normal/Others","WS/MP386/2024-2025/144980-Improvement of electricity distribution infrastructure","Rajasthan","NAGAUR(DISTRICT COLLECTOR NAGAUR_IDA)","Electrification work at Magra near Ramniwas, Tillaram, Ramchandra's farm located in Kadwasro ki Dhani","Shri Hanuman Beniwal","NAGAUR","N/A","18-Feb-2025","168571"
"1357","Normal/Others","WS/MP386/2024-2025/144982-Improvement of electricity distribution infrastructure","Rajasthan","NAGAUR(DISTRICT COLLECTOR NAGAUR_IDA)","Electrification work near the farm of Ramniwas,mahendra and aashaaram etc located in Kadwasro ki Dhani near magra","Shri Hanuman Beniwal","NAGAUR","N/A","18-Feb-2025","188607"
"1358","Normal/Others","WS/MP386/2024-2025/144981-Improvement of electricity distribution infrastructure","Rajasthan","NAGAUR(DISTRICT COLLECTOR NAGAUR_IDA)","Electrification work near farm of Sohalal ,Siyaram and madanlal located in Kadwasro ki Dhani","Shri Hanuman Beniwal","NAGAUR","N/A","18-Feb-2025","83832"
"1359","Normal/Others","WS/MP386/2024-2025/144983-Improvement of electricity distribution infrastructure","Rajasthan","NAGAUR(DISTRICT COLLECTOR NAGAUR_IDA)","Electrification work near the farm of Baldev Ram Dukia, Piraram Dukia, Mularam in Kadwasro ki Dhani","Shri Hanuman Beniwal","NAGAUR","N/A","18-Feb-2025","198425"
"1360","Normal/Others","WS/MP386/2024-2025/144984-Improvement of electricity distribution infrastructure","Rajasthan","NAGAUR(DISTRICT COLLECTOR NAGAUR_IDA)","Electrification work in dhanis near the farm of Pappuram Tada, Sitaram Meghwal and Maniram in village Nokha Chandawata","Shri Hanuman Beniwal","NAGAUR","Images","26-Jun-2025","89796"
"1361","Normal/Others","WS/MP386/2024-2025/144985-Improvement of electricity distribution infrastructure","Rajasthan","NAGAUR(DISTRICT COLLECTOR NAGAUR_IDA)","Electrification work in village Nokha Chandawata's Nimbado, Meghwals and Sado ki dhanis","Shri Hanuman Beniwal","NAGAUR","Images","26-Jun-2025","162987"
"1362","Normal/Others","WS/MP386/2024-2025/144986-Improvement of electricity distribution infrastructure","Rajasthan","NAGAUR(DISTRICT COLLECTOR NAGAUR_IDA)","Electrification work in the hamlets of Surjaram Mundel, Ramniwas, Ramnath etc. situated on Roon Marg in village Nokha Chandawata","Shri Hanuman Beniwal","NAGAUR","N/A","18-Feb-2025","98621"
"1363","Normal/Others","WS/MP386/2024-2025/144992-Improvement of electricity distribution infrastructure","Rajasthan","NAGAUR(DISTRICT COLLECTOR NAGAUR_IDA)","Electrification work in hamlets of Ramesh, Tilok Meghwal etc. situated on Bhatnokha road in village Nokha Chandawata","Shri Hanuman Beniwal","NAGAUR","N/A","18-Feb-2025","73467"
"1364","Normal/Others","WS/MP386/2024-2025/144993-Improvement of electricity distribution infrastructure","Rajasthan","NAGAUR(DISTRICT COLLECTOR NAGAUR_IDA)","Electrification work in hamlets of Ramnivas Mundel, Shivnarayan etc. towards Gujjar hamlets (dhani)  in village Nokha Chandawata","Shri Hanuman Beniwal","NAGAUR","Images","26-Jun-2025","157194"
"1365","Normal/Others","WS/MP386/2024-2025/144997-Improvement of electricity distribution infrastructure","Rajasthan","NAGAUR(DISTRICT COLLECTOR NAGAUR_IDA)","Electrification work in the hamlets of Devaram Gurjar, Madan Gurjar, Shyam, Tilaram Gurjar situated in the east direction in village Nokha Chandwata","Shri Hanuman Beniwal","NAGAUR","N/A","18-Feb-2025","78640"
"1366","Normal/Others","WS/MP386/2024-2025/144999-Improvement of electricity distribution infrastructure","Rajasthan","NAGAUR(DISTRICT COLLECTOR NAGAUR_IDA)","Electrification work in the hamlets of Sugan Singh, Guman Singh, Ravana Rajput etc. situated on Kumpadas road in village Nokha Chandawata","Shri Hanuman Beniwal","NAGAUR","N/A","18-Feb-2025","127202"
"1367","Normal/Others","WS/MP386/2024-2025/145014-Improvement of electricity distribution infrastructure","Rajasthan","NAGAUR(DISTRICT COLLECTOR NAGAUR_IDA)","Electrification work in houses situated on Asawari road in village Harsolao","Shri Hanuman Beniwal","NAGAUR","Images","05-Jun-2025","178900"
"1368","Normal/Others","WS/MP386/2024-2025/144995-Improvement of electricity distribution infrastructure","Rajasthan","NAGAUR(DISTRICT COLLECTOR NAGAUR_IDA)","Electrification work in hamlets (dhani) of Hadman Kamendia, Manohar Nagora, Hari Ram, Omaram etc. towards Dhadhali dhanis in village Nokha Chandawata","Shri Hanuman Beniwal","NAGAUR","N/A","18-Feb-2025","185700"
"1369","Normal/Others","WS/MP386/2024-2025/142505-Street lights","Rajasthan","NAGAUR(DISTRICT COLLECTOR NAGAUR_IDA)","High mask light in Bawriyo ka bas near Satynarayan Temple ,Village Lalap (S.C. Work)","Shri Hanuman Beniwal","NAGAUR","Images","30-Jun-2025","149829"
"1370","Normal/Others","WS/MP18049/2024-2025/152238-Construction of flood control embankments/ protection walls along riverbanks, hilltops, roadsides","Chhattisgarh","MUNGELI(Collector Mungeli_IDA)","Aagar Nadi Chikhaldah me Pachri and Pitching Nirman Kary","TOKHAN SAHU","BILASPUR","Images","23-Feb-2026","199012"
"1371","Normal/Others","WS/MP386/2024-2025/142503-Construction of boundary walls of existing public and community buildings","Rajasthan","NAGAUR(DISTRICT COLLECTOR NAGAUR_IDA)","Construction of Safety wall in Nimbali nadi of village- Gudha Bhagwandas","Shri Hanuman Beniwal","NAGAUR","Images","18-Dec-2025","999930"
"1372","Normal/Others","WS/MP444/2024-2025/146511-Construction of bus-sheds or bus-stops","Madhya Pradesh","HARDA(District Collector Harda_IDA)","L.No. 184 Dt 07.10.2024 Gram Panchayat Neemsarai ke Gram Egariya me","Durga Das Uikey","BETUL(ST)","Images","23-Jul-2025","259942"
"1373","Normal/Others","WS/MP444/2024-2025/146510-Construction of bus-sheds or bus-stops","Madhya Pradesh","HARDA(District Collector Harda_IDA)","L.No. 184 Dt 07.10.2024 Gram Panchayat Mohal kala me","Durga Das Uikey","BETUL(ST)","Images","23-Jul-2025","259942"
"1374","Normal/Others","WS/MP444/2024-2025/146509-Construction of bus-sheds or bus-stops","Madhya Pradesh","HARDA(District Collector Harda_IDA)","L.No. 184 Dt 07.10.2024 Gram Panchayat Saktapur ke gram Bafla me","Durga Das Uikey","BETUL(ST)","Images","23-Jul-2025","259942"
"1375","Normal/Others","WS/MP444/2024-2025/146508-Construction of bus-sheds or bus-stops","Madhya Pradesh","HARDA(District Collector Harda_IDA)","L.No. 184 Dt 07.10.2024 Gram Panchayat Mandla me","Durga Das Uikey","BETUL(ST)","Images","23-Jul-2025","259942"
"1376","Normal/Others","WS/MP444/2024-2025/146507-Construction of bus-sheds or bus-stops","Madhya Pradesh","HARDA(District Collector Harda_IDA)","L.No. 184 Dt 07.10.2024 Gram Panchayat Sarsood me","Durga Das Uikey","BETUL(ST)","Images","23-Jul-2025","259942"
"1377","Normal/Others","WS/MP444/2024-2025/146506-Construction of bus-sheds or bus-stops","Madhya Pradesh","HARDA(District Collector Harda_IDA)","L.No. 184 Dt 07.10.2024 Gram Panchayat Pokharni ke Basantpura me","Durga Das Uikey","BETUL(ST)","Images","23-Jul-2025","259942"
"1378","Normal/Others","WS/MP444/2024-2025/146505-Construction of bus-sheds or bus-stops","Madhya Pradesh","HARDA(District Collector Harda_IDA)","L.No. 184 Dt 07.10.2024 Gram Panchayat Padwa me","Durga Das Uikey","BETUL(ST)","Images","23-Jul-2025","259942"
"1379","Normal/Others","WS/MP444/2024-2025/146503-Construction of bus-sheds or bus-stops","Madhya Pradesh","HARDA(District Collector Harda_IDA)","L.No. 184 Dt 07.10.2024 Gram Panchayat Kaliya khedi ke gram Jhajhri me","Durga Das Uikey","BETUL(ST)","Images","23-Jul-2025","259942"
"1380","Normal/Others","WS/MP444/2024-2025/146502-Construction of bus-sheds or bus-stops","Madhya Pradesh","HARDA(District Collector Harda_IDA)","L.No. 184 Dt 07.10.2024 Gram Panchayat Khamlai me","Durga Das Uikey","BETUL(ST)","Images","23-Jul-2025","259942"
"1381","Normal/Others","WS/MP444/2024-2025/146504-Construction of bus-sheds or bus-stops","Madhya Pradesh","HARDA(District Collector Harda_IDA)","L.No. 184 Dt 07.10.2024 Gram Panchayat Neemkheda ke gram Sakatiya me","Durga Das Uikey","BETUL(ST)","Images","23-Jul-2025","259942"
"1382","Normal/Others","WS/MP444/2024-2025/146501-Construction of bus-sheds or bus-stops","Madhya Pradesh","HARDA(District Collector Harda_IDA)","L.No. 184 Dt 07.10.2024 Gram Panchayat Neemkheda mal me Panchmukhi Hanuman Mandir ke pass","Durga Das Uikey","BETUL(ST)","Images","23-Jul-2025","259942"
"1383","Normal/Others","WS/MP444/2024-2025/146500-Construction of bus-sheds or bus-stops","Madhya Pradesh","HARDA(District Collector Harda_IDA)","L.No. 184 Dt 07.10.2024 Gram Panchayat Badnagar ke gram Salabadi me","Durga Das Uikey","BETUL(ST)","Images","23-Jul-2025","259942"
"1384","Normal/Others","WS/MP444/2024-2025/146524-Construction of bus-sheds or bus-stops","Madhya Pradesh","HARDA(District Collector Harda_IDA)","L.No. 184 Dt 07.10.2024 Gram Panchayat Bhatparetiya ke gram Kolhyakhedi me","Durga Das Uikey","BETUL(ST)","Images","23-Jul-2025","259942"
"1385","Normal/Others","WS/MP444/2024-2025/146523-Construction of bus-sheds or bus-stops","Madhya Pradesh","HARDA(District Collector Harda_IDA)","L.No. 184 Dt 07.10.2024 Gram Panchayat Bhatparetiya me","Durga Das Uikey","BETUL(ST)","Images","23-Jul-2025","259942"
"1386","Normal/Others","WS/MP444/2024-2025/146522-Construction of bus-sheds or bus-stops","Madhya Pradesh","HARDA(District Collector Harda_IDA)","L.No. 184 Dt 07.10.2024 Gram Panchayat Rolgaon ke gram Sultanpur me","Durga Das Uikey","BETUL(ST)","Images","23-Jul-2025","259942"
"1387","Normal/Others","WS/MP444/2024-2025/146521-Construction of bus-sheds or bus-stops","Madhya Pradesh","HARDA(District Collector Harda_IDA)","L.No. 184 Dt 07.10.2024 Gram Panchayat Kamtada me","Durga Das Uikey","BETUL(ST)","Images","23-Jul-2025","259942"
"1388","Normal/Others","WS/MP444/2024-2025/146519-Construction of bus-sheds or bus-stops","Madhya Pradesh","HARDA(District Collector Harda_IDA)","L.No. 184 Dt 07.10.2024 Gram Panchayat Pidgaon me","Durga Das Uikey","BETUL(ST)","Images","23-Jul-2025","259942"
"1389","Normal/Others","WS/MP444/2024-2025/146488-Construction of bus-sheds or bus-stops","Madhya Pradesh","HARDA(District Collector Harda_IDA)","L.No. 184 Dt 07.10.2024 Gram Panchayat  Kakariya ke Gram Kakariya me","Durga Das Uikey","BETUL(ST)","Images","23-Jul-2025","259942"
"1390","Normal/Others","WS/MP444/2024-2025/146485-Construction of bus-sheds or bus-stops","Madhya Pradesh","HARDA(District Collector Harda_IDA)","L.No. 184 Dt 07.10.2024 Gram Panchayat Sonkhedi ke gram sonkhedi me","Durga Das Uikey","BETUL(ST)","Images","23-Jul-2025","259942"
"1391","Normal/Others","WS/MP444/2024-2025/146491-Construction of bus-sheds or bus-stops","Madhya Pradesh","HARDA(District Collector Harda_IDA)","L.No. 184 Dt 07.10.2024 Gram Panchayat Masangaon ke Gangla me","Durga Das Uikey","BETUL(ST)","Images","23-Jul-2025","259942"
"1392","Normal/Others","WS/MP444/2024-2025/146484-Construction of bus-sheds or bus-stops","Madhya Pradesh","HARDA(District Collector Harda_IDA)","L.No. 184 Dt 07.10.2024 Gram Panchayat Masangaon ke  GramMasangaon me","Durga Das Uikey","BETUL(ST)","Images","23-Jul-2025","259942"
"1393","Normal/Others","WS/MP444/2024-2025/146486-Construction of bus-sheds or bus-stops","Madhya Pradesh","HARDA(District Collector Harda_IDA)","L.No. 184 Dt 07.10.2024 Gram Panchayat  Sonkhedi ke Gram Bhounkhedi me","Durga Das Uikey","BETUL(ST)","Images","23-Jul-2025","259942"
"1394","Normal/Others","WS/MP429/2024-2025/140539-Construction of community centers and community halls","Chhattisgarh","Gaurela-Pendra-Marwahi(Collector GPM_IDA)","Samudayik Bhawan construction at Village Dadhiya, Gram Panchayat - Pondi, Vikas Khand - Marwahi.","Jyotsna Charandas Mahant","KORBA","Images","28-Nov-2025","500000"
"1395","Normal/Others","WS/MP386/2024-2025/142230-Purchase of IT systems, including hardware and software for educational purposes","Rajasthan","NAGAUR(DISTRICT COLLECTOR NAGAUR_IDA)","For purchasing material for Digital Library in Govt SS School Bhatnokha","Shri Hanuman Beniwal","NAGAUR","Images","05-Jul-2025","500000"
"1396","Normal/Others","WS/MP429/2024-2025/140533-Construction of common work sheds/ common covered sitting area","Chhattisgarh","Gaurela-Pendra-Marwahi(Collector GPM_IDA)","Sarvajanik Manch construction at Gram Panchayat - Karhani, Vikas Khand- Marwahi","Jyotsna Charandas Mahant","KORBA","Images","28-Nov-2025","200000"
"1397","Normal/Others","WS/MP429/2024-2025/155511-Construction of buildings for community cultural activities","Chhattisgarh","KORBA(Collector-Korba)","Chabutra construction near Raksha Budha in Gram Panchayat - Lafa , Vikas Khand - Pali","Jyotsna Charandas Mahant","KORBA","Images","08-Apr-2026","149770"
"1398","Normal/Others","WS/MP429/2024-2025/155510-Construction of footpaths and pedestrian ways","Chhattisgarh","KORBA(Collector-Korba)","Construction of CC Flooring near Ram Sagar Talab in Gram Panchayat - Lafa , Vikas Khand - Pali","Jyotsna Charandas Mahant","KORBA","Images","08-Apr-2026","199861"
"1399","Normal/Others","WS/MP386/2024-2025/145026-Construction of roads, link roads, pathways or any other road with or without drainage system","Rajasthan","NAGAUR(DISTRICT COLLECTOR NAGAUR_IDA)","Construction of Gravel Road from Birloka- Khatora Raod to motaba dhani (1  KM)","Shri Hanuman Beniwal","NAGAUR","N/A","30-Apr-2025","199618"
"1400","Normal/Others","WS/MP386/2024-2025/145056-Street lights","Rajasthan","NAGAUR(DISTRICT COLLECTOR NAGAUR_IDA)","High mask light in village khatora,near dhanraj ji bhomiyaji than","Shri Hanuman Beniwal","NAGAUR","Images","01-May-2025","59780"
"1401","Normal/Others","WS/MP386/2024-2025/145055-Street lights","Rajasthan","NAGAUR(DISTRICT COLLECTOR NAGAUR_IDA)","high mask light in village-khatora near Kesriya kanwar ji khejdi than","Shri Hanuman Beniwal","NAGAUR","N/A","05-May-2025","59780"
"1402","Normal/Others","WS/MP386/2024-2025/145054-Street lights","Rajasthan","NAGAUR(DISTRICT COLLECTOR NAGAUR_IDA)","High mask light in jato ki dhani,Hanumansagar","Shri Hanuman Beniwal","NAGAUR","N/A","05-May-2025","59780"
"1403","Normal/Others","WS/MP386/2024-2025/142488-Purchase of IT systems, including hardware and software for educational purposes","Rajasthan","NAGAUR(DISTRICT COLLECTOR NAGAUR_IDA)","Purchasing of Software and other Gadgets for Digitalization Library of Government College of Khinwsar","Shri Hanuman Beniwal","NAGAUR","N/A","04-Apr-2025","261103"
"1404","Normal/Others","WS/MP386/2024-2025/142489-Providing CCTV camera system for security of public areas","Rajasthan","NAGAUR(DISTRICT COLLECTOR NAGAUR_IDA)","CCTV camera with LED, inverter, sanitary pad destroyer machine and R.O. purchase in Govt.College Khinwsar","Shri Hanuman Beniwal","NAGAUR","Images","10-Jul-2025","154336"
"1405","Normal/Others","WS/MP386/2024-2025/142490-Purchase of furniture and fixtures for educational purposes","Rajasthan","NAGAUR(DISTRICT COLLECTOR NAGAUR_IDA)","Purchasing of Furniture for Government College Khinwsar","Shri Hanuman Beniwal","NAGAUR","Images","04-Apr-2025","299850"
"1406","Normal/Others","WS/MP18210/2024-2025/154376-Lighting of public spaces","Uttar Pradesh","CHANDAULI(DISTRICT MAGISTRATE CHANDAULI_IDA)","Supply and installation of LED semi high mast lights at 54 different places in district Chandauli (as per list enclosed).","VIRENDRA SINGH","CHANDAULI","Images","19-Jun-2025","13176000"
"1407","Normal/Others","WS/MP18206/2024-2025/137977-Lighting of public spaces","Uttar Pradesh","BANDA(DISTRICT MAGISTRATE BANDA_IDA)","4-gram panchayat miya barauli me ram ji khengar ke chaurahe ke paas sarvjanik sthan par himax light sthapna kary","KRISHNA DEVI SHIVSHANKER PATEL","BANDA","Images","28-Dec-2024","232197.98"
"1408","Normal/Others","WS/MP18220/2024-2025/147953-Construction of roads, link roads, pathways or any other road with or without drainage system","Uttar Pradesh","ALIGARH(DISTRICT MAGISTRATE ALIGARH_IDA)","Gram Bharatpur Block Iglas mai Panchyat Ghar se Bablu Valmiki kai ghar tak 150 mitar Interlocking","ANOOP PRADHAN BALMIKI","HATHRAS (SC)","N/A","25-Jan-2025","1485487"
"1409","Normal/Others","WS/MP18220/2024-2025/147967-Construction of roads, link roads, pathways or any other road with or without drainage system","Uttar Pradesh","ALIGARH(DISTRICT MAGISTRATE ALIGARH_IDA)","Gram Biraraka Block Iglas mai Ambedkar Park se Panchyat Ghar ki taraf 210 miter Interlocking karya","ANOOP PRADHAN BALMIKI","HATHRAS (SC)","N/A","25-Jan-2025","1480305"
"1410","Normal/Others","WS/MP18220/2024-2025/147974-Construction of roads, link roads, pathways or any other road with or without drainage system","Uttar Pradesh","ALIGARH(DISTRICT MAGISTRATE ALIGARH_IDA)","Gram Badwamni Block Lodha mai Beethna Modh se Marghat ki taraf 230 miter interlocking karya","ANOOP PRADHAN BALMIKI","HATHRAS (SC)","N/A","25-Jan-2025","1942383"
"1411","Normal/Others","WS/MP18220/2024-2025/147971-Construction of roads, link roads, pathways or any other road with or without drainage system","Uttar Pradesh","ALIGARH(DISTRICT MAGISTRATE ALIGARH_IDA)","Gram Arniyan Kwaza Raju Block Iglas mai Prathmik Vidhyaley se Zila Kesri Shohan Singh Pehlwan kai ghar ki taraf 140 miter interlocking karya","ANOOP PRADHAN BALMIKI","HATHRAS (SC)","N/A","25-Jan-2025","1725219"
"1412","Normal/Others","WS/MP18220/2024-2025/147973-Construction of roads, link roads, pathways or any other road with or without drainage system","Uttar Pradesh","ALIGARH(DISTRICT MAGISTRATE ALIGARH_IDA)","Gram Qutubpur Amarpur Block Akrabad mai Kali Sadhak se Pani ki Tanki ki taraf 210 miter interlocking karya","ANOOP PRADHAN BALMIKI","HATHRAS (SC)","N/A","25-Jan-2025","1954870"
"1413","Normal/Others","WS/MP444/2024-2025/146528-Construction of bus-sheds or bus-stops","Madhya Pradesh","HARDA(District Collector Harda_IDA)","L.No. 184 Dt 07.10.2024 Gram Panchayat Pokharni ke Gram Jhadtalai me","Durga Das Uikey","BETUL(ST)","Images","23-Jul-2025","259942"
"1414","Normal/Others","WS/MP444/2024-2025/146514-Construction of bus-sheds or bus-stops","Madhya Pradesh","HARDA(District Collector Harda_IDA)","L.No. 184 Dt 07.10.2024 Gram Panchayat Charkheda ke Gram Malona me","Durga Das Uikey","BETUL(ST)","Images","15-Jul-2025","259942"
"1415","Normal/Others","WS/MP444/2024-2025/146499-Construction of bus-sheds or bus-stops","Madhya Pradesh","HARDA(District Collector Harda_IDA)","L.No. 184 Dt 07.10.2024 Gram Panchayat Khidkai me","Durga Das Uikey","BETUL(ST)","Images","22-Jul-2025","259942"
"1416","Normal/Others","WS/MP444/2024-2025/146497-Construction of bus-sheds or bus-stops","Madhya Pradesh","HARDA(District Collector Harda_IDA)","L.No. 184 Dt 07.10.2024 Gram Panchayat Chipaner ke Gram Chipaner me bridge ke pass","Durga Das Uikey","BETUL(ST)","Images","23-Jul-2025","259942"
"1417","Normal/Others","WS/MP444/2024-2025/146496-Construction of bus-sheds or bus-stops","Madhya Pradesh","HARDA(District Collector Harda_IDA)","L.No. 184 Dt 07.10.2024 Gram Panchayat Godagaon kala me","Durga Das Uikey","BETUL(ST)","Images","23-Jul-2025","259942"
"1418","Normal/Others","WS/MP444/2024-2025/146495-Construction of bus-sheds or bus-stops","Madhya Pradesh","HARDA(District Collector Harda_IDA)","L.No. 184 Dt 07.10.2024 Gram Panchayat Sanyasa ke Gram sanyasa me","Durga Das Uikey","BETUL(ST)","Images","23-Jul-2025","259942"
"1419","Normal/Others","WS/MP444/2024-2025/146493-Construction of bus-sheds or bus-stops","Madhya Pradesh","HARDA(District Collector Harda_IDA)","L.No. 184 Dt 07.10.2024 Gram Panchayat Nousar ke gram Nousar me","Durga Das Uikey","BETUL(ST)","Images","23-Jul-2025","259942"
"1420","Normal/Others","WS/MP444/2024-2025/146492-Construction of bus-sheds or bus-stops","Madhya Pradesh","HARDA(District Collector Harda_IDA)","L.No. 184 Dt 07.10.2024 Gram Panchayat Pokharni ke  Gram pokharni main road par","Durga Das Uikey","BETUL(ST)","Images","22-Jul-2025","259942"
"1421","Normal/Others","WS/MP18161/2024-2025/138102-Construction of roads, link roads, pathways or any other road with or without drainage system","Rajasthan","Deeg(DISTRICT COLLECTOR Deeg_IDA)","CC interlocking kharanja May nali Nirman karya Kamaal ke kamre se akwali ke Ghar ki or kawan ka bas work agency GP Garhi Mewat","SANJNA JATAV","BHARATPUR(SC)","Images","24-Dec-2024","498994"
"1422","Normal/Others","WS/MP18117/2024-2025/142022-Purchase of smart boards, visual display units and projectors","Maharashtra","DHULE(DISTRICT COLLECTOR DHULE_IDA)","Supply interactive board , computer , vc camera (for two class room) at priyadarshani indira gandhi madhymik vidhyalay v kanisth mahavidhyaly betavad tal shindhkheda","BACHHAV SHOBHA DINESH","DHULE","Images","19-Dec-2024","1000000"
"1423","Normal/Others","WS/MP18051/2024-2025/149151-Construction of roads, link roads, pathways or any other road with or without drainage system","Chhattisgarh","MAHASAMUND(DISTRICT COLLECTOR MAHASAMUND_IDA)","cc road charbhata,pithora","ROOP KUMARI CHOUDHARY","MAHASAMUND","Images","25-Aug-2025","499749"
"1424","Normal/Others","WS/MP429/2024-2025/151725-Construction of community centers and community halls","Chhattisgarh","KORBA(Collector-Korba)","Manch construction in Bhatapara Mohalla, Gram - Jampani, Vikaskhand - Kartala","Jyotsna Charandas Mahant","KORBA","N/A","24-Oct-2025","300000"
"1425","Normal/Others","WS/MP18049/2024-2025/152167-Construction of buildings for community cultural activities","Chhattisgarh","BILASPUR(DISTRICT COLLECTOR BILASPUR_IDA)","Sanskritik Bhawan Nirman Shitla Mandir ke Paas","TOKHAN SAHU","BILASPUR","Images","27-May-2025","1000000"
"1426","Normal/Others","WS/MP18006/2024-2025/150013-Construction of roads, link roads, pathways or any other road with or without drainage system","Andhra Pradesh","CHITTOOR(DISTRICT COLLECTOR CHITTOOR_IDA)","Construction of CC road from Nehru House to New Colony, via: Chinnama Reddy House Mangunta GP of SR Puram Mandal, GD Nelloore Constituency.","DAGGUMALLA PRASADA RAO","CHITTOOR","Images","19-Dec-2024","499781"
"1427","Normal/Others","WS/MP429/2024-2025/151721-Construction of roads, link roads, pathways or any other road with or without drainage system","Chhattisgarh","KORBA(Collector-Korba)","Construction of CC road from Kahyap ghar towards Gauthan, Vilage - Sandail, Vikaskhand - Kartala","Jyotsna Charandas Mahant","KORBA","Images","09-Jan-2025","996800"
"1428","Normal/Others","WS/MP18006/2024-2025/136194-Construction of roads, link roads, pathways or any other road with or without drainage system","Andhra Pradesh","CHITTOOR(DISTRICT COLLECTOR CHITTOOR_IDA)","Construction of CC Road and Protection wall From GMR Puram to VPR Puram, GMR Puram GP of SR Puram Mandal of GD Nelloore Constituency.","DAGGUMALLA PRASADA RAO","CHITTOOR","Images","19-Dec-2024","499674"
"1429","Normal/Others","WS/MP18006/2024-2025/136197-Crematoriums/energy efficient crematoriums or structures on burial/cremation ground","Andhra Pradesh","CHITTOOR(DISTRICT COLLECTOR CHITTOOR_IDA)","Construction of Burrial Ground Compound Wall in Ksheerasamudram Villahe and GP in SR Puram Mandal of GD Nelloore Constituency.","DAGGUMALLA PRASADA RAO","CHITTOOR","Images","19-Dec-2024","499822"
"1430","Normal/Others","WS/MP18335/2024-2025/152911-Construction of roads, link roads, pathways or any other road with or without drainage system","Chhattisgarh","JASHPUR(DISTRICT COLLECTOR JASHPUR_IDA)","Road upgradation construction work, From the main road to Middleschool-Chulha Dobra Basti.","RADHE SHYAM RATHIYA","RAIGARH(ST)","Images","16-Jan-2026","999414"
"1431","Normal/Others","WS/MP18335/2024-2025/152918-Construction of culverts and bridges","Chhattisgarh","JASHPUR(DISTRICT COLLECTOR JASHPUR_IDA)","Construction Of Culvert, bridge","RADHE SHYAM RATHIYA","RAIGARH(ST)","Images","16-Jan-2026","999455"
"1432","Normal/Others","WS/MP18335/2024-2025/152916-Construction of roads, link roads, pathways or any other road with or without drainage system","Chhattisgarh","JASHPUR(DISTRICT COLLECTOR JASHPUR_IDA)","Road construction/upgradation work","RADHE SHYAM RATHIYA","RAIGARH(ST)","Images","16-Jan-2026","799968"
"1433","Normal/Others","WS/MP799/2024-2025/154650-Construction of roads, link roads, pathways or any other road with or without drainage system","Uttar Pradesh","Mahrajganj(DISTRICT MAGISTRAE MAHARAJGANJ_IDA)","Village Vishwanath pur padwaniya me shiv mandir se vinod dharikar ke ghar tak 90 meter CC Road","Pankaj Chowdhary","MAHARAJGANJ_UP","N/A","21-Jan-2026","921226"
"1434","Normal/Others","WS/MP18051/2024-2025/149149-Construction of roads, link roads, pathways or any other road with or without drainage system","Chhattisgarh","MAHASAMUND(DISTRICT COLLECTOR MAHASAMUND_IDA)","cc road chimarkel, basna","ROOP KUMARI CHOUDHARY","MAHASAMUND","Images","07-Oct-2025","499700"
"1435","Normal/Others","WS/MP858/2024-2025/135387-Street lights","West Bengal","BIRBHUM(DISTRICT MAGISTRATE BIRBHUM_IDA)","Installation of 3 no of high mast street light at SASTINAGAR BUS STOP,THIBA GP OFFICE,CM-II GP OFFICE Excuting Agency will be E O LABHPUR PANCHYET SAMITY","Asit Kumar Mal","BOLPUR(SC)","Images","24-Jul-2026","1315668"
"1436","Normal/Others","WS/MP858/2024-2025/135386-Street lights","West Bengal","BIRBHUM(DISTRICT MAGISTRATE BIRBHUM_IDA)","installation 4 NO of high mast light at ROAD SIDE OF  S N COLLEGE , Dwarka GP OFFICE , Sawgram melatola and KURUNAHAR MARKET .Excuting Agency will be E O LABHPUR PANCHYET SAMITY","Asit Kumar Mal","BOLPUR(SC)","Images","22-Jul-2026","1754225"
"1437","Normal/Others","WS/MP858/2024-2025/135760-Street lights","West Bengal","BIRBHUM(DISTRICT MAGISTRATE BIRBHUM_IDA)","INSTALLATION OF HIGH MAST STREET LIGHT AT JAMNA MAEKET ROAD SIDE,UNDER LABHPUR BLOCK, EXCUTING AGENCY WILL BE EO LABHPUR PANCHYAT SAMITY.","Asit Kumar Mal","BOLPUR(SC)","Images","23-Jul-2026","438556"
"1438","Normal/Others","WS/MP18336/2024-2025/147603-Construction of community centers and community halls","Chhattisgarh","RAIPUR(DISTRICT COLLECTOR RAIPUR_IDA)","SHED NIRMAN- GRAM PANCHAYAT KANDUL AGANBADI BHAWAN KE PAS SAMUDAYIK BHAWAN ME SHED NIRMAN","BRIJMOHAN AGRAWAL","RAIPUR","Images","10-Nov-2025","998338"
"1439","Normal/Others","WS/MP18117/2024-2025/142021-Purchase of smart boards, visual display units and projectors","Maharashtra","DHULE(DISTRICT COLLECTOR DHULE_IDA)","Supply interactive board , computer , vc camera (for two class room)  at   shri kapileshwar madhymik vidhyalay mudavad tal shindkheda","BACHHAV SHOBHA DINESH","DHULE","Images","19-Dec-2024","1000000"
"1440","Normal/Others","WS/MP429/2024-2025/140542-Construction of common work sheds/ common covered sitting area","Chhattisgarh","Gaurela-Pendra-Marwahi(Collector GPM_IDA)","Sarvajanik Manch construction at Village Kodwahi , Gram Panchayat - Latkoni Khurd, Vikas Khand - Marwahi","Jyotsna Charandas Mahant","KORBA","Images","18-Aug-2025","199995"
"1441","Normal/Others","WS/MP18006/2024-2025/136188-Construction of boundary walls of existing public and community buildings","Andhra Pradesh","CHITTOOR(DISTRICT COLLECTOR CHITTOOR_IDA)","Construction of Anganwadi compound wall Mangunta Village & GP of SR Puram Mandal of GD Nelloore Constituency.","DAGGUMALLA PRASADA RAO","CHITTOOR","Images","19-Dec-2024","488448"
"1442","Normal/Others","WS/MP429/2024-2025/140537-Construction of common work sheds/ common covered sitting area","Chhattisgarh","Gaurela-Pendra-Marwahi(Collector GPM_IDA)","Sarvajanik Manch construction at Patharri Gram Panchayat - Patharri, Vikas Khand- Marwahi","Jyotsna Charandas Mahant","KORBA","Images","29-Oct-2025","199276"
"1443","Normal/Others","WS/MP386/2024-2025/145069-Street lights","Rajasthan","NAGAUR(DISTRICT COLLECTOR NAGAUR_IDA)","Solar Street high mask light in village-khorwa at khorwa circle","Shri Hanuman Beniwal","NAGAUR","Images","10-Aug-2026","99953"
"1444","Normal/Others","WS/MP478/2024-2025/149449-Construction of footpaths and pedestrian ways","Uttarakhand","AGRA(DISTRICT MAGISTRAE AGRA_IDA)","Gram Mutawai me Munni devi ke khet se Mahesh Sharam ke Ghar tak C.C mrag Nirman Karya, (Woorking Agency R E S Agra )","Mala Rajya Laxmi Shah","TEHRI GARHWAL","Images","23-Jan-2025","2498299"
"1445","Normal/Others","WS/MP478/2024-2025/149448-Construction of footpaths and pedestrian ways","Uttarakhand","AGRA(DISTRICT MAGISTRAE AGRA_IDA)","Gram Mutawai me Sanjeev Sharma ke makan se Bijasen ki or C.C Mrag nirman karay (Woorking Agency R E S Agra )","Mala Rajya Laxmi Shah","TEHRI GARHWAL","Images","23-Jan-2025","1098945"
"1446","Normal/Others","WS/MP478/2024-2025/149447-Construction of footpaths and pedestrian ways","Uttarakhand","AGRA(DISTRICT MAGISTRAE AGRA_IDA)","Gram Tas Pura me ranpura tas pura samprak mrag se mayaram ke tubwel ki or C.C mrag nirman karya (Woorking Agency R E S agra)","Mala Rajya Laxmi Shah","TEHRI GARHWAL","Images","23-Jan-2025","1399030"
"1447","Repair and Renovation","WS/MP313/2024-2025/149775-Providing supply pipelines for drinking water","Arunachal Pradesh","LOWER DIBANG VALLEY(Deputy Commisioner Lower Dibang Valley_IDA)","Maintenance of urban water supply under Roing township in Lower Dibang Valley District","Shri Tapir Gao","ARUNACHAL EAST","Images","20-Dec-2024","500000"
"1448","Normal/Others","WS/MP465/2024-2025/137493-Construction of roads, link roads, pathways or any other road with or without drainage system","Uttar Pradesh","UNNAO(DISTRICT MAGIISTRATE UNNAO_IDA)","??? ?? ??????? ?????? ??? ??? ???? ?????? ?? ?? ?? ???? ?? ?? ?? ???? ?????????? ?? ?? ?? ?????????? ?????","Swami Sachchidanandhari Sakshi ji Maharaj","UNNAO","Images","16-Jan-2026","1066257"
"1449","Normal/Others","WS/MP18019/2024-2025/137592-Installing tube-wells and borewells","Assam","KARBI ANGLONG(DEPUTY COMMISSIONER KARBI ANGLONG_IDA)","Construction of 3 Nos. Ringwell at Sar-et Senar village, @3.00 L x 3 Nos.","AMARSING TISSO","Diphu (ST)","N/A","22-Oct-2025","899821"
"1450","Normal/Others","WS/MP18051/2024-2025/153789-Construction of common work sheds/ common covered sitting area","Chhattisgarh","MAHASAMUND(DISTRICT COLLECTOR MAHASAMUND_IDA)","KARIGARON KE LIYE SAMANYA WORK SHED NIRMAN","ROOP KUMARI CHOUDHARY","MAHASAMUND","N/A","06-Oct-2025","1000000"
"1451","Normal/Others","WS/MP18051/2024-2025/153822-Construction of common work sheds/ common covered sitting area","Chhattisgarh","MAHASAMUND(DISTRICT COLLECTOR MAHASAMUND_IDA)","KARIGARON KE LIYE WORK SHED NIRMAN","ROOP KUMARI CHOUDHARY","MAHASAMUND","N/A","06-Oct-2025","1000000"
"1452","Normal/Others","WS/MP18253/2024-2025/141449-Installing tube-wells and borewells","West Bengal","South 24 Parganas(DISTRICT MAGISTRATE SOUTH TWENTY FOUR PARGANAS_IDA)","Sinking of tubewell at Kalinagar near Kalyan Bhunia house.Dag No-881/883,JL No-10","BAPI HALDAR","MATHURAPUR(SC)","N/A","22-Jan-2025","218137"
"1453","Normal/Others","WS/MP18253/2024-2025/141444-Installing tube-wells and borewells","West Bengal","South 24 Parganas(DISTRICT MAGISTRATE SOUTH TWENTY FOUR PARGANAS_IDA)","Sinking of tubewell at Bamanagar near Akshay Das house.Dag No-517,JL No-35","BAPI HALDAR","MATHURAPUR(SC)","N/A","21-Jan-2025","221673"
"1454","Normal/Others","WS/MP18309/2024-2025/153441-Construction of boundary walls of existing public and community buildings","Meghalaya","NORTH GARO HILLS(DEPUTY COMMISSIONER NORTH GARO HILLS RESUBELPARA_IDA)","Construction of retaining wall around fishery pond at Omalpur, Bajengdoba","SALENG A SANGMA","TURA","N/A","25-Aug-2025","200000"
"1455","Normal/Others","WS/MP18173/2024-2025/137920-Construction of roads, link roads, pathways or any other road with or without drainage system","Tamil Nadu","TIRUVANNAMALAI(DISTRICT COLLECTOR TIRUVANNAMALAI_IDA)","Providing Cement Concrete Pavement at Kunjanthangal Pillaiyar Koil Street at 5-Puthur Panchayat","THARANIVENTHAN M S","ARANI","N/A","02-Apr-2026","299880"
"1456","Normal/Others","WS/MP18309/2024-2025/153437-Development of playground","Meghalaya","NORTH GARO HILLS(DEPUTY COMMISSIONER NORTH GARO HILLS RESUBELPARA_IDA)","Improvement of Playground at Omalpur (earth work)","SALENG A SANGMA","TURA","N/A","25-Aug-2025","150000"
"1457","Normal/Others","WS/MP18336/2024-2025/147583-Construction of boundary walls of existing public and community buildings","Chhattisgarh","RAIPUR(DISTRICT COLLECTOR RAIPUR_IDA)","AAHTA NIRMAN- GRAM PANCHAYAT DEORI KE PDS BHAWAN ME AAHTA NIRMAN","BRIJMOHAN AGRAWAL","RAIPUR","Images","09-Jun-2025","500000"
"1458","Normal/Others","WS/MP643/2024-2025/146601-Improvement of electricity distribution infrastructure","Madhya Pradesh","BURHANPUR(District Collector Burhanpur_IDA)","vidhyut transformer and vidhyut line karya","Gyaneshwar Patil","KHANDWA","Images","23-Dec-2024","262545"
"1459","Normal/Others","WS/MP643/2024-2025/146602-Construction of common work sheds/ common covered sitting area","Madhya Pradesh","BURHANPUR(District Collector Burhanpur_IDA)","chabutra shed nirman asir","Gyaneshwar Patil","KHANDWA","Images","20-Dec-2024","249268"
"1460","Normal/Others","WS/MP18051/2024-2025/151167-Construction of roads, link roads, pathways or any other road with or without drainage system","Chhattisgarh","MAHASAMUND(DISTRICT COLLECTOR MAHASAMUND_IDA)","C.C.ROAD NIRMAN KARYA, BHURKONI","ROOP KUMARI CHOUDHARY","MAHASAMUND","N/A","30-Jan-2026","499179"
"1461","Normal/Others","WS/MP641/2024-2025/147436-Construction of community centers and community halls","Madhya Pradesh","Khargone (West Nimar)(DISTRICT COLLECTOR KHARGONE_IDA)","Construction of community hall in village Piprata at Kushwaha Mohalla","Gajendra Singh Patel","KHARGONE(ST)","N/A","21-Jan-2026","1000000"
"1462","Repair and Renovation","WS/MP18370/2024-2025/156081-Construction of roads, link roads, pathways or any other road with or without drainage system","Manipur","CHURACHANDPUR(Deputy Commissioner Churachandpur MPLADS_ida)","Construction of Inter village road from  S Molhoi Village to Bisanmual village","ALFRED KANNGAM S ARTHUR","OUTER MANIPUR(ST)","N/A","16-Oct-2025","1879510"
"1463","Normal/Others","WS/MP313/2024-2025/138705-Construction of common work sheds/ common covered sitting area","Arunachal Pradesh","LONGDING(Deputy Commisioner Longding_IDA)","C/o Market Shed at Wakka SDO HQ in Longding District","Shri Tapir Gao","ARUNACHAL EAST","N/A","21-Dec-2024","1000000"
"1464","Normal/Others","WS/MP313/2024-2025/138757-Construction of boundary walls of existing public and community buildings","Arunachal Pradesh","LONGDING(Deputy Commisioner Longding_IDA)","C/o Protection wall at Nginu Village under Longchan Circle in Longding District","Shri Tapir Gao","ARUNACHAL EAST","N/A","21-Dec-2024","1000000"
"1465","Normal/Others","WS/MP18144/2024-2025/141585-Construction of roads, link roads, pathways or any other road with or without drainage system","Odisha","KALAHANDI(DISTRICT COLLECTOR KALAHANDI_IDA)","Construction of WMM Road at Hill town, Lan No-9","MALVIKA DEVI","KALAHANDI","N/A","13-Nov-2025","800000"
"1466","Normal/Others","WS/MP18051/2024-2025/155910-Construction of roads, link roads, pathways or any other road with or without drainage system","Chhattisgarh","GARIYABAND(Collectro Gariaband_IDA)","C.C. ROAD NIRMAN KARYA","ROOP KUMARI CHOUDHARY","MAHASAMUND","N/A","03-Sep-2025","400000"
"1467","Repair and Renovation","WS/MP013/2024-2025/137612-Construction of flood control embankments/ protection walls along riverbanks, hilltops, roadsides","Sikkim","Gangtok(DISTRICT COLLECTOR EAST DISTRICT_IDA)","restoration of protective work at  Rumtek Arigaon under Kagyud ward","Indra Hang Subba","SIKKIM","Images","21-Dec-2024","1499525"
"1468","Normal/Others","WS/MP18108/2024-2025/151892-Construction of roads, link roads, pathways or any other road with or without drainage system","Madhya Pradesh","SAGAR(DISTRICT COLLECTOR SAGAR_IDA)","Gram Panchayat Kanera Nikhar Me Main Road Se High School Ki Our C.C. Road Nirman Karya Hetu.","DR. LATA WANKHEDE","SAGAR","Images","23-Oct-2025","500000"
"1469","Normal/Others","WS/MP18108/2024-2025/151836-Construction of roads, link roads, pathways or any other road with or without drainage system","Madhya Pradesh","SAGAR(DISTRICT COLLECTOR SAGAR_IDA)","Gram Panchayat Bansiya Ke Gram Bersla Me Main Road Se Narmada Kurmi Ke Ghar Ki Our C.C. Road Karya Hetu","DR. LATA WANKHEDE","SAGAR","Images","29-Oct-2025","750000"
"1470","Normal/Others","WS/MP508/2024-2025/134677-Street lights","Tamil Nadu","TIRUVANNAMALAI(DISTRICT COLLECTOR TIRUVANNAMALAI_IDA)","Providing High mast light at Melkaripur Panchayat at Thandarampet Block","CN Annadurai","TIRUVANNAMALAI","Images","30-Mar-2026","435000"
"1471","Normal/Others","WS/MP18370/2024-2025/156082-Construction of roads, link roads, pathways or any other road with or without drainage system","Manipur","CHURACHANDPUR(Deputy Commissioner Churachandpur MPLADS_ida)","Construction of inter village road from- Sangaikot village to G Songgel","ALFRED KANNGAM S ARTHUR","OUTER MANIPUR(ST)","N/A","16-Oct-2025","1879511"
"1472","Normal/Others","WS/MP18370/2024-2025/156085-Development of playground","Manipur","CHURACHANDPUR(Deputy Commissioner Churachandpur MPLADS_ida)","Construction of playground at  S Mongjang/Koite Village","ALFRED KANNGAM S ARTHUR","OUTER MANIPUR(ST)","N/A","16-Oct-2025","1879510"
"1473","Normal/Others","WS/MP18370/2024-2025/156086-Development of playground","Manipur","CHURACHANDPUR(Deputy Commissioner Churachandpur MPLADS_ida)","Construction of Mini Playground and retaining wall","ALFRED KANNGAM S ARTHUR","OUTER MANIPUR(ST)","N/A","16-Oct-2025","1879510"
"1474","Normal/Others","WS/MP18370/2024-2025/156088-Construction of roads, link roads, pathways or any other road with or without drainage system","Manipur","CHURACHANDPUR(Deputy Commissioner Churachandpur MPLADS_ida)","Shingling works of internal roads at  M Songgel Village","ALFRED KANNGAM S ARTHUR","OUTER MANIPUR(ST)","N/A","16-Oct-2025","1879510"
"1475","Repair and Renovation","WS/MP18370/2024-2025/156091-Construction of buildings for sports facilities","Manipur","CHURACHANDPUR(Deputy Commissioner Churachandpur MPLADS_ida)","Renovation of badminton court at Peace ground mini sports complex- Tuibong","ALFRED KANNGAM S ARTHUR","OUTER MANIPUR(ST)","N/A","16-Oct-2025","1879510"
"1476","Normal/Others","WS/MP18370/2024-2025/156094-Development of playground","Manipur","CHURACHANDPUR(Deputy Commissioner Churachandpur MPLADS_ida)","Construction of playground at Teiseng Village.","ALFRED KANNGAM S ARTHUR","OUTER MANIPUR(ST)","N/A","16-Oct-2025","1879510"
"1477","Normal/Others","WS/MP18370/2024-2025/156095-Creation of new ponds","Manipur","CHURACHANDPUR(Deputy Commissioner Churachandpur MPLADS_ida)","Construction of Two community ponds at Saikul Village","ALFRED KANNGAM S ARTHUR","OUTER MANIPUR(ST)","N/A","16-Oct-2025","1978431"
"1478","Normal/Others","WS/MP18370/2024-2025/156097-Construction of roads, link roads, pathways or any other road with or without drainage system","Manipur","CHURACHANDPUR(Deputy Commissioner Churachandpur MPLADS_ida)","Shingling works within Thingkangphai Village","ALFRED KANNGAM S ARTHUR","OUTER MANIPUR(ST)","N/A","16-Oct-2025","1978431"
"1479","Normal/Others","WS/MP18370/2024-2025/156098-Construction of roads, link roads, pathways or any other road with or without drainage system","Manipur","CHURACHANDPUR(Deputy Commissioner Churachandpur MPLADS_ida)","Shingling works from Songpi Kholui to Mission Compound","ALFRED KANNGAM S ARTHUR","OUTER MANIPUR(ST)","N/A","16-Oct-2025","1879510"
"1480","Normal/Others","WS/MP18370/2024-2025/156102-Construction of boundary walls of existing public and community buildings","Manipur","CHURACHANDPUR(Deputy Commissioner Churachandpur MPLADS_ida)","Construction of Retaining wall at Deputy Commissioners Residence at Tuibong","ALFRED KANNGAM S ARTHUR","OUTER MANIPUR(ST)","N/A","16-Oct-2025","1879510"
"1481","Normal/Others","WS/MP18370/2024-2025/156104-Construction of public toilets and bathrooms","Manipur","CHURACHANDPUR(Deputy Commissioner Churachandpur MPLADS_ida)","Construction of Public Toilet with water storage at District Training Centre at  M Songgel","ALFRED KANNGAM S ARTHUR","OUTER MANIPUR(ST)","N/A","16-Oct-2025","1879510"
"1482","Normal/Others","WS/MP386/2024-2025/145066-Street lights","Rajasthan","NAGAUR(DISTRICT COLLECTOR NAGAUR_IDA)","High mask light Near Govt UPS ,BENIWALO ki dhani,Village- Madhaniyo ki dhani,GP- Pipliya","Shri Hanuman Beniwal","NAGAUR","N/A","21-Dec-2024","59988"
"1483","Normal/Others","WS/MP18224/2024-2025/141400-Lighting of public spaces","Uttar Pradesh","KANPUR NAGAR(DISTRICT MAGISTRAE KANPUR NAGAR_IDA)","Installation of 26 semi high mast light at 9.5 meter poll (4x200watt) at different places in Kanpur Nagar according to  letter attached.","RAMESH AWASTHI","KANPUR","Images","12-Sep-2025","3831541"
"1484","Normal/Others","WS/MP508/2024-2025/134684-Street lights","Tamil Nadu","TIRUVANNAMALAI(DISTRICT COLLECTOR TIRUVANNAMALAI_IDA)","Providing High mast light at Devanampattu Panchayat at Thurinjapuram Block","CN Annadurai","TIRUVANNAMALAI","N/A","23-Dec-2024","435000"
"1485","Normal/Others","WS/MP18051/2024-2025/149175-Street lights","Chhattisgarh","MAHASAMUND(DISTRICT COLLECTOR MAHASAMUND_IDA)","high mask light at ghodadhar nursary pujaripali","ROOP KUMARI CHOUDHARY","MAHASAMUND","Images","06-Jun-2025","499261"
"1486","Normal/Others","WS/MP386/2024-2025/142450-Construction of rooms and halls in school and colleges","Rajasthan","NAGAUR(DISTRICT COLLECTOR NAGAUR_IDA)","Repairing of four walls and Construction of Main Gate in Govt UPS Bamniyawala","Shri Hanuman Beniwal","NAGAUR","Images","20-Mar-2026","200000"
"1487","Normal/Others","WS/MP799/2024-2025/154633-Construction of roads, link roads, pathways or any other road with or without drainage system","Uttar Pradesh","Mahrajganj(DISTRICT MAGISTRAE MAHARAJGANJ_IDA)","Village Chakdah Tola Belbhar me sohrat ke ghar se roshan ke ghar tak 200 meter CC Road","Pankaj Chowdhary","MAHARAJGANJ_UP","Images","18-Jul-2025","2306546"
"1488","Normal/Others","WS/MP549/2024-2025/142141-Installation of multi-gym equipment","Bihar","BHAGALPUR(DISTRICT PLANNING OFFICER BHAGALPUR_IDA)","High School Ganganiya","Giridhari Yadav","BANKA","Images","18-Jan-2025","1995127"
"1489","Normal/Others","WS/MP465/2024-2025/137496-Construction of roads, link roads, pathways or any other road with or without drainage system","Uttar Pradesh","UNNAO(DISTRICT MAGIISTRATE UNNAO_IDA)","?????? ??? ?? ??????? ?????????? ??? ????????? ???? ?? ??? ??? ???? ? ?????????? ?????","Swami Sachchidanandhari Sakshi ji Maharaj","UNNAO","Images","16-Jan-2026","848185"
"1490","Normal/Others","WS/MP549/2024-2025/142145-Installation of multi-gym equipment","Bihar","BHAGALPUR(DISTRICT PLANNING OFFICER BHAGALPUR_IDA)","Uchh Madhyamik vidhyalay Pan","Giridhari Yadav","BANKA","Images","18-Jan-2025","1995127"
"1491","Normal/Others","WS/MP549/2024-2025/142144-Installation of multi-gym equipment","Bihar","BHAGALPUR(DISTRICT PLANNING OFFICER BHAGALPUR_IDA)","Uchh Madhyamik vidhyalay Dudhela","Giridhari Yadav","BANKA","Images","18-Jan-2025","1995127"
"1492","Normal/Others","WS/MP549/2024-2025/142142-Installation of multi-gym equipment","Bihar","BHAGALPUR(DISTRICT PLANNING OFFICER BHAGALPUR_IDA)","Uchh Madhyamik vidhyalay Asiyachak","Giridhari Yadav","BANKA","Images","18-Jan-2025","1995127"
"1493","Normal/Others","WS/MP549/2024-2025/142146-Installation of multi-gym equipment","Bihar","BHAGALPUR(DISTRICT PLANNING OFFICER BHAGALPUR_IDA)","Uchh Madhyamik vidhyalay Krishnanad","Giridhari Yadav","BANKA","Images","18-Jan-2025","1995127"
"1494","Normal/Others","WS/MP799/2024-2025/154635-Construction of roads, link roads, pathways or any other road with or without drainage system","Uttar Pradesh","Mahrajganj(DISTRICT MAGISTRAE MAHARAJGANJ_IDA)","Village madhubani kurmi tola subhas chaudhary ke ghar ke aage tak 200 meter CC Road","Pankaj Chowdhary","MAHARAJGANJ_UP","Images","18-Jul-2025","2453928"
"1495","Normal/Others","WS/MP18051/2024-2025/149996-Construction of buildings for community cultural activities","Chhattisgarh","MAHASAMUND(DISTRICT COLLECTOR MAHASAMUND_IDA)","RANG MANCH NIRMAN KARY, DHANK","ROOP KUMARI CHOUDHARY","MAHASAMUND","Images","03-Dec-2025","248680"
"1496","Normal/Others","WS/MP18019/2024-2025/137729-Construction of boundary walls of existing public and community buildings","Assam","KARBI ANGLONG(DEPUTY COMMISSIONER KARBI ANGLONG_IDA)","Construction of boundary wall with fencing at Langbungdingpi Graveyard","AMARSING TISSO","Diphu (ST)","N/A","22-Oct-2025","999347"
"1497","Normal/Others","WS/MP429/2024-2025/156840-Construction of common work sheds/ common covered sitting area","Chhattisgarh","KORBA(Collector-Korba)","Shed construction at Bastipara in Gram Panchayat - Rangole, Vikas Khand - Pali","Jyotsna Charandas Mahant","KORBA","Images","07-Aug-2026","400000"
"1498","Normal/Others","WS/MP18108/2024-2025/150382-Construction of additional rooms and halls in the existing public and community building","Madhya Pradesh","SAGAR(DISTRICT COLLECTOR SAGAR_IDA)","1. Sarsvati Shishu Mandir Higher Secondary School Motinagar Sagar Zila Sagar me Additional  Room Nirman Karya Hetu","DR. LATA WANKHEDE","SAGAR","N/A","22-Oct-2025","1500000"
"1499","Normal/Others","WS/MP799/2024-2025/154643-Construction of roads, link roads, pathways or any other road with or without drainage system","Uttar Pradesh","Mahrajganj(DISTRICT MAGISTRAE MAHARAJGANJ_IDA)","Village Mishrauliya me PWD Road se motichand gaow tak 200 meter CC Road","Pankaj Chowdhary","MAHARAJGANJ_UP","N/A","21-Jan-2026","2307018"
"1500","Normal/Others","WS/MP799/2024-2025/154632-Construction of culverts and bridges","Uttar Pradesh","Mahrajganj(DISTRICT MAGISTRAE MAHARAJGANJ_IDA)","Village Gerahva me Virendra Gupta ke Khet ke pass 1X4 meter span ki Rcc Puliya ka nirman","Pankaj Chowdhary","MAHARAJGANJ_UP","Images","18-Jul-2025","2319998"
"1501","Normal/Others","WS/MP429/2024-2025/140535-Construction of common work sheds/ common covered sitting area","Chhattisgarh","Gaurela-Pendra-Marwahi(Collector GPM_IDA)","Sarvajanik Manch construction at Chaura Mohalla in Gram Panchayat - Dharhar, Vikas Khand- Marwahi","Jyotsna Charandas Mahant","KORBA","Images","19-Mar-2026","199536"
"1502","Normal/Others","WS/MP18161/2024-2025/138079-Construction of community centers and community halls","Rajasthan","BHARATPUR(DISTRICT COLLECTOR BHARATPUR_IDA)","Ambedkar bhavan ki chardiwari Nirman karya kareeli work agency GP kareeli","SANJNA JATAV","BHARATPUR(SC)","Images","16-Aug-2026","399748"
"1503","Normal/Others","WS/MP370/2024-2025/145446-Construction of community centers and community halls","Odisha","Sundaragada(DISTRICT COLLECTOR SUNDARGARH_IDA)","Completion of CC Building at Bailama","Shri Jual Oram","SUNDARGARH (ST)","Images","23-Dec-2024","500000"
"1504","Normal/Others","WS/MP18335/2024-2025/152914-Construction of culverts and bridges","Chhattisgarh","JASHPUR(DISTRICT COLLECTOR JASHPUR_IDA)","Construction Of Culvert, bridge","RADHE SHYAM RATHIYA","RAIGARH(ST)","Images","25-Jan-2025","1399997"
"1505","Normal/Others","WS/MP18019/2024-2025/137520-Construction of community centers and community halls","Assam","KARBI ANGLONG(DEPUTY COMMISSIONER KARBI ANGLONG_IDA)","Construction of Auditorium Hall cum Guest House at Phonglangso Lumding Road, near Arboretum (total @ Rs. 1.26 cr) 1st Installment Rs. 30.00 L","AMARSING TISSO","Diphu (ST)","N/A","23-Dec-2024","3000000"
"1506","Normal/Others","WS/MP18019/2024-2025/137730-Construction of boundary walls of existing public and community buildings","Assam","KARBI ANGLONG(DEPUTY COMMISSIONER KARBI ANGLONG_IDA)","Construction of Sanitary Latrine and boundary wall with GCI sheet near DC Bungalow, Diphu","AMARSING TISSO","Diphu (ST)","N/A","23-Dec-2024","1983350"
"1507","Repair and Renovation","WS/MP18019/2024-2025/137596-Construction of community centers and community halls","Assam","KARBI ANGLONG(DEPUTY COMMISSIONER KARBI ANGLONG_IDA)","Improvement of open stage at Govt. Boys Higher Secondary playground, Diphu","AMARSING TISSO","Diphu (ST)","N/A","23-Dec-2024","499190"
"1508","Normal/Others","WS/MP508/2024-2025/134680-Street lights","Tamil Nadu","TIRUVANNAMALAI(DISTRICT COLLECTOR TIRUVANNAMALAI_IDA)","Providing High mast light at Sathanoor Panchayat at Thandarampet Block","CN Annadurai","TIRUVANNAMALAI","Images","30-Mar-2026","435000"
"1509","Normal/Others","WS/MP18100/2024-2025/151652-Construction of common work sheds/ common covered sitting area","Madhya Pradesh","CHHINDWARA(DISTRICT COLLECTOR CHHINDWARA_IDA)","GP ke Bhainsadund Addl. Construction work","BUNTY VIVEK SAHU","CHHINDWARA","N/A","30-Jan-2026","150000"
"1510","Normal/Others","WS/MP18100/2024-2025/151651-Construction of common work sheds/ common covered sitting area","Madhya Pradesh","CHHINDWARA(DISTRICT COLLECTOR CHHINDWARA_IDA)","GP Gondra Ke Samarboh Main KalaMunch Main Teen shed Nirman","BUNTY VIVEK SAHU","CHHINDWARA","N/A","30-Jan-2026","150000"
"1511","Normal/Others","WS/MP18101/2024-2025/148967-Purchase of mobile water tankers","Madhya Pradesh","DAMOH(DISTRICT COLLECTOR DAMOH_IDA)","GRAM PANCHAYAT SOJNA ME PANI KE RENKAR KI KHARID","RAHUL SINGH LODHI","DAMOH","Images","23-Dec-2024","198724"
"1512","Normal/Others","WS/MP18101/2024-2025/148977-Purchase of mobile water tankers","Madhya Pradesh","DAMOH(DISTRICT COLLECTOR DAMOH_IDA)","GRAM PANCHYAT GADAGHAT ME PANI KE TENKAR KI KHARID","RAHUL SINGH LODHI","DAMOH","Images","23-Dec-2024","198724"
"1513","Normal/Others","WS/MP18101/2024-2025/148978-Purchase of mobile water tankers","Madhya Pradesh","DAMOH(DISTRICT COLLECTOR DAMOH_IDA)","GRAM PANCHYAT BALEH ME PANI KE TENKAR KI KHAREED","RAHUL SINGH LODHI","DAMOH","Images","23-Dec-2024","198724"
"1514","Normal/Others","WS/MP18101/2024-2025/148982-Purchase of mobile water tankers","Madhya Pradesh","DAMOH(DISTRICT COLLECTOR DAMOH_IDA)","GRAM PANCHYAT GHOGHARA ME PANI KE TENKAR KI KHAREED","RAHUL SINGH LODHI","DAMOH","Images","23-Dec-2024","198724"
"1515","Normal/Others","WS/MP18101/2024-2025/148985-Purchase of mobile water tankers","Madhya Pradesh","DAMOH(DISTRICT COLLECTOR DAMOH_IDA)","GRAM PANCHAYT GUNJI ME PANI KE TENKAR KI KHAREED","RAHUL SINGH LODHI","DAMOH","Images","23-Dec-2024","198724"
"1516","Normal/Others","WS/MP18152/2024-2025/150604-Construction of roads, link roads, pathways or any other road with or without drainage system","Punjab","MOGA(Deputy Commissioner Moga)","Laying of interlock tiles in Govt HIGH school Mander","SARABJEET SINGH KHALSA","FARIDKOT(SC)","Images","19-Mar-2025","200000"
"1517","Normal/Others","WS/MP18335/2024-2025/152913-Construction of flood control embankments/ protection walls along riverbanks, hilltops, roadsides","Chhattisgarh","JASHPUR(DISTRICT COLLECTOR JASHPUR_IDA)","Guardwall Construction work","RADHE SHYAM RATHIYA","RAIGARH(ST)","Images","18-Jul-2025","999922"
"1518","Normal/Others","WS/MP313/2024-2025/138780-Construction of roads, link roads, pathways or any other road with or without drainage system","Arunachal Pradesh","NAMSAI(Deputy Commisioner Namsai_IDA)","C/o Link road from Mabira Village to Agriculture field at Chongkham in Namsai District","Shri Tapir Gao","ARUNACHAL EAST","Images","26-Dec-2024","1999680"
"1519","Normal/Others","WS/MP013/2024-2025/143926-Construction of flood control embankments/ protection walls along riverbanks, hilltops, roadsides","Sikkim","Mangan(DISTRICT COLLECTOR MANGAN_IDA)","Construction of protective wall at Sharchock under Lachung Dzomsa","Indra Hang Subba","SIKKIM","Images","22-Apr-2025","3450507"
"1520","Normal/Others","WS/MP18101/2024-2025/153236-Construction of boundary walls of existing public and community buildings","Madhya Pradesh","SAGAR(DISTRICT COLLECTOR SAGAR_IDA)","GRAM PANCHAYAT RENWJHA ME SAMUDAYK BHAVN NIRMAN KARY","RAHUL SINGH LODHI","DAMOH","Images","02-Mar-2026","1000000"
"1521","Normal/Others","WS/MP013/2024-2025/137611-Construction of flood control embankments/ protection walls along riverbanks, hilltops, roadsides","Sikkim","Gangtok(DISTRICT COLLECTOR EAST DISTRICT_IDA)","Anti erosion work at Kayathang rumtek under Kayathang Rumtek","Indra Hang Subba","SIKKIM","N/A","24-Jan-2025","1499841"
"1522","Normal/Others","WS/MP013/2024-2025/141729-Construction of boundary walls of existing public and community buildings","Sikkim","Gangtok(DISTRICT COLLECTOR EAST DISTRICT_IDA)","Boundary and protection railing at Sichey near SBS traffic point","Indra Hang Subba","SIKKIM","N/A","24-Jan-2025","999391"
"1523","Normal/Others","WS/MP18051/2024-2025/155921-Construction of roads, link roads, pathways or any other road with or without drainage system","Chhattisgarh","GARIYABAND(Collectro Gariaband_IDA)","GRAM BAKLI ME BALLU SAHU GHAR SE SANJAY SAHU GHAR TAK C.C. ROAD NIRMAN KARYA","ROOP KUMARI CHOUDHARY","MAHASAMUND","N/A","18-Aug-2025","250000"
"1524","Normal/Others","WS/MP719/2024-2025/142649-Construction of community centers and community halls","Rajasthan","Kekri(DISTRICT COLLECTOR Kekri_IDA)","Construction of Open Community hall at tejaji's place in Barol village.","Bhagirath Chaudhary","AJMER","Images","17-Jan-2025","999818"
"1525","Normal/Others","WS/MP18021/2024-2025/143221-Construction of boundary walls of existing public and community buildings","Assam","BONGAIGAON(Deputy Commissioner Bongaigaon_IDA)","Construction of Boundary Wall of Balarchar Matraghola High School","RAKIBUL HUSSAIN","DHUBRI","Images","03-Dec-2025","500000"
"1526","Normal/Others","WS/MP18051/2024-2025/155923-Construction of roads, link roads, pathways or any other road with or without drainage system","Chhattisgarh","GARIYABAND(Collectro Gariaband_IDA)","GRAM BAKLI ME RAMESH SAHU GHAR SE SHYAMU YADAV GHAR TAK C.C. ROAD NIRMAN KARYA","ROOP KUMARI CHOUDHARY","MAHASAMUND","N/A","18-Aug-2025","250000"
"1527","Normal/Others","WS/MP18006/2024-2025/136202-Renovation of ponds and lakes","Andhra Pradesh","CHITTOOR(DISTRICT COLLECTOR CHITTOOR_IDA)","Upgradation of Existing CC Road from Penumuru-Nendragunta Road to Challampalem Road at Thalaripallie HW of Ramakrishnapuram GP in Penumuru Mandal of GD Nelloore Constituency.","DAGGUMALLA PRASADA RAO","CHITTOOR","Images","24-Dec-2024","492873"
"1528","Normal/Others","WS/MP18006/2024-2025/136203-Renovation of ponds and lakes","Andhra Pradesh","CHITTOOR(DISTRICT COLLECTOR CHITTOOR_IDA)","Upgradation of Existing CC road from Challampalem Road to Thalaripalli HW of Ramakrishnapuram GP in Penumuru Mandal of GD Nelloore  Constituency.","DAGGUMALLA PRASADA RAO","CHITTOOR","Images","24-Dec-2024","498687"
"1529","Normal/Others","WS/MP465/2024-2025/137490-Construction of roads, link roads, pathways or any other road with or without drainage system","Uttar Pradesh","UNNAO(DISTRICT MAGIISTRATE UNNAO_IDA)","????? ??? ????????? ??? ????? ???? ????? ????? ????? ?? ????????? ???? ?? ?????????? ?????","Swami Sachchidanandhari Sakshi ji Maharaj","UNNAO","Images","27-Aug-2025","1169654"
"1530","Normal/Others","WS/MP013/2024-2025/141726-Construction of flood control embankments/ protection walls along riverbanks, hilltops, roadsides","Sikkim","Gangtok(DISTRICT COLLECTOR EAST DISTRICT_IDA)","Protective wall near PMGSY road at Upper Luing","Indra Hang Subba","SIKKIM","N/A","20-Jan-2025","1999843"
"1531","Normal/Others","WS/MP18335/2024-2025/152924-Construction of community centers and community halls","Chhattisgarh","Sarangarh-Bilaigarh(Collector SB_IDA)","Construction Of Community Building","RADHE SHYAM RATHIYA","RAIGARH(ST)","Images","06-Jun-2025","898971"
"1532","Normal/Others","WS/MP465/2024-2025/137489-Construction of roads, link roads, pathways or any other road with or without drainage system","Uttar Pradesh","UNNAO(DISTRICT MAGIISTRATE UNNAO_IDA)","????? ??? ????????? ?????? ??? ????? ?????? ??????? ???? ??? ????? ???? ?? ???????? ????? ?? ?????????? ?????","Swami Sachchidanandhari Sakshi ji Maharaj","UNNAO","Images","16-Jan-2026","2145797"
"1533","Normal/Others","WS/MP465/2024-2025/137491-Construction of roads, link roads, pathways or any other road with or without drainage system","Uttar Pradesh","UNNAO(DISTRICT MAGIISTRATE UNNAO_IDA)","????? ??? ??????? ?? ????? ?????? ?????? ??? ??? ???? ?? ????????? ?? ?? ?? ?????????? ?????","Swami Sachchidanandhari Sakshi ji Maharaj","UNNAO","Images","27-Aug-2025","1302091"
"1534","Normal/Others","WS/MP465/2024-2025/137488-Construction of roads, link roads, pathways or any other road with or without drainage system","Uttar Pradesh","UNNAO(DISTRICT MAGIISTRATE UNNAO_IDA)","????? ??? ????????? ??? ??? ????? ?????? ???? ????? ?? ???? ????????? ??? ???? ??? ?? ???????? ?? ?? ?? ?????????? ?????","Swami Sachchidanandhari Sakshi ji Maharaj","UNNAO","Images","27-Aug-2025","1097375"
"1535","Normal/Others","WS/MP18051/2024-2025/155912-Construction of roads, link roads, pathways or any other road with or without drainage system","Chhattisgarh","GARIYABAND(Collectro Gariaband_IDA)","MUKTIDHAM PAHUCH MARG PAR C.C. ROAD NIRMAN KARYA","ROOP KUMARI CHOUDHARY","MAHASAMUND","N/A","07-Jul-2025","400000"
"1536","Normal/Others","WS/MP859/2024-2025/145781-Construction of roads, link roads, pathways or any other road with or without drainage system","West Bengal","HOOGHLY(DISTRICT MAGISTRATE HOOGHLY_IDA)","CONSTRUCTION OF CONCRETE ROAD FROM RAM PANDIT HOUSE TO KABARSTHAN VIA HOUSE OF SAJED AT NERA MADHABPUR   IN RADHANAGAR GRAM PANCHAYAT","Kalyan Banerjee","SREERAMPUR","Images","28-Mar-2025","338631"
"1537","Normal/Others","WS/MP18051/2024-2025/155917-Construction of roads, link roads, pathways or any other road with or without drainage system","Chhattisgarh","GARIYABAND(Collectro Gariaband_IDA)","C.C. ROAD NIRMAN KARYA","ROOP KUMARI CHOUDHARY","MAHASAMUND","Images","27-Mar-2026","400000"
"1538","Normal/Others","WS/MP859/2024-2025/145784-Construction of roads, link roads, pathways or any other road with or without drainage system","West Bengal","HOOGHLY(DISTRICT MAGISTRATE HOOGHLY_IDA)","CONSTRUCTION OF CONCRETE ROAD FROM KODALPUR SHIBTALA TO MAKALTALA SAMSAN AT MUNDALIKA GRAM PANCHAYAT","Kalyan Banerjee","SREERAMPUR","Images","15-Jan-2025","905516"
"1539","Normal/Others","WS/MP18051/2024-2025/155941-Construction of roads, link roads, pathways or any other road with or without drainage system","Chhattisgarh","GARIYABAND(Collectro Gariaband_IDA)","C.C. ROAD NIRMAN KARYA","ROOP KUMARI CHOUDHARY","MAHASAMUND","N/A","03-Sep-2025","300000"
"1540","Normal/Others","WS/MP428/2024-2025/160500-Construction of common work sheds/ common covered sitting area","Chhattisgarh","RAJNANDGAON(DISTRICT COLLECTOR RAJNANDGAON_IDA)","Samudayik Manch me shed nirman","Santosh Pandey","RAJNANDGAON","Images","01-Sep-2025","500000"
"1541","Normal/Others","WS/MP428/2024-2025/160501-Construction of roads, link roads, pathways or any other road with or without drainage system","Chhattisgarh","RAJNANDGAON(DISTRICT COLLECTOR RAJNANDGAON_IDA)","CC Road Nirman","Santosh Pandey","RAJNANDGAON","Images","12-Jun-2025","500000"
"1542","Normal/Others","WS/MP386/2024-2025/145071-Purchase of sports equipment","Rajasthan","NAGAUR(DISTRICT COLLECTOR NAGAUR_IDA)","PURCHASING OF SPORTS MATERILA (SOFT BALL ,Cricket and other ) IN  B.R. Mirdha Govt College Nagaur","Shri Hanuman Beniwal","NAGAUR","N/A","18-Mar-2025","149930"
"1543","Normal/Others","WS/MP18032/2024-2025/134041-Construction of roads, link roads, pathways or any other road with or without drainage system","Bihar","KAIMUR (BHABUA)(DISTRICT PLANNING OFFICER KAIMUR BHABUA_IDA)","Construction of new road from Village Main road to House of Harendra Rai","SUDHAKAR SINGH","BUXAR","N/A","27-Dec-2024","447000"
"1544","Normal/Others","WS/MP18032/2024-2025/134034-Development of public parks","Bihar","KAIMUR (BHABUA)(DISTRICT PLANNING OFFICER KAIMUR BHABUA_IDA)","Development of Mahuar Stadium by adding soil and drainage system for Park.","SUDHAKAR SINGH","BUXAR","N/A","27-Dec-2024","1491632"
"1545","Normal/Others","WS/MP18032/2024-2025/134026-Construction of roads, link roads, pathways or any other road with or without drainage system","Bihar","KAIMUR (BHABUA)(DISTRICT PLANNING OFFICER KAIMUR BHABUA_IDA)","Construction of new road from house of Atal Bind to Chandan Bind's house","SUDHAKAR SINGH","BUXAR","N/A","27-Dec-2024","495133"
"1546","Normal/Others","WS/MP18043/2024-2025/140453-Construction of roads, link roads, pathways or any other road with or without drainage system","Bihar","KAIMUR (BHABUA)(DISTRICT PLANNING OFFICER KAIMUR BHABUA_IDA)","Lurpurwa Vidyalaya se Shri Pritam Yadav ke ghar tak pcc nirman kary length 600 feet","MANOJ KUMAR","SASARAM(SC)","N/A","27-Dec-2024","891351"
"1547","Normal/Others","WS/MP418/2024-2025/147614-Setting up of laboratories","Bihar","ARARIA(DISTRICT PLANNING OFFICER ARARIA_IDA)","Purchase of  Equipment and furniture/accessories for setting up Laboratories as per enclosed list in following schools/institutions: 1 UCHCH MADHYAMIK VIDYALYA, BELWA","Pradeep Kumar Singh","ARARIA","N/A","03-Jul-2025","2475000"
"1548","Normal/Others","WS/MP18032/2024-2025/136948-Construction of boundary walls of existing public and community buildings","Bihar","KAIMUR (BHABUA)(DISTRICT PLANNING OFFICER KAIMUR BHABUA_IDA)","Construction of boundary of Urdu Primary School, Ramgarh","SUDHAKAR SINGH","BUXAR","N/A","27-Dec-2024","494868"
"1549","Normal/Others","WS/MP418/2024-2025/147615-Setting up of laboratories","Bihar","ARARIA(DISTRICT PLANNING OFFICER ARARIA_IDA)","Purchase of  Equipment and furniture/accessories for setting up Laboratories as per enclosed list in following schools/institutions: 1  AL-SHAMS MILLIA COLLEGE ARARIA","Pradeep Kumar Singh","ARARIA","N/A","03-Jul-2025","2475000"
"1550","Normal/Others","WS/MP418/2024-2025/148555-Setting up of laboratories","Bihar","ARARIA(DISTRICT PLANNING OFFICER ARARIA_IDA)","Purchase of  Equipment and furniture/accessories for setting up Laboratories as per enclosed list in following schools/institutions: 1 +2  UCCH VIDYALAY NARPATGANJ","Pradeep Kumar Singh","ARARIA","N/A","03-Jul-2025","2475000"
"1551","Normal/Others","WS/MP418/2024-2025/148554-Setting up of laboratories","Bihar","ARARIA(DISTRICT PLANNING OFFICER ARARIA_IDA)","Purchase of  Equipment and furniture/accessories for setting up Laboratories as per enclosed list in following schools/institutions: 1 UCHCH MADHYAMIK VIDYALAY , ANCHRA NARPATGANJ","Pradeep Kumar Singh","ARARIA","N/A","03-Jul-2025","2475000"
"1552","Normal/Others","WS/MP418/2024-2025/148552-Setting up of laboratories","Bihar","ARARIA(DISTRICT PLANNING OFFICER ARARIA_IDA)","Purchase of Equipment and furniture/accessories for setting up Laboratories as per enclosed list in following schools/institutions: 1 UHS GOKHLAPUR BMC","Pradeep Kumar Singh","ARARIA","N/A","03-Jul-2025","2475000"
"1553","Normal/Others","WS/MP418/2024-2025/148553-Setting up of laboratories","Bihar","ARARIA(DISTRICT PLANNING OFFICER ARARIA_IDA)","Purchase of  Equipment and furniture/accessories for setting up Laboratories as per enclosed list in following schools/institutions: 1 +2 PROJECT GIRLS HIGH SCHOOL, NARPATGANJ","Pradeep Kumar Singh","ARARIA","N/A","03-Jul-2025","2475000"
"1554","Normal/Others","WS/MP347/2024-2025/138959-Construction of rooms and halls in school and colleges","Kerala","KOLLAM(DISTRICT COLLECTOR KOLLAM_IDA)","Construction of Open Air auditorium to Eswaravilasom UPS, Madanthacode in Kareepra Grama Panchayath","Shri Suresh Kodikunnil","MAVELIKKARA(SC)","N/A","27-Dec-2024","904595"
"1555","Normal/Others","WS/MP418/2024-2025/148550-Setting up of laboratories","Bihar","ARARIA(DISTRICT PLANNING OFFICER ARARIA_IDA)","Purchase of  Equipment and furniture/accessories for setting up Laboratories as per enclosed list in following schools/institutions: 1 UHS BELA REFUGEE NARPATGANJ","Pradeep Kumar Singh","ARARIA","N/A","03-Jul-2025","2475000"
"1556","Normal/Others","WS/MP418/2024-2025/148551-Setting up of laboratories","Bihar","ARARIA(DISTRICT PLANNING OFFICER ARARIA_IDA)","Purchase of  Equipment and furniture/accessories for setting up Laboratories as per enclosed list in following schools/institutions: 1 UCHCH MADHYAMIK VIDYALAY , MAHESHPATTI NARPATGANJ","Pradeep Kumar Singh","ARARIA","N/A","03-Jul-2025","2475000"
"1557","Normal/Others","WS/MP18051/2024-2025/151172-Construction of buildings for community cultural activities","Chhattisgarh","GARIYABAND(Collectro Gariaband_IDA)","WOR NO. 05 ME RANGMANCH NIRMAN KARYA, BINDRANAWAGARH","ROOP KUMARI CHOUDHARY","MAHASAMUND","N/A","13-Nov-2025","250000"
"1558","Normal/Others","WS/MP826/2024-2025/135576-Street lights","West Bengal","DARJEELING(DISTRICT MAGISTRATE DARJEELING_IDA)","Installation of Solar Street Lights at Garidhura, Sansad XI, St Mary's-III GP  Ref: Jamuna Chhetri (9635815968), Member St Mary's-III GP","Raju Bista","DARJEELING","Images","04-Aug-2025","461979"
"1559","Normal/Others","WS/MP313/2024-2025/138260-Construction of culverts and bridges","Arunachal Pradesh","NAMSAI(Deputy Commisioner Namsai_IDA)","C/o Culvert (2 Nos) at Sengsap Village in Namsai District (PWD)","Shri Tapir Gao","ARUNACHAL EAST","Images","27-Dec-2024","497873"
"1560","Normal/Others","WS/MP18253/2024-2025/141434-Installing tube-wells and borewells","West Bengal","South 24 Parganas(DISTRICT MAGISTRATE SOUTH TWENTY FOUR PARGANAS_IDA)","Sinking of tubewell at Shibkalinagar Majherpara near Pradip Halder house.Dag No-153,JL No-6","BAPI HALDAR","MATHURAPUR(SC)","N/A","22-Jan-2025","221109"
"1561","Normal/Others","WS/MP423/2024-2025/160028-Construction of roads, link roads, pathways or any other road with or without drainage system","Bihar","MADHUBANI(DISTRICT PLANNING OFFICER MADHUBANI_IDA)","village durgipatti post hudra block khutouna panchayat durgipatti sthith nav nirmit kachra bhawan se prathmik school ki or pcc sadak nirman karya.","Ramprit Mandal","JHANJHARPUR","Images","01-Mar-2025","799968"
"1562","Normal/Others","WS/MP18253/2024-2025/141443-Installing tube-wells and borewells","West Bengal","South 24 Parganas(DISTRICT MAGISTRATE SOUTH TWENTY FOUR PARGANAS_IDA)","Sinking of tubewell at Bhubnagar near Monoranjan Kar house.Dag No-2298,JL No-37","BAPI HALDAR","MATHURAPUR(SC)","N/A","21-Jan-2025","221695"
"1563","Normal/Others","WS/MP423/2024-2025/159774-Construction of roads, link roads, pathways or any other road with or without drainage system","Bihar","MADHUBANI(DISTRICT PLANNING OFFICER MADHUBANI_IDA)","village durgipatti ,post hudra panchayat durgipatti block khutouna disst madhubani sthith mukhya sadak se panchayat sarkar bhawan tk pcc sadak ka nirman karya.","Ramprit Mandal","JHANJHARPUR","Images","01-Mar-2025","1487210"
"1564","Normal/Others","WS/MP313/2024-2025/140976-Development of playground","Arunachal Pradesh","NAMSAI(Deputy Commisioner Namsai_IDA)","Land development work at Panghun near NH-15 in Namsai District","Shri Tapir Gao","ARUNACHAL EAST","Images","27-Dec-2024","498889"
"1565","Normal/Others","WS/MP761/2024-2025/139009-Street lights","Telangana","NIZAMABAD(DISTRICT COLLECTOR NIZAMABAD_IDA)","Providing LED Hi Mast light near Pothuloori Veerabrahmendraswamy temple, Ansanpally (V), Indalwai (M)","Arvind Dharmapuri","NIZAMABAD","N/A","28-Dec-2024","150000"
"1566","Normal/Others","WS/MP317/2024-2025/155040-Purchase of furniture and fixtures for educational purposes","Bihar","MUZAFFARPUR(DISTRICT PLANNING OFFICER MUZAFFARPUR_IDA)","Purchase of furniture and fixtures for educational purposes","Smt Veena Devi","VAISHALI","Images","28-Dec-2024","4961000"
"1567","Normal/Others","WS/MP18357/2024-2025/151502-Construction of roads, link roads, pathways or any other road with or without drainage system","Madhya Pradesh","ASHOKNAGAR(DISTRICT COLLECTOR ASHOKNAGAR_IDA)","N/A","JYOTIRADITYA M. SCINDIA","GUNA","Images","20-Feb-2025","1000000"
"1568","Normal/Others","WS/MP18357/2024-2025/151500-Construction of community centers and community halls","Madhya Pradesh","ASHOKNAGAR(DISTRICT COLLECTOR ASHOKNAGAR_IDA)","N/A","JYOTIRADITYA M. SCINDIA","GUNA","Images","10-Oct-2025","999442"
"1569","Normal/Others","WS/MP18357/2024-2025/151499-Construction of roads, link roads, pathways or any other road with or without drainage system","Madhya Pradesh","ASHOKNAGAR(DISTRICT COLLECTOR ASHOKNAGAR_IDA)","N/A","JYOTIRADITYA M. SCINDIA","GUNA","Images","03-Jul-2025","991930"
"1570","Normal/Others","WS/MP18161/2024-2025/138068-Construction of roads, link roads, pathways or any other road with or without drainage system","Rajasthan","ALWAR(DISTRICT COLLECTOR ALWAR_IDA)","Interlocking sadak Nirman karya vishram ke Makan se sodan ke Makan ki or gram Bahupada work agency GP nahar khora","SANJNA JATAV","BHARATPUR(SC)","Images","15-Oct-2025","499304"
"1571","Normal/Others","WS/MP826/2024-2025/135575-Street lights","West Bengal","DARJEELING(DISTRICT MAGISTRATE DARJEELING_IDA)","Installation of solar street lights at Ambotia Tea Garden, Sansad IV, Pandu GP  Ref: Pratima Subba (7047278082), Member, Pandu GP","Raju Bista","DARJEELING","Images","23-Jul-2025","474465"
"1572","Normal/Others","WS/MP18177/2024-2025/160599-Purchase of sports equipment","Tamil Nadu","ERODE(DISTRICT_COLLECTORE_ERODE_IDA)","supply of school lab equipment for sivagiri govt. girls higher secondary school 2024-2025","K E PRAKASH","ERODE","Images","30-Dec-2024","624861"
"1573","Normal/Others","WS/MP435/2024-2025/146461-Construction of community centers and community halls","Jharkhand","RANCHI(DEPUTY COMMISSIONER RANCHI_IDA)","Construction of Community Hall at Sarna Samiti Akhra, Veer Birsa Nagar, East jail more under ward-18, Ranchi.","Sanjay Seth","RANCHI","N/A","30-Nov-2025","1325800"
"1574","Normal/Others","WS/MP435/2024-2025/146548-Construction of common work sheds/ common covered sitting area","Jharkhand","RANCHI(DEPUTY COMMISSIONER RANCHI_IDA)","Construction of Platform and Shed at Village-Umedanda, under Umedanda Panchayat, Burmu Block, Ranchi.","Sanjay Seth","RANCHI","N/A","03-Apr-2026","1126600"
"1575","Normal/Others","WS/MP435/2024-2025/147147-Construction of roads, link roads, pathways or any other road with or without drainage system","Jharkhand","RANCHI(DEPUTY COMMISSIONER RANCHI_IDA)","Construction of PCC Road near Ajay Kumar's house's at Saket Nagar, on JAP 2 road under Chatra Panchayat, Angara block, Ranchi.","Sanjay Seth","RANCHI","N/A","20-Jul-2025","330100"
"1576","Normal/Others","WS/MP18220/2024-2025/147842-Construction of roads, link roads, pathways or any other road with or without drainage system","Uttar Pradesh","ALIGARH(DISTRICT MAGISTRATE ALIGARH_IDA)","Gram Ladhauli Block Iglas mai Valmiki Basti sai junior School ki taraf 190 meeter Interloking marg nirman Karya","ANOOP PRADHAN BALMIKI","HATHRAS (SC)","N/A","25-Jan-2025","1846202"
"1577","Normal/Others","WS/MP435/2024-2025/147155-Construction of roads, link roads, pathways or any other road with or without drainage system","Jharkhand","RANCHI(DEPUTY COMMISSIONER RANCHI_IDA)","Construction of PCC Road from Platform of Kankatta Mahuatola via Banwasi Swansi's house under Rahe block, Ranchi.","Sanjay Seth","RANCHI","N/A","20-Jul-2025","436300"
"1578","Normal/Others","WS/MP435/2024-2025/147154-Construction of common work sheds/ common covered sitting area","Jharkhand","RANCHI(DEPUTY COMMISSIONER RANCHI_IDA)","Construction of Platform at Village-Chirudih (Mahuadih) under Rahe Block, Ranchi.","Sanjay Seth","RANCHI","N/A","23-Jul-2025","227400"
"1579","Normal/Others","WS/MP435/2024-2025/147153-Construction of roads, link roads, pathways or any other road with or without drainage system","Jharkhand","RANCHI(DEPUTY COMMISSIONER RANCHI_IDA)","Construction of PCC Road from Bridgeford School through Bhikhu Mahto's house via Minj Cottage under ward no-53, Atal Colony, Ranchi.","Sanjay Seth","RANCHI","N/A","20-Jul-2025","840000"
"1580","Normal/Others","WS/MP435/2024-2025/147429-Construction of roads, link roads, pathways or any other road with or without drainage system","Jharkhand","RANCHI(DEPUTY COMMISSIONER RANCHI_IDA)","Construction of PCC Road (400 ft.) from Deepak Mahto's house via Karna Mahto's house at Village-Ghaghra under Silli Block, Ranchi.","Sanjay Seth","RANCHI","N/A","30-Nov-2025","579100"
"1581","Normal/Others","WS/MP435/2024-2025/147428-Construction of roads, link roads, pathways or any other road with or without drainage system","Jharkhand","RANCHI(DEPUTY COMMISSIONER RANCHI_IDA)","Construction of PCC Road (300 ft.) from Mandir via Tungri at Village-Dhatkijara under Rahe Block, Ranchi.","Sanjay Seth","RANCHI","N/A","20-Jul-2025","436300"
"1582","Normal/Others","WS/MP435/2024-2025/161215-Construction of common work sheds/ common covered sitting area","Jharkhand","RANCHI(DEPUTY COMMISSIONER RANCHI_IDA)","Construction of Platform near Dinbandhu's House at Jamnitand, Harimandir under Bansaruli Panchayat, Silli block.","Sanjay Seth","RANCHI","N/A","30-Nov-2025","227400"
"1583","Normal/Others","WS/MP435/2024-2025/161214-Construction of roads, link roads, pathways or any other road with or without drainage system","Jharkhand","RANCHI(DEPUTY COMMISSIONER RANCHI_IDA)","Construction of PCC Road (400 ft.) from Hukunath Mahto's house via Goverdhan Mahto's house at village Halmad (Barwatoli) under Silli block.","Sanjay Seth","RANCHI","N/A","30-Nov-2025","579100"
"1584","Normal/Others","WS/MP435/2024-2025/161218-Construction of common work sheds/ common covered sitting area","Jharkhand","RANCHI(DEPUTY COMMISSIONER RANCHI_IDA)","Construction of Platform near Kiran Mahto's house at village Narsingh Lowadih under Landupdih Panchayat, sonahatu block.","Sanjay Seth","RANCHI","N/A","30-Nov-2025","227400"
"1585","Normal/Others","WS/MP435/2024-2025/161217-Construction of roads, link roads, pathways or any other road with or without drainage system","Jharkhand","RANCHI(DEPUTY COMMISSIONER RANCHI_IDA)","Construction of PCC Road (400 ft.) at village Kasidih till Ram Mandir under Galau panchayat, Sonahatu block.","Sanjay Seth","RANCHI","N/A","30-Nov-2025","579100"
"1586","Normal/Others","WS/MP435/2024-2025/161216-Construction of roads, link roads, pathways or any other road with or without drainage system","Jharkhand","RANCHI(DEPUTY COMMISSIONER RANCHI_IDA)","Construction of PCC road at road no-2 and road no-4, under ward no.-27, Ranchi.","Sanjay Seth","RANCHI","N/A","03-Apr-2026","390600"
"1587","Normal/Others","WS/MP435/2024-2025/161235-Construction of roads, link roads, pathways or any other road with or without drainage system","Jharkhand","RANCHI(DEPUTY COMMISSIONER RANCHI_IDA)","Construction of PCC Road at Srinagar Road no.-5, under ward no.-27, Ranchi.","Sanjay Seth","RANCHI","N/A","03-Apr-2026","362000"
"1588","Normal/Others","WS/MP18153/2024-2025/141975-Installing community drinking water plants","Punjab","FEROZEPUR(DEPUTY COMMISSIONER FIROZEPUR_IDA)","Installtion of RO System at Govt. Sen. Sec  School Rukna Begu ( Capacity 500 Ltrs)","SHER SINGH GHUBAYA","FIROZPUR","N/A","07-Jan-2025","233002"
"1589","Normal/Others","WS/MP18153/2024-2025/141974-Installing community drinking water plants","Punjab","FEROZEPUR(DEPUTY COMMISSIONER FIROZEPUR_IDA)","Installtion of RO System at Govt. Primary School Rukna Begu ( Capacity 500 Ltrs)","SHER SINGH GHUBAYA","FIROZPUR","N/A","23-Jan-2025","232415"
"1590","Normal/Others","WS/MP18153/2024-2025/141976-Installing community drinking water plants","Punjab","FEROZEPUR(DEPUTY COMMISSIONER FIROZEPUR_IDA)","Installtion of RO System at Govt. Primary School Sulhani ( Capacity 500 Ltrs)","SHER SINGH GHUBAYA","FIROZPUR","N/A","07-Jan-2025","232415"
"1591","Normal/Others","WS/MP18153/2024-2025/141994-Installing community drinking water plants","Punjab","FEROZEPUR(DEPUTY COMMISSIONER FIROZEPUR_IDA)","Installtion of RO System at Govt. Primary School Mehal Singh Wala ( Capacity 500 Ltrs)","SHER SINGH GHUBAYA","FIROZPUR","N/A","07-Jan-2025","232650"
"1592","Normal/Others","WS/MP18153/2024-2025/141977-Installing community drinking water plants","Punjab","FEROZEPUR(DEPUTY COMMISSIONER FIROZEPUR_IDA)","Installtion of RO System at Govt. Primary School Mahalam ( Capacity 500 Ltrs)","SHER SINGH GHUBAYA","FIROZPUR","N/A","07-Jan-2025","232650"
"1593","Normal/Others","WS/MP429/2024-2025/157838-Renovation of ponds and lakes","Chhattisgarh","KORBA(Collector-Korba)","Pachri construction at Gram Panchayat - Chepa near Daumuda, Vikas Khand - Pali","Jyotsna Charandas Mahant","KORBA","Images","04-Jun-2025","300000"
"1594","Normal/Others","WS/MP18153/2024-2025/141978-Installing community drinking water plants","Punjab","FEROZEPUR(DEPUTY COMMISSIONER FIROZEPUR_IDA)","Installtion of RO System at Govt. Sen. Sec. School Lakha Hazi ( Capacity 500 Ltrs)","SHER SINGH GHUBAYA","FIROZPUR","N/A","07-Jan-2025","232885"
"1595","Normal/Others","WS/MP18153/2024-2025/141981-Installing community drinking water plants","Punjab","FEROZEPUR(DEPUTY COMMISSIONER FIROZEPUR_IDA)","Installtion of RO System at Govt. Primary School Saran Wali ( Capacity 500 Ltrs)","SHER SINGH GHUBAYA","FIROZPUR","N/A","23-Jan-2025","232368"
"1596","Normal/Others","WS/MP18153/2024-2025/141983-Installing community drinking water plants","Punjab","FEROZEPUR(DEPUTY COMMISSIONER FIROZEPUR_IDA)","Installtion of RO System at Govt. Primary School Ghall Khurd ( Capacity 500 Ltrs)","SHER SINGH GHUBAYA","FIROZPUR","N/A","07-Jan-2025","233002"
"1597","Normal/Others","WS/MP18153/2024-2025/141985-Installing community drinking water plants","Punjab","FEROZEPUR(DEPUTY COMMISSIONER FIROZEPUR_IDA)","Installtion of RO System at Govt. Primary Smart School Yare Shah Wala  ( Capacity 500 Ltrs)","SHER SINGH GHUBAYA","FIROZPUR","N/A","07-Jan-2025","232532"
"1598","Normal/Others","WS/MP18153/2024-2025/141988-Installing community drinking water plants","Punjab","FEROZEPUR(DEPUTY COMMISSIONER FIROZEPUR_IDA)","Installtion of RO System at Govt. Primary School kaku Wala ( Capacity 500 Ltrs)","SHER SINGH GHUBAYA","FIROZPUR","N/A","07-Jan-2025","232650"
"1599","Normal/Others","WS/MP18153/2024-2025/141990-Installing community drinking water plants","Punjab","FEROZEPUR(DEPUTY COMMISSIONER FIROZEPUR_IDA)","Installtion of RO System at Govt. Primary School Chugate Wala ( Capacity 500 Ltrs)","SHER SINGH GHUBAYA","FIROZPUR","N/A","07-Jan-2025","232532"
"1600","Normal/Others","WS/MP18153/2024-2025/141993-Installing community drinking water plants","Punjab","FEROZEPUR(DEPUTY COMMISSIONER FIROZEPUR_IDA)","Installtion of RO System at Govt. Primary School Piyareana ( Capacity 500 Ltrs)","SHER SINGH GHUBAYA","FIROZPUR","N/A","07-Jan-2025","232767"
"1601","Normal/Others","WS/MP18153/2024-2025/141996-Installing community drinking water plants","Punjab","FEROZEPUR(DEPUTY COMMISSIONER FIROZEPUR_IDA)","Installtion of RO System at Govt. Elementary School Wan ( Capacity 500 Ltrs)","SHER SINGH GHUBAYA","FIROZPUR","N/A","07-Jan-2025","232532"
"1602","Normal/Others","WS/MP18153/2024-2025/141986-Installing community drinking water plants","Punjab","FEROZEPUR(DEPUTY COMMISSIONER FIROZEPUR_IDA)","Installtion of RO System at Govt. Primary School Changali Qudim ( Capacity 500 Ltrs)","SHER SINGH GHUBAYA","FIROZPUR","N/A","23-Jan-2025","233002"
"1603","Normal/Others","WS/MP18153/2024-2025/141992-Installing community drinking water plants","Punjab","FEROZEPUR(DEPUTY COMMISSIONER FIROZEPUR_IDA)","Installtion of RO System at Govt. High smart School Piyareana ( Capacity 500 Ltrs)","SHER SINGH GHUBAYA","FIROZPUR","N/A","23-Jan-2025","232650"
"1604","Normal/Others","WS/MP18153/2024-2025/141989-Installing community drinking water plants","Punjab","FEROZEPUR(DEPUTY COMMISSIONER FIROZEPUR_IDA)","Installtion of RO System at Govt. Middle School Jodhpur( Capacity 500 Ltrs)","SHER SINGH GHUBAYA","FIROZPUR","N/A","05-Feb-2025","232297"
"1605","Normal/Others","WS/MP18153/2024-2025/141987-Installing community drinking water plants","Punjab","FEROZEPUR(DEPUTY COMMISSIONER FIROZEPUR_IDA)","Installtion of RO System at Govt. Primary School Mohkam Khan Wala ( Capacity 500 Ltrs)","SHER SINGH GHUBAYA","FIROZPUR","N/A","23-Jan-2025","233002"
"1606","Normal/Others","WS/MP18153/2024-2025/141984-Installing community drinking water plants","Punjab","FEROZEPUR(DEPUTY COMMISSIONER FIROZEPUR_IDA)","Installtion of RO System at Govt. Primary Smart School Gandu Kilcha Uttar ( Capacity 500 Ltrs)","SHER SINGH GHUBAYA","FIROZPUR","N/A","07-Jan-2025","232650"
"1607","Normal/Others","WS/MP18153/2024-2025/141982-Installing community drinking water plants","Punjab","FEROZEPUR(DEPUTY COMMISSIONER FIROZEPUR_IDA)","Installtion of RO System at Govt. Primary School Game wala ( Capacity 500 Ltrs)","SHER SINGH GHUBAYA","FIROZPUR","N/A","23-Jan-2025","232885"
"1608","Normal/Others","WS/MP18153/2024-2025/141980-Installing community drinking water plants","Punjab","FEROZEPUR(DEPUTY COMMISSIONER FIROZEPUR_IDA)","Installtion of RO System at Govt. Primary School Kada Bora ( Capacity 500 Ltrs)","SHER SINGH GHUBAYA","FIROZPUR","N/A","23-Jan-2025","232415"
"1609","Normal/Others","WS/MP18153/2024-2025/141979-Installing community drinking water plants","Punjab","FEROZEPUR(DEPUTY COMMISSIONER FIROZEPUR_IDA)","Installtion of RO System at Govt. High School Rahime Ke Uttar ( Capacity 500 Ltrs)","SHER SINGH GHUBAYA","FIROZPUR","N/A","07-Jan-2025","232532"
"1610","Normal/Others","WS/MP18153/2024-2025/141971-Purchase of mobile water tankers","Punjab","FEROZEPUR(DEPUTY COMMISSIONER FIROZEPUR_IDA)","Purchase of Mobile Water Tanker at Village jamit Pur Dheru (capacity 3000 Ltrs.)","SHER SINGH GHUBAYA","FIROZPUR","N/A","04-Apr-2025","240934"
"1611","Normal/Others","WS/MP18153/2024-2025/141972-Purchase of mobile water tankers","Punjab","FEROZEPUR(DEPUTY COMMISSIONER FIROZEPUR_IDA)","Purchase of Mobile Water Tanker at Village Fattu Wala (capacity 3000 Ltrs.)","SHER SINGH GHUBAYA","FIROZPUR","N/A","04-Apr-2025","238099"
"1612","Normal/Others","WS/MP18153/2024-2025/141973-Purchase of mobile water tankers","Punjab","FEROZEPUR(DEPUTY COMMISSIONER FIROZEPUR_IDA)","Purchase of Mobile Water Tanker at Village Bur Wala (capacity 3000 Ltrs.)","SHER SINGH GHUBAYA","FIROZPUR","N/A","04-Apr-2025","240570"
"1613","Normal/Others","WS/MP18153/2024-2025/141995-Installing community drinking water plants","Punjab","FEROZEPUR(DEPUTY COMMISSIONER FIROZEPUR_IDA)","Installtion of RO System at Govt. High School Mishri Wala ( Capacity 500 Ltrs)","SHER SINGH GHUBAYA","FIROZPUR","N/A","07-Jan-2025","232650"
"1614","Normal/Others","WS/MP18153/2024-2025/141991-Installing community drinking water plants","Punjab","FEROZEPUR(DEPUTY COMMISSIONER FIROZEPUR_IDA)","Installtion of RO System at Govt. Primary School Takhtu Wala ( Capacity 500 Ltrs)","SHER SINGH GHUBAYA","FIROZPUR","N/A","28-Feb-2025","232885"
"1615","Normal/Others","WS/MP18102/2024-2025/152114-Purchase of mobile water tankers","Madhya Pradesh","DHAR(DISTRICT COLLECTOR DHAR_IDA)","GI cotted water tank 5500 liter 900*20 tyres","SAVITRI THAKUR","DHAR(ST)","Images","05-Aug-2025","166026"
"1616","Normal/Others","WS/MP18102/2024-2025/152112-Purchase of mobile water tankers","Madhya Pradesh","DHAR(DISTRICT COLLECTOR DHAR_IDA)","GI cotted water tank 5500 liter 900*20 tyres","SAVITRI THAKUR","DHAR(ST)","Images","05-Aug-2025","166026"
"1617","Normal/Others","WS/MP18102/2024-2025/152111-Purchase of mobile water tankers","Madhya Pradesh","DHAR(DISTRICT COLLECTOR DHAR_IDA)","GI cotted water tank 5500 liter 900*20 tyres","SAVITRI THAKUR","DHAR(ST)","Images","05-Aug-2025","166026"
"1618","Normal/Others","WS/MP18102/2024-2025/152109-Purchase of mobile water tankers","Madhya Pradesh","DHAR(DISTRICT COLLECTOR DHAR_IDA)","GI cotted water tank 5500 liter 900*20 tyres","SAVITRI THAKUR","DHAR(ST)","Images","05-Aug-2025","166026"
"1619","Normal/Others","WS/MP18102/2024-2025/152108-Purchase of mobile water tankers","Madhya Pradesh","DHAR(DISTRICT COLLECTOR DHAR_IDA)","GI cotted water tank 5500 liter 900*20 tyres","SAVITRI THAKUR","DHAR(ST)","Images","05-Aug-2025","166026"
"1620","Normal/Others","WS/MP18102/2024-2025/152107-Purchase of mobile water tankers","Madhya Pradesh","DHAR(DISTRICT COLLECTOR DHAR_IDA)","GI cotted water tank 5500 liter 900*20 tyres","SAVITRI THAKUR","DHAR(ST)","Images","05-Aug-2025","166026"
"1621","Normal/Others","WS/MP18102/2024-2025/152105-Purchase of mobile water tankers","Madhya Pradesh","DHAR(DISTRICT COLLECTOR DHAR_IDA)","GI cotted water tank 5500 liter 900*20 tyres","SAVITRI THAKUR","DHAR(ST)","Images","05-Aug-2025","166026"
"1622","Normal/Others","WS/MP18102/2024-2025/152104-Purchase of mobile water tankers","Madhya Pradesh","DHAR(DISTRICT COLLECTOR DHAR_IDA)","GI cotted water tank 5500 liter 900*20 tyres","SAVITRI THAKUR","DHAR(ST)","Images","05-Aug-2025","166026"
"1623","Normal/Others","WS/MP18102/2024-2025/152115-Purchase of mobile water tankers","Madhya Pradesh","DHAR(DISTRICT COLLECTOR DHAR_IDA)","GI cotted water tank 5500 liter 900*20 tyres","SAVITRI THAKUR","DHAR(ST)","Images","05-Aug-2025","166026"
"1624","Normal/Others","WS/MP18102/2024-2025/152116-Purchase of mobile water tankers","Madhya Pradesh","DHAR(DISTRICT COLLECTOR DHAR_IDA)","GI cotted water tank 5500 liter 900*20 tyres","SAVITRI THAKUR","DHAR(ST)","Images","05-Aug-2025","166026"
"1625","Normal/Others","WS/MP18102/2024-2025/152118-Purchase of mobile water tankers","Madhya Pradesh","DHAR(DISTRICT COLLECTOR DHAR_IDA)","GI cotted water tank 5500 liter 900*20 tyres","SAVITRI THAKUR","DHAR(ST)","Images","05-Aug-2025","166026"
"1626","Normal/Others","WS/MP18102/2024-2025/152119-Purchase of mobile water tankers","Madhya Pradesh","DHAR(DISTRICT COLLECTOR DHAR_IDA)","GI cotted water tank 5500 liter 900*20 tyres","SAVITRI THAKUR","DHAR(ST)","Images","05-Aug-2025","166026"
"1627","Normal/Others","WS/MP18102/2024-2025/152121-Purchase of mobile water tankers","Madhya Pradesh","DHAR(DISTRICT COLLECTOR DHAR_IDA)","GI cotted water tank 5500 liter 900*20 tyres","SAVITRI THAKUR","DHAR(ST)","Images","05-Aug-2025","166026"
"1628","Normal/Others","WS/MP18102/2024-2025/152122-Purchase of mobile water tankers","Madhya Pradesh","DHAR(DISTRICT COLLECTOR DHAR_IDA)","GI cotted water tank 5500 liter 900*20 tyres","SAVITRI THAKUR","DHAR(ST)","Images","05-Aug-2025","166026"
"1629","Normal/Others","WS/MP18102/2024-2025/153258-Purchase of mobile water tankers","Madhya Pradesh","DHAR(DISTRICT COLLECTOR DHAR_IDA)","GI cotted water tank 5500 liter 900*20 tyre","SAVITRI THAKUR","DHAR(ST)","Images","05-Aug-2025","166026"
"1630","Normal/Others","WS/MP18102/2024-2025/153260-Purchase of mobile water tankers","Madhya Pradesh","DHAR(DISTRICT COLLECTOR DHAR_IDA)","water tank 5500 liter  900*20 tyre","SAVITRI THAKUR","DHAR(ST)","Images","05-Aug-2025","166026"
"1631","Normal/Others","WS/MP18102/2024-2025/153263-Purchase of mobile water tankers","Madhya Pradesh","DHAR(DISTRICT COLLECTOR DHAR_IDA)","water tank 5500 liter  900*20 tyre","SAVITRI THAKUR","DHAR(ST)","Images","05-Aug-2025","166026"
"1632","Normal/Others","WS/MP18102/2024-2025/153264-Purchase of mobile water tankers","Madhya Pradesh","DHAR(DISTRICT COLLECTOR DHAR_IDA)","water tank 5500 liter  900*20 tyre","SAVITRI THAKUR","DHAR(ST)","Images","05-Aug-2025","166026"
"1633","Normal/Others","WS/MP18102/2024-2025/153266-Purchase of mobile water tankers","Madhya Pradesh","DHAR(DISTRICT COLLECTOR DHAR_IDA)","water tank 5500 liter  900*20 tyre","SAVITRI THAKUR","DHAR(ST)","Images","05-Aug-2025","166026"
"1634","Normal/Others","WS/MP18102/2024-2025/153267-Purchase of mobile water tankers","Madhya Pradesh","DHAR(DISTRICT COLLECTOR DHAR_IDA)","water tank 5500 liter  900*20 tyre","SAVITRI THAKUR","DHAR(ST)","Images","05-Aug-2025","166026"
"1635","Normal/Others","WS/MP18102/2024-2025/153269-Purchase of mobile water tankers","Madhya Pradesh","DHAR(DISTRICT COLLECTOR DHAR_IDA)","water tank 5500 liter  900*20 tyre","SAVITRI THAKUR","DHAR(ST)","Images","05-Aug-2025","166026"
"1636","Normal/Others","WS/MP18102/2024-2025/153271-Purchase of mobile water tankers","Madhya Pradesh","DHAR(DISTRICT COLLECTOR DHAR_IDA)","water tank 5500 liter  900*20 tyre","SAVITRI THAKUR","DHAR(ST)","Images","05-Aug-2025","166026"
"1637","Normal/Others","WS/MP18102/2024-2025/153273-Purchase of mobile water tankers","Madhya Pradesh","DHAR(DISTRICT COLLECTOR DHAR_IDA)","water tank 5500 liter  900*20 tyre","SAVITRI THAKUR","DHAR(ST)","Images","05-Aug-2025","166026"
"1638","Normal/Others","WS/MP18102/2024-2025/153274-Purchase of mobile water tankers","Madhya Pradesh","DHAR(DISTRICT COLLECTOR DHAR_IDA)","water tank 5500 liter  900*20 tyre","SAVITRI THAKUR","DHAR(ST)","Images","05-Aug-2025","166026"
"1639","Normal/Others","WS/MP18102/2024-2025/153275-Purchase of mobile water tankers","Madhya Pradesh","DHAR(DISTRICT COLLECTOR DHAR_IDA)","water tank 5500 liter  900*20 tyre","SAVITRI THAKUR","DHAR(ST)","Images","05-Aug-2025","166026"
"1640","Normal/Others","WS/MP18102/2024-2025/153278-Purchase of mobile water tankers","Madhya Pradesh","DHAR(DISTRICT COLLECTOR DHAR_IDA)","water tank 5500 liter  900*20 tyre","SAVITRI THAKUR","DHAR(ST)","Images","05-Aug-2025","166026"
"1641","Normal/Others","WS/MP18102/2024-2025/153279-Purchase of mobile water tankers","Madhya Pradesh","DHAR(DISTRICT COLLECTOR DHAR_IDA)","water tank 5500 liter  900*20 tyre","SAVITRI THAKUR","DHAR(ST)","Images","05-Aug-2025","166026"
"1642","Normal/Others","WS/MP18102/2024-2025/153280-Purchase of mobile water tankers","Madhya Pradesh","DHAR(DISTRICT COLLECTOR DHAR_IDA)","water tank 5500 liter  900*20 tyre","SAVITRI THAKUR","DHAR(ST)","Images","05-Aug-2025","166026"
"1643","Normal/Others","WS/MP18102/2024-2025/153281-Purchase of mobile water tankers","Madhya Pradesh","DHAR(DISTRICT COLLECTOR DHAR_IDA)","water tank 5500 liter  900*20 tyre","SAVITRI THAKUR","DHAR(ST)","Images","05-Aug-2025","166026"
"1644","Normal/Others","WS/MP18102/2024-2025/153282-Purchase of mobile water tankers","Madhya Pradesh","DHAR(DISTRICT COLLECTOR DHAR_IDA)","water tank 5500 liter  900*20 tyre","SAVITRI THAKUR","DHAR(ST)","Images","05-Aug-2025","166026"
"1645","Normal/Others","WS/MP18102/2024-2025/153283-Purchase of mobile water tankers","Madhya Pradesh","DHAR(DISTRICT COLLECTOR DHAR_IDA)","water tank 5500 liter  900*20 tyre","SAVITRI THAKUR","DHAR(ST)","Images","05-Aug-2025","166026"
"1646","Normal/Others","WS/MP18102/2024-2025/153284-Purchase of mobile water tankers","Madhya Pradesh","DHAR(DISTRICT COLLECTOR DHAR_IDA)","water tank 5500 liter  900*20 tyre","SAVITRI THAKUR","DHAR(ST)","Images","05-Aug-2025","166026"
"1647","Normal/Others","WS/MP18102/2024-2025/153285-Purchase of mobile water tankers","Madhya Pradesh","DHAR(DISTRICT COLLECTOR DHAR_IDA)","water tank 5500 liter  900*20 tyre","SAVITRI THAKUR","DHAR(ST)","Images","05-Aug-2025","166026"
"1648","Normal/Others","WS/MP18102/2024-2025/153286-Purchase of mobile water tankers","Madhya Pradesh","DHAR(DISTRICT COLLECTOR DHAR_IDA)","water tank 5500 liter  900*20 tyre","SAVITRI THAKUR","DHAR(ST)","Images","05-Aug-2025","166026"
"1649","Repair and Renovation","WS/MP18048/2024-2025/145569-Construction of rooms and halls in school and colleges","Chhattisgarh","SUKMA(Collector Sukma_IDA)","chhindgarh higher secondary school bhavan marammat karya","MAHESH KASHYAP","BASTAR(ST)","Images","22-Jan-2026","483119"
"1650","Normal/Others","WS/MP18357/2024-2025/151501-Construction of roads, link roads, pathways or any other road with or without drainage system","Madhya Pradesh","ASHOKNAGAR(DISTRICT COLLECTOR ASHOKNAGAR_IDA)","N/A","JYOTIRADITYA M. SCINDIA","GUNA","Images","31-Mar-2026","995000"
"1651","Normal/Others","WS/	 MP620/2024-2025/162267-Construction of buildings for community cultural activities","Karnataka","HAVERI(DEPUTY COMMISSIONER HAVERI_IDA)","Culture Bhavan Slab work at Shiggaon TQ Panigatti Village near Shri Gramdevi Temple Pry No 115 & 116","Pralhad Venkatesh Joshi","DHARWAD","N/A","17-Sep-2025","495662"
"1652","Normal/Others","WS/	 MP620/2024-2025/162265-Construction of buildings for community cultural activities","Karnataka","HAVERI(DEPUTY COMMISSIONER HAVERI_IDA)","Culture Bhavan Plinth work at Shiggaon TQ Panigatti Village near Shri Gramdevi Temple Pry No 115 & 116","Pralhad Venkatesh Joshi","DHARWAD","N/A","17-Sep-2025","495745"
"1653","Normal/Others","WS/MP641/2024-2025/138916-Purchase of hospital equipment","Madhya Pradesh","BARWANI(DISTRICT COLLECTOR BADWANI_IDA)","Purchase of hospital equipment Dead Body Freezer","Gajendra Singh Patel","KHARGONE(ST)","N/A","22-Jan-2026","236003"
"1654","Normal/Others","WS/MP641/2024-2025/138918-Purchase of hospital equipment","Madhya Pradesh","BARWANI(DISTRICT COLLECTOR BADWANI_IDA)","Purchase of hospital equipment Dead body freezer","Gajendra Singh Patel","KHARGONE(ST)","N/A","18-Mar-2025","236003"
"1655","Normal/Others","WS/MP641/2024-2025/138924-Purchase of hospital equipment","Madhya Pradesh","BARWANI(DISTRICT COLLECTOR BADWANI_IDA)","Purchase of hospital equipment Dead Body Freezer","Gajendra Singh Patel","KHARGONE(ST)","N/A","22-Jan-2026","236003"
"1656","Normal/Others","WS/MP641/2024-2025/138921-Purchase of hospital equipment","Madhya Pradesh","BARWANI(DISTRICT COLLECTOR BADWANI_IDA)","Purchase of hospital equipment Dead Body Freezer","Gajendra Singh Patel","KHARGONE(ST)","N/A","22-Jan-2026","236003"
"1657","Normal/Others","WS/MP641/2024-2025/138920-Purchase of hospital equipment","Madhya Pradesh","BARWANI(DISTRICT COLLECTOR BADWANI_IDA)","Purchase of hospital equipment Dead Body Freezer","Gajendra Singh Patel","KHARGONE(ST)","N/A","22-Jan-2026","236003"
"1658","Normal/Others","WS/MP641/2024-2025/138932-Purchase of hospital equipment","Madhya Pradesh","BARWANI(DISTRICT COLLECTOR BADWANI_IDA)","Purchase of hospital equipment Dead Body Freezer","Gajendra Singh Patel","KHARGONE(ST)","N/A","22-Jan-2026","236003"
"1659","Normal/Others","WS/MP641/2024-2025/138919-Purchase of hospital equipment","Madhya Pradesh","BARWANI(DISTRICT COLLECTOR BADWANI_IDA)","Purchase of hospital equipment Dead Body Freezer","Gajendra Singh Patel","KHARGONE(ST)","N/A","22-Jan-2026","236003"
"1660","Normal/Others","WS/MP641/2024-2025/138934-Purchase of hospital equipment","Madhya Pradesh","BARWANI(DISTRICT COLLECTOR BADWANI_IDA)","Purchase of hospital equipment Dead Body Freezer","Gajendra Singh Patel","KHARGONE(ST)","N/A","22-Jan-2026","236003"
"1661","Normal/Others","WS/MP641/2024-2025/138935-Purchase of hospital equipment","Madhya Pradesh","BARWANI(DISTRICT COLLECTOR BADWANI_IDA)","Purchase of hospital equipment Dead Body Freezer","Gajendra Singh Patel","KHARGONE(ST)","N/A","22-Jan-2026","236003"
"1662","Normal/Others","WS/MP641/2024-2025/138936-Purchase of hospital equipment","Madhya Pradesh","BARWANI(DISTRICT COLLECTOR BADWANI_IDA)","Purchase of hospital equipment Dead Body Freezer","Gajendra Singh Patel","KHARGONE(ST)","N/A","22-Jan-2026","236003"
"1663","Normal/Others","WS/MP18069/2024-2025/154982-Construction of water tanks","Himachal Pradesh","KANGRA(DEPUTY COMMISSIONER KANGRA_IDA)","Construction of Water Tank, saptic Tank & sokpit in public ground ward no. 3 Gankhetar","RAJEEV BHARDWAJ","KANGRA","N/A","17-Jan-2025","500000"
"1664","Normal/Others","WS/MP18069/2024-2025/154934-Construction of boundary walls of existing public and community buildings","Himachal Pradesh","KANGRA(DEPUTY COMMISSIONER KANGRA_IDA)","Boundary wall in brick masonary public ground village  Gankhetar","RAJEEV BHARDWAJ","KANGRA","N/A","17-Jan-2025","500000"
"1665","Normal/Others","WS/MP18336/2024-2025/158159-Construction of roads, link roads, pathways or any other road with or without drainage system","Chhattisgarh","RAIPUR(DISTRICT COLLECTOR RAIPUR_IDA)","C.C. ROAD NIRMAN, GRAM PANCHYAT - DONDEKALAN, BLOCK - DHARSIWA, DISTRICT - RAIPUR","BRIJMOHAN AGRAWAL","RAIPUR","Images","06-Oct-2025","986792"
"1666","Normal/Others","WS/MP18335/2024-2025/152926-Construction of roads, link roads, pathways or any other road with or without drainage system","Chhattisgarh","Sarangarh-Bilaigarh(Collector SB_IDA)","CC road construction work","RADHE SHYAM RATHIYA","RAIGARH(ST)","N/A","25-Apr-2025","1498318"
"1667","Normal/Others","WS/MP18335/2024-2025/152929-Construction of roads, link roads, pathways or any other road with or without drainage system","Chhattisgarh","Sarangarh-Bilaigarh(Collector SB_IDA)","CC road Construction work","RADHE SHYAM RATHIYA","RAIGARH(ST)","N/A","28-Sep-2025","798791"
"1668","Normal/Others","WS/MP18335/2024-2025/152959-Construction of roads, link roads, pathways or any other road with or without drainage system","Chhattisgarh","Sarangarh-Bilaigarh(Collector SB_IDA)","CC road construction Work","RADHE SHYAM RATHIYA","RAIGARH(ST)","N/A","21-Jan-2026","549814"
"1669","Normal/Others","WS/MP18161/2024-2025/141091-Construction of roads, link roads, pathways or any other road with or without drainage system","Rajasthan","BHARATPUR(DISTRICT COLLECTOR BHARATPUR_IDA)","naveen panchayat bhawan barauli chhar ke parishar me interlocking karya gram barauli chhar work agency gp barauli chhar","SANJNA JATAV","BHARATPUR(SC)","Images","03-Mar-2025","498834"
"1670","Normal/Others","WS/MP18051/2024-2025/155914-Construction of roads, link roads, pathways or any other road with or without drainage system","Chhattisgarh","GARIYABAND(Collectro Gariaband_IDA)","GRAM PURAIN ME MUKHY MARG SE BASTI TAK C.C. ROAD NIRMAN KARYA","ROOP KUMARI CHOUDHARY","MAHASAMUND","N/A","07-Jul-2025","400000"
"1671","Normal/Others","WS/MP429/2024-2025/157839-Construction of common work sheds/ common covered sitting area","Chhattisgarh","KORBA(Collector-Korba)","Shed construction at Samudayik Bhawan in front of Bijlee office, Gram Panchayat - Kerajhariya, Vikas Khand - Pali","Jyotsna Charandas Mahant","KORBA","Images","01-Jul-2025","599798"
"1672","Normal/Others","WS/MP18108/2024-2025/151874-Construction of roads, link roads, pathways or any other road with or without drainage system","Madhya Pradesh","SAGAR(DISTRICT COLLECTOR SAGAR_IDA)","Gram Panchayat Semrahat Me Devi Mata Mandir Se Samshan Ghat Ki our C.C. Road Nirman Karya Hetu.","DR. LATA WANKHEDE","SAGAR","Images","17-Oct-2025","700000"
"1673","Normal/Others","WS/MP18051/2024-2025/155920-Construction of roads, link roads, pathways or any other road with or without drainage system","Chhattisgarh","GARIYABAND(Collectro Gariaband_IDA)","C.C. ROAD NIRMAN KARYA","ROOP KUMARI CHOUDHARY","MAHASAMUND","N/A","13-Jan-2026","300000"
"1674","Normal/Others","WS/MP18106/2024-2025/142103-Construction of culverts and bridges","Madhya Pradesh","SHEOPUR(District Collector Sheopur_IDA)","GRAM PANCHAYAT LADPURA, JANPAD PANCHAYAT VIJAYPUR, COLLAGE WALE RASTE PER","SHIVMANGAL SINGH TOMAR","MORENA","Images","06-Jun-2025","800000"
"1675","Normal/Others","WS/MP18106/2024-2025/142099-Construction of culverts and bridges","Madhya Pradesh","SHEOPUR(District Collector Sheopur_IDA)","GRAM MLAPURA, GRAM PANCHYAT IKLAUD, JANPAD PANCHAYAT VIJAYPUR BHAGWANT KE KHET KE PASS","SHIVMANGAL SINGH TOMAR","MORENA","Images","03-Jun-2025","800000"
"1676","Normal/Others","WS/MP18106/2024-2025/142119-Construction of roads, link roads, pathways or any other road with or without drainage system","Madhya Pradesh","SHEOPUR(District Collector Sheopur_IDA)","gram panchayat parwati baroda, janpad vijaypur, dhoret mandir se manfool kushwah ke makan tak","SHIVMANGAL SINGH TOMAR","MORENA","Images","06-Jun-2025","800000"
"1677","Normal/Others","WS/MP18106/2024-2025/142125-Construction of roads, link roads, pathways or any other road with or without drainage system","Madhya Pradesh","SHEOPUR(District Collector Sheopur_IDA)","gram panchayat dehari, janpad panchayat vijaypur, gram ladar mai aadivasi basti mai","SHIVMANGAL SINGH TOMAR","MORENA","Images","06-Jun-2025","800000"
"1678","Normal/Others","WS/MP529/2024-2025/136495-Providing supply pipelines for drinking water","Andhra Pradesh","Tirupati(DISTRICT COLLECTOR TIRUPATI_IDA)","Providing RO Plant Machinery at Dr. B.R.Ambedkar Grukulam at Naidupeta in Naidupeta Mandal.","Maddila Gurumoorthy","TIRUPATI(SC)","Images","02-Jan-2025","300000"
"1679","Normal/Others","WS/MP18335/2024-2025/150805-Construction of community centers and community halls","Chhattisgarh","Sarangarh-Bilaigarh(Collector SB_IDA)","Construction of Community building","RADHE SHYAM RATHIYA","RAIGARH(ST)","Images","19-Sep-2025","485546"
"1680","Normal/Others","WS/MP18335/2024-2025/150815-Construction of culverts and bridges","Chhattisgarh","Sarangarh-Bilaigarh(Collector SB_IDA)","Construction of Culvert","RADHE SHYAM RATHIYA","RAIGARH(ST)","N/A","12-Dec-2025","499580"
"1681","Normal/Others","WS/MP18335/2024-2025/150814-Construction of community centers and community halls","Chhattisgarh","Sarangarh-Bilaigarh(Collector SB_IDA)","Construction Of Cultural stage","RADHE SHYAM RATHIYA","RAIGARH(ST)","N/A","12-Dec-2025","299592"
"1682","Normal/Others","WS/MP18335/2024-2025/150811-Construction of roads, link roads, pathways or any other road with or without drainage system","Chhattisgarh","Sarangarh-Bilaigarh(Collector SB_IDA)","concretization work of Floor","RADHE SHYAM RATHIYA","RAIGARH(ST)","N/A","30-Jul-2025","799753"
"1683","Normal/Others","WS/MP18335/2024-2025/150809-Construction of roads, link roads, pathways or any other road with or without drainage system","Chhattisgarh","Sarangarh-Bilaigarh(Collector SB_IDA)","Construction Of CC road","RADHE SHYAM RATHIYA","RAIGARH(ST)","N/A","08-Feb-2025","999896"
"1684","Normal/Others","WS/MP18335/2024-2025/150808-Construction of roads, link roads, pathways or any other road with or without drainage system","Chhattisgarh","Sarangarh-Bilaigarh(Collector SB_IDA)","Construction Of CC road","RADHE SHYAM RATHIYA","RAIGARH(ST)","N/A","19-Sep-2025","797024"
"1685","Normal/Others","WS/MP18335/2024-2025/152960-Construction of roads, link roads, pathways or any other road with or without drainage system","Chhattisgarh","Sarangarh-Bilaigarh(Collector SB_IDA)","CC road Construction Work","RADHE SHYAM RATHIYA","RAIGARH(ST)","N/A","01-Aug-2025","693583"
"1686","Normal/Others","WS/MP18335/2024-2025/152958-Construction of roads, link roads, pathways or any other road with or without drainage system","Chhattisgarh","Sarangarh-Bilaigarh(Collector SB_IDA)","CC road Construction Work","RADHE SHYAM RATHIYA","RAIGARH(ST)","N/A","06-Dec-2025","549982"
"1687","Normal/Others","WS/MP18335/2024-2025/152936-Construction of culverts and bridges","Chhattisgarh","Sarangarh-Bilaigarh(Collector SB_IDA)","Construction Of Culvert(bridge)","RADHE SHYAM RATHIYA","RAIGARH(ST)","N/A","16-Jun-2025","798959"
"1688","Normal/Others","WS/MP18335/2024-2025/152934-Construction of roads, link roads, pathways or any other road with or without drainage system","Chhattisgarh","Sarangarh-Bilaigarh(Collector SB_IDA)","CC Road Construction Work","RADHE SHYAM RATHIYA","RAIGARH(ST)","N/A","25-Apr-2025","799958"
"1689","Normal/Others","WS/MP18335/2024-2025/150804-Construction of community centers and community halls","Chhattisgarh","Sarangarh-Bilaigarh(Collector SB_IDA)","Construction of Community building","RADHE SHYAM RATHIYA","RAIGARH(ST)","Images","11-Jul-2026","998398"
"1690","Normal/Others","WS/MP429/2024-2025/156835-Construction of additional rooms and halls in the existing public and community building","Chhattisgarh","KORBA(Collector-Korba)","Prayer Room/Shed construction at Primary School at Gram Panchayat - Nirdhi , Vikas Khand - Pali","Jyotsna Charandas Mahant","KORBA","Images","11-Aug-2026","299975"
"1691","Normal/Others","WS/MP18048/2024-2025/145575-Construction of culverts and bridges","Chhattisgarh","SUKMA(Collector Sukma_IDA)","gram dhodra me 02 metre span puliya nirman karya","MAHESH KASHYAP","BASTAR(ST)","Images","17-Oct-2025","673990"
"1692","Normal/Others","WS/MP18048/2024-2025/145567-Construction of community centers and community halls","Chhattisgarh","SUKMA(Collector Sukma_IDA)","gram panchayat budadi me rashan dukan hetu bhavan nirman karya","MAHESH KASHYAP","BASTAR(ST)","Images","26-Nov-2025","485801"
"1693","Normal/Others","WS/MP18161/2024-2025/136673-Construction of roads, link roads, pathways or any other road with or without drainage system","Rajasthan","ALWAR(DISTRICT COLLECTOR ALWAR_IDA)","cc / interlocking sadak nirman karya moti ka nagla chauraha se bhagchand ke ghar ki taraf gram Doroli work agency- g p Doroli","SANJNA JATAV","BHARATPUR(SC)","Images","12-Feb-2025","494356"
"1694","Normal/Others","WS/MP18161/2024-2025/136674-Construction of roads, link roads, pathways or any other road with or without drainage system","Rajasthan","ALWAR(DISTRICT COLLECTOR ALWAR_IDA)","cc / interlocking sadak nirman karya kaare khan ke ghar se sandoli road ki taraf gram patwari ka nagla Chainpura work agency- g p Doroli","SANJNA JATAV","BHARATPUR(SC)","Images","12-Feb-2025","494706.1"
"1695","Normal/Others","WS/MP18161/2024-2025/138071-Installing hand pumps","Rajasthan","ALWAR(DISTRICT COLLECTOR ALWAR_IDA)","Sarvjanik handpump Nirman karya school wala Mandir ke pass gram Hulyana work agency GP tikri","SANJNA JATAV","BHARATPUR(SC)","Images","08-Jul-2025","99296"
"1696","Normal/Others","WS/MP18161/2024-2025/136671-Construction of roads, link roads, pathways or any other road with or without drainage system","Rajasthan","ALWAR(DISTRICT COLLECTOR ALWAR_IDA)","cc / interlocking sadak nirman karya shamshan ghat se beej godam ki taraf jatav mohalla gram -Rampura work agency- GP Bahrampur","SANJNA JATAV","BHARATPUR(SC)","Images","23-Apr-2025","598129"
"1697","Normal/Others","WS/MP18161/2024-2025/136672-Construction of roads, link roads, pathways or any other road with or without drainage system","Rajasthan","ALWAR(DISTRICT COLLECTOR ALWAR_IDA)","cc / interlocking sadak nirman karya prakash meena ke ghar se pwd sadak ki taraf gram -Govind Pura work agency- gp Bahrampur","SANJNA JATAV","BHARATPUR(SC)","Images","23-Apr-2025","394314"
"1698","Normal/Others","WS/MP18253/2024-2025/141438-Installing tube-wells and borewells","West Bengal","South 24 Parganas(DISTRICT MAGISTRATE SOUTH TWENTY FOUR PARGANAS_IDA)","Sinking of tubewell at Sitarampur near Rabindranath Jana house.Dag No-826,JL No-7","BAPI HALDAR","MATHURAPUR(SC)","N/A","02-Jan-2025","221021"
"1699","Normal/Others","WS/MP435/2024-2025/145624-Construction of public staircase/ stair ghat for public convenience","Jharkhand","RANCHI(DEPUTY COMMISSIONER RANCHI_IDA)","Construction of Stair at Chat Ghat at Village-Malmandu under Puriyo Panchayat, Ratu block.","Sanjay Seth","RANCHI","N/A","03-Apr-2026","1050200"
"1700","Normal/Others","WS/MP435/2024-2025/145629-Construction of common work sheds/ common covered sitting area","Jharkhand","RANCHI(DEPUTY COMMISSIONER RANCHI_IDA)","Construction of Shed at Crematorium at Badka Pond at Simliya village under Simliya panchayat under Ratu Block.","Sanjay Seth","RANCHI","N/A","03-Apr-2026","463600"
"1701","Normal/Others","WS/MP435/2024-2025/145627-Construction of roads, link roads, pathways or any other road with or without drainage system","Jharkhand","RANCHI(DEPUTY COMMISSIONER RANCHI_IDA)","Construction of PCC Road form Chandan Singh's house, through the house of Basant Sahu's house via Nitin Singh's house at village Basant Vihar colony under Pandra panchayat, Ratu block.","Sanjay Seth","RANCHI","N/A","20-Jul-2025","829500"
"1702","Normal/Others","WS/MP435/2024-2025/145628-Construction of roads, link roads, pathways or any other road with or without drainage system","Jharkhand","RANCHI(DEPUTY COMMISSIONER RANCHI_IDA)","Construction of PCC Road form Vijay Sahu's house via Shivra Oraon's house at ward no.-33, Pandra ranka Toli.","Sanjay Seth","RANCHI","N/A","20-Jul-2025","686000"
"1703","Normal/Others","WS/MP435/2024-2025/145826-Construction of common work sheds/ common covered sitting area","Jharkhand","RANCHI(DEPUTY COMMISSIONER RANCHI_IDA)","Construction of a Stage at Bhagwan Birsa Munda Adivasi Akhada (Palestra) under Sukurhuttu Panchayat Niche Toli, kanke Block.","Sanjay Seth","RANCHI","N/A","03-Apr-2026","984400"
"1704","Normal/Others","WS/MP435/2024-2025/145827-Construction of roads, link roads, pathways or any other road with or without drainage system","Jharkhand","RANCHI(DEPUTY COMMISSIONER RANCHI_IDA)","Construction of Paver Block road at Sasanbera from near Mandir via Pepro Dah Chhat Ghat under Rajadera Panchayat.","Sanjay Seth","RANCHI","N/A","03-Apr-2026","636200"
"1705","Normal/Others","WS/MP435/2024-2025/145843-Construction of roads, link roads, pathways or any other road with or without drainage system","Jharkhand","RANCHI(DEPUTY COMMISSIONER RANCHI_IDA)","Constructiion of PCC Road (300 ft.) at Benti, form Madhupur School via Goga Munda's house under Bisa Panchayat, Angara Blok.","Sanjay Seth","RANCHI","N/A","23-Jul-2025","557100"
"1706","Normal/Others","WS/MP435/2024-2025/145838-Construction of common work sheds/ common covered sitting area","Jharkhand","RANCHI(DEPUTY COMMISSIONER RANCHI_IDA)","Construction of Dashkarma Shed at Village Paika under Paika Panchayat, Angara Block.","Sanjay Seth","RANCHI","N/A","03-Apr-2026","463600"
"1707","Normal/Others","WS/MP435/2024-2025/145841-Construction of roads, link roads, pathways or any other road with or without drainage system","Jharkhand","RANCHI(DEPUTY COMMISSIONER RANCHI_IDA)","Construction of PCC road and Guardwall at Village Hesal from Near Government School via Chota Talaab (Pond) (Dashkarma Ghat) under Hesal Panchayat, Angara Block.","Sanjay Seth","RANCHI","N/A","03-Apr-2026","680200"
"1708","Normal/Others","WS/MP435/2024-2025/145842-Construction of common work sheds/ common covered sitting area","Jharkhand","RANCHI(DEPUTY COMMISSIONER RANCHI_IDA)","Construction of Dashkarma Shed at Getalsud, near Munda Toli under Getalsud Panchayat, Angara Block..","Sanjay Seth","RANCHI","N/A","03-Apr-2026","463600"
"1709","Repair and Renovation","WS/MP485/2024-2025/136156-Construction of rooms and halls in school and colleges","West Bengal","South 24 Parganas(DISTRICT MAGISTRATE SOUTH TWENTY FOUR PARGANAS_IDA)","Renovation of Jibantala Rokeya Mahavidyalay, G.P-Sarengabad","Pratima Mondal","JOYNAGAR(SC)","N/A","24-Jul-2025","997833"
"1710","Normal/Others","WS/MP435/2024-2025/145862-Construction of roads, link roads, pathways or any other road with or without drainage system","Jharkhand","RANCHI(DEPUTY COMMISSIONER RANCHI_IDA)","Construction of PCC Road (400 ft.) at Village Kumharia, near Devi Mandap, under Sataknadu Panchayat, kanke Block.","Sanjay Seth","RANCHI","N/A","03-Apr-2026","642000"
"1711","Normal/Others","WS/MP435/2024-2025/145861-Construction of roads, link roads, pathways or any other road with or without drainage system","Jharkhand","RANCHI(DEPUTY COMMISSIONER RANCHI_IDA)","Construction of Paver Block Road at Doranda Bazaar Mohalla from Umesh pandit's House via Vishnu Ghosh's house.","Sanjay Seth","RANCHI","N/A","20-Jul-2025","377300"
"1712","Normal/Others","WS/MP435/2024-2025/145868-Construction of roads, link roads, pathways or any other road with or without drainage system","Jharkhand","RANCHI(DEPUTY COMMISSIONER RANCHI_IDA)","Construction of PCC road at Manitola, Doranda from Atwa Oraon's house via Pathar Road, kali Mandir.","Sanjay Seth","RANCHI","N/A","03-Apr-2026","451900"
"1713","Normal/Others","WS/MP435/2024-2025/145869-Construction of roads, link roads, pathways or any other road with or without drainage system","Jharkhand","RANCHI(DEPUTY COMMISSIONER RANCHI_IDA)","Construction of PCC road at Hinoo, ranchi, Bal mandir School road, Near Bihari Club.","Sanjay Seth","RANCHI","N/A","03-Apr-2026","316800"
"1714","Normal/Others","WS/MP435/2024-2025/145969-Construction of common work sheds/ common covered sitting area","Jharkhand","RANCHI(DEPUTY COMMISSIONER RANCHI_IDA)","Construction of Platform and Shed at Chakla Sarna Toli under Ormanjhi Block.","Sanjay Seth","RANCHI","N/A","03-Apr-2026","984400"
"1715","Normal/Others","WS/MP435/2024-2025/145968-Construction of roads, link roads, pathways or any other road with or without drainage system","Jharkhand","RANCHI(DEPUTY COMMISSIONER RANCHI_IDA)","Construction of PCC road at village Baghmara from School via Charku Mahto's house under Sadma panchayat, Ormanjhi Block.","Sanjay Seth","RANCHI","N/A","30-Nov-2025","642700"
"1716","Normal/Others","WS/MP435/2024-2025/145996-Construction of roads, link roads, pathways or any other road with or without drainage system","Jharkhand","RANCHI(DEPUTY COMMISSIONER RANCHI_IDA)","Construction of PCC Road through main Road, Brajesh Singh's house  via Arvind Pandey's house at SAIL City road (Hanuman Nagar, New Pundag, Road No.-4), Ranchi.","Sanjay Seth","RANCHI","N/A","30-Nov-2025","596600"
"1717","Normal/Others","WS/MP435/2024-2025/145967-Construction of roads, link roads, pathways or any other road with or without drainage system","Jharkhand","RANCHI(DEPUTY COMMISSIONER RANCHI_IDA)","Construction of PCC road at village Kamta from Jhanku Mahto's house through Surendra Nath Mahto via Mahavir Mandir road under Kucchu panchayat, Ormanjhi Block.","Sanjay Seth","RANCHI","N/A","20-Jul-2025","422800"
"1718","Normal/Others","WS/MP435/2024-2025/145971-Construction of roads, link roads, pathways or any other road with or without drainage system","Jharkhand","RANCHI(DEPUTY COMMISSIONER RANCHI_IDA)","Construction of PCC road (600 ft.) at JP Market, Dhurwa from near both side Guriya's house while mixing main road.","Sanjay Seth","RANCHI","N/A","03-Apr-2026","686000"
"1719","Normal/Others","WS/MP435/2024-2025/145998-Construction of roads, link roads, pathways or any other road with or without drainage system","Jharkhand","RANCHI(DEPUTY COMMISSIONER RANCHI_IDA)","Construction of PCC Road from Shankar Mehta's house through Vinay's Singh's house via Diwali Sharma's house at Kali Nagar under Bargawan Panchayat, namkum, Ranchi.","Sanjay Seth","RANCHI","N/A","23-Jul-2025","579900"
"1720","Normal/Others","WS/MP435/2024-2025/145972-Providing drains and gutters for public drainage","Jharkhand","RANCHI(DEPUTY COMMISSIONER RANCHI_IDA)","Construction of Drain (425 ft.) in front of the oilman's house at Sakhua bagan, Dhurwa.","Sanjay Seth","RANCHI","N/A","03-Apr-2026","685500"
"1721","Normal/Others","WS/MP18181/2024-2025/151262-Construction of bus-sheds or bus-stops","Tamil Nadu","COIMBATORE(DISTRICT COLLECTOR COIMBATORE_IDA)","Construction of Passenger Shelter in Emmegoundanpalayam Village, near Rasukutti thottam, Chettikapalayam Panchayat.","ESWARASAMY K","POLLACHI","Images","25-Feb-2025","470495"
"1722","Normal/Others","WS/MP435/2024-2025/145999-Construction of roads, link roads, pathways or any other road with or without drainage system","Jharkhand","RANCHI(DEPUTY COMMISSIONER RANCHI_IDA)","Construction of PCC Road from Shiv Mandir via Subhash Singh's house at kali Nagar, Namkum.","Sanjay Seth","RANCHI","N/A","20-Jul-2025","586100"
"1723","Normal/Others","WS/MP640/2024-2025/149325-Construction of boundary walls of existing public and community buildings","Madhya Pradesh","SEONI(District Collector Seoni_IDA)","Construction of Boundary wall & Maharana pratap samudayik bhawan deori road, chhapara","Faggan Singh Kulaste","MANDLA(ST)","Images","21-Mar-2025","999960"
"1724","Normal/Others","WS/MP435/2024-2025/146000-Construction of roads, link roads, pathways or any other road with or without drainage system","Jharkhand","RANCHI(DEPUTY COMMISSIONER RANCHI_IDA)","Construction of PCC Road near Rahul Singh's house at ward-34, Ganga Nagar (Sai City), Ranchi.","Sanjay Seth","RANCHI","N/A","30-Nov-2025","657700"
"1725","Normal/Others","WS/MP435/2024-2025/146001-Construction of roads, link roads, pathways or any other road with or without drainage system","Jharkhand","RANCHI(DEPUTY COMMISSIONER RANCHI_IDA)","Construction of PCC Road from Umashankar Prasad's via Churi Wali's house at Ward-49, Saket Nagar, Hinoo, Ranchi.","Sanjay Seth","RANCHI","N/A","30-Nov-2025","608900"
"1726","Normal/Others","WS/MP435/2024-2025/146454-Construction of roads, link roads, pathways or any other road with or without drainage system","Jharkhand","RANCHI(DEPUTY COMMISSIONER RANCHI_IDA)","Construction of PCC Road from Kuila Bedia's house via Swarnrekha River at Barwa Toli, Village-Rangamati under Angara Block.","Sanjay Seth","RANCHI","N/A","20-Jul-2025","454400"
"1727","Normal/Others","WS/MP716/2024-2025/139171-Construction of roads, link roads, pathways or any other road with or without drainage system","Punjab","MANSA(DEPUTY COMMISSIONER MANSA_IDA)","Construction of Interlock Street & Both Side Drains House From Gurnam singh s/o bhag singh to gurjant singh s/o Mukhtiyar Singh House","Smt Harsimrat Kaur Badal","BHATINDA","Images","28-Aug-2025","350000"
"1728","Normal/Others","WS/MP435/2024-2025/146450-Construction of roads, link roads, pathways or any other road with or without drainage system","Jharkhand","RANCHI(DEPUTY COMMISSIONER RANCHI_IDA)","Construction of PCC Road near Nutan Apartment at Pragati Path, Jayprakash Nagar under Ward-06, Ranchi","Sanjay Seth","RANCHI","N/A","03-Apr-2026","585200"
"1729","Normal/Others","WS/MP435/2024-2025/146449-Construction of roads, link roads, pathways or any other road with or without drainage system","Jharkhand","RANCHI(DEPUTY COMMISSIONER RANCHI_IDA)","Construction of PCC Road from near Kathal More, NH-23 via Suman Kumar's house at Dev Nagar, Kathal More, under Ward-13, Ranchi","Sanjay Seth","RANCHI","N/A","20-Jul-2025","686300"
"1730","Normal/Others","WS/MP435/2024-2025/146300-Construction of roads, link roads, pathways or any other road with or without drainage system","Jharkhand","RANCHI(DEPUTY COMMISSIONER RANCHI_IDA)","Construction of PCC road from Lochan Nayak's house via sudhir Kumar's house at ward-49, Saket Nagar, Hinoo, Ranchi.","Sanjay Seth","RANCHI","N/A","20-Jul-2025","295300"
"1731","Normal/Others","WS/MP435/2024-2025/146299-Construction of roads, link roads, pathways or any other road with or without drainage system","Jharkhand","RANCHI(DEPUTY COMMISSIONER RANCHI_IDA)","Construction of PCC road from Arun Jha's house via Gauri Prasad's house at ward-49, Saket Nagar, Hinoo, Ranchi.","Sanjay Seth","RANCHI","N/A","03-Apr-2026","283200"
"1732","Normal/Others","WS/MP435/2024-2025/146301-Construction of roads, link roads, pathways or any other road with or without drainage system","Jharkhand","RANCHI(DEPUTY COMMISSIONER RANCHI_IDA)","Construction of PCC road from Parmwshwar Ji's house via Puran Ji's house at Shivpuri, Road No-7, Hotwasi Panchayat under Nagri Block.","Sanjay Seth","RANCHI","N/A","23-Jul-2025","472000"
"1733","Normal/Others","WS/MP435/2024-2025/146302-Construction of roads, link roads, pathways or any other road with or without drainage system","Jharkhand","RANCHI(DEPUTY COMMISSIONER RANCHI_IDA)","Construction of PCC road from Dinesh Pramanik's house via Ajit Singh's house at Shivpuri, Road No-4, Hotwasi Panchayat under Nagri Block.","Sanjay Seth","RANCHI","N/A","30-Nov-2025","340700"
"1734","Normal/Others","WS/MP435/2024-2025/146544-Construction of roads, link roads, pathways or any other road with or without drainage system","Jharkhand","RANCHI(DEPUTY COMMISSIONER RANCHI_IDA)","Construction of PCC Road from Kaushal's house via Khushi's house under ward-5, Ekta Nagar basti, Booty More, Ranchi.","Sanjay Seth","RANCHI","N/A","20-Jul-2025","972800"
"1735","Normal/Others","WS/MP435/2024-2025/160713-Construction of roads, link roads, pathways or any other road with or without drainage system","Jharkhand","RANCHI(DEPUTY COMMISSIONER RANCHI_IDA)","Construction of PCC road from Deepak Oraon's house via Arena (Akhara) to the house of Bihari Oraon at Hehal, Pawa Toli, Ranchi.","Sanjay Seth","RANCHI","N/A","20-Jul-2025","1396300"
"1736","Normal/Others","WS/MP435/2024-2025/160714-Construction of roads, link roads, pathways or any other road with or without drainage system","Jharkhand","RANCHI(DEPUTY COMMISSIONER RANCHI_IDA)","Construction of PCC road near Sukhram Bedia's house at Village Khabhawan under Kuchu Panchayat, Angara Block, Ranchi.","Sanjay Seth","RANCHI","N/A","23-Jul-2025","644900"
"1737","Normal/Others","WS/MP381/2024-2025/153012-Construction of rooms and halls in school and colleges","Punjab","AMRITSAR(DEPUTY COMMISSIONER AMRITSAR_IDA)","CONSTRUCTION OF MULTIPURPOSE HALL AT SCHOOL OF EMINANCE KARAM PURA E BLOCK RANJIT AVENUE ASR","Shri Gurjeet Singh Aujla","AMRITSAR","N/A","02-Jan-2025","492600"
"1738","Normal/Others","WS/MP18161/2024-2025/136228-Construction of roads, link roads, pathways or any other road with or without drainage system","Rajasthan","ALWAR(DISTRICT COLLECTOR ALWAR_IDA)","cc/interlocking sadak with nali nirman karya jaggi ke makan se shamshan ghat ki taraf gram garoo","SANJNA JATAV","BHARATPUR(SC)","Images","16-Jan-2025","494264"
"1739","Normal/Others","WS/MP18155/2024-2025/158162-Installing tube-wells and borewells","Punjab","HOSHIARPUR(DEPUTY COMMISSIONER HOSHIARPUR_IDA)","Repair of Irrigation Tubewell","DR. RAJ KUMAR CHABBEWAL","HOSHIARPUR(SC)","N/A","31-Dec-2025","200000"
"1740","Normal/Others","WS/MP18161/2024-2025/136229-Construction of roads, link roads, pathways or any other road with or without drainage system","Rajasthan","ALWAR(DISTRICT COLLECTOR ALWAR_IDA)","cc/interlocking sadak with nali nirman karya kuaa se ramkhiladi  ki taraf gram garoo","SANJNA JATAV","BHARATPUR(SC)","Images","16-Jan-2025","755904"
"1741","Normal/Others","WS/MP858/2024-2025/139547-Providing drains and gutters for public drainage","West Bengal","BIRBHUM(DISTRICT MAGISTRATE BIRBHUM_IDA)","Construction of concrete drain from MUKTI MONDAL house to KANTI MONDAL house. at khala, Executing Agency will be EO NANOOR PANCHATY SAMITI.","Asit Kumar Mal","BOLPUR(SC)","Images","03-Mar-2025","1024370"
"1742","Normal/Others","WS/MP18161/2024-2025/136230-Lighting of public spaces","Rajasthan","ALWAR(DISTRICT COLLECTOR ALWAR_IDA)","sarwjanik high maast light lagane ka karya gram garoo","SANJNA JATAV","BHARATPUR(SC)","Images","12-May-2025","489289"
"1743","Normal/Others","WS/MP18354/2024-2025/160739-Construction of culverts and bridges","Chhattisgarh","SURGUJA(Collector Surguja_IDA)","GRAM PANCHAYAT LALITPUR JANGALPARA PAHUNCH MARG ME PULIYA","CHINTAMANI MAHARAJ","SARGUJA(ST)","Images","16-Oct-2025","500000"
"1744","Normal/Others","WS/MP429/2024-2025/155509-Construction of common work sheds/ common covered sitting area","Chhattisgarh","Gaurela-Pendra-Marwahi(Collector GPM_IDA)","Shed and manch construction at Gram Panchayat - Jhabar , Vikaskhand - Pendra","Jyotsna Charandas Mahant","KORBA","Images","10-Mar-2026","500000"
"1745","Normal/Others","WS/MP18161/2024-2025/136668-Construction of roads, link roads, pathways or any other road with or without drainage system","Rajasthan","ALWAR(DISTRICT COLLECTOR ALWAR_IDA)","cc / interlocking sadak with nali nirman karya ambedkar bhavan se ramjilal jatav ke ghar ki taraf gram -Gahalawata work agency- GP Kuttin sahabdas","SANJNA JATAV","BHARATPUR(SC)","Images","28-Jan-2025","998242"
"1746","Normal/Others","WS/MP18161/2024-2025/136669-Crematoriums/energy efficient crematoriums or structures on burial/cremation ground","Rajasthan","ALWAR(DISTRICT COLLECTOR ALWAR_IDA)","shamshan ghat ki chardiwari with gate v anya vikas karya gram -Gahalawata work agency- GP Kuttin sahabdas","SANJNA JATAV","BHARATPUR(SC)","Images","23-Jan-2025","493994"
"1747","Normal/Others","WS/MP18161/2024-2025/136232-Construction of roads, link roads, pathways or any other road with or without drainage system","Rajasthan","ALWAR(DISTRICT COLLECTOR ALWAR_IDA)","cc/interlocking sadak with nali nirman karya rajesh ramprasad ke ghar se moharsingh jatav v makkhan ke ghar ki taraf gram gahlawata","SANJNA JATAV","BHARATPUR(SC)","Images","22-Jan-2025","594786"
"1748","Normal/Others","WS/MP18338/2024-2025/152358-Street lights","Telangana","YADADRI BHUVANAGIRI(DISTRICT COLLECTOR YADADRI BHUVANAGIRI_IDA)","PROVIDING OF STREET LIGHTS IN BHEEMANAPALLY VILLAGE","CHAMALA KIRAN KUMAR REDDY","BHONGIR","N/A","02-Jan-2025","99855"
"1749","Normal/Others","WS/MP18338/2024-2025/152359-Street lights","Telangana","YADADRI BHUVANAGIRI(DISTRICT COLLECTOR YADADRI BHUVANAGIRI_IDA)","PROVIDING OF STREET LIGHTS IN DANTHURU VILLAGE","CHAMALA KIRAN KUMAR REDDY","BHONGIR","N/A","02-Jan-2025","99855"
"1750","Normal/Others","WS/MP18338/2024-2025/152361-Street lights","Telangana","YADADRI BHUVANAGIRI(DISTRICT COLLECTOR YADADRI BHUVANAGIRI_IDA)","PROVIDING OF STREET LIGHTS IN DHARMAREDDYPALLY VILLAGE","CHAMALA KIRAN KUMAR REDDY","BHONGIR","N/A","02-Jan-2025","99855"
"1751","Normal/Others","WS/MP18338/2024-2025/152362-Street lights","Telangana","YADADRI BHUVANAGIRI(DISTRICT COLLECTOR YADADRI BHUVANAGIRI_IDA)","PROVIDING OF STREET LIGHTS IN DHOTHIGUDEM VILLAGE","CHAMALA KIRAN KUMAR REDDY","BHONGIR","N/A","03-Jan-2025","47364"
"1752","Normal/Others","WS/MP18338/2024-2025/152360-Street lights","Telangana","YADADRI BHUVANAGIRI(DISTRICT COLLECTOR YADADRI BHUVANAGIRI_IDA)","PROVIDING OF STREET LIGHTS IN  DESHMUKHI VILLAGE","CHAMALA KIRAN KUMAR REDDY","BHONGIR","N/A","02-Jan-2025","99855"
"1753","Normal/Others","WS/MP18338/2024-2025/152363-Street lights","Telangana","YADADRI BHUVANAGIRI(DISTRICT COLLECTOR YADADRI BHUVANAGIRI_IDA)","PROVIDING OF STREET LIGHTS IN GOSUKONDA VILLAGE","CHAMALA KIRAN KUMAR REDDY","BHONGIR","N/A","02-Jan-2025","99855"
"1754","Normal/Others","WS/MP18338/2024-2025/152364-Street lights","Telangana","YADADRI BHUVANAGIRI(DISTRICT COLLECTOR YADADRI BHUVANAGIRI_IDA)","PROVIDING OF STREET LIGHTS IN INDRIYALA VILLAGE","CHAMALA KIRAN KUMAR REDDY","BHONGIR","N/A","02-Jan-2025","99855"
"1755","Normal/Others","WS/MP18338/2024-2025/152369-Street lights","Telangana","YADADRI BHUVANAGIRI(DISTRICT COLLECTOR YADADRI BHUVANAGIRI_IDA)","PROVIDING OF STREET LIGHTS IN JULURU VILLAGE","CHAMALA KIRAN KUMAR REDDY","BHONGIR","N/A","02-Jan-2025","99855"
"1756","Normal/Others","WS/MP18338/2024-2025/152374-Street lights","Telangana","YADADRI BHUVANAGIRI(DISTRICT COLLECTOR YADADRI BHUVANAGIRI_IDA)","PROVIDING OF STREET LIGHTS IN KANUMUKULA VILLAGE","CHAMALA KIRAN KUMAR REDDY","BHONGIR","N/A","02-Jan-2025","99855"
"1757","Normal/Others","WS/MP18338/2024-2025/152380-Street lights","Telangana","YADADRI BHUVANAGIRI(DISTRICT COLLECTOR YADADRI BHUVANAGIRI_IDA)","PROVIDING OF STREET LIGHTS IN PEDDAGUDEM VILLAGE","CHAMALA KIRAN KUMAR REDDY","BHONGIR","N/A","03-Jan-2025","99855"
"1758","Normal/Others","WS/MP18211/2024-2025/137325-Construction of roads, link roads, pathways or any other road with or without drainage system","Uttar Pradesh","Kushinagar(DISTRICT MAGISTRATE KUSHINAGAR PADRAUNA_IDA)","Gram - Barwapatti, Vikas khand - Dudehi me main pitch road se Virendra Tiwari ke ghar tak CC road ka nirmaan. lagbhag - 148 meter","SHASHANK MANI","DEORIA","N/A","26-Aug-2025","1167140"
"1759","Normal/Others","WS/MP799/2024-2025/154648-Construction of roads, link roads, pathways or any other road with or without drainage system","Uttar Pradesh","Mahrajganj(DISTRICT MAGISTRAE MAHARAJGANJ_IDA)","Village Mahuawa adda me gas agency ke bagal se bhartoliya tole tak 250 meter CC Road","Pankaj Chowdhary","MAHARAJGANJ_UP","N/A","21-Jan-2026","2926872"
"1760","Normal/Others","WS/MP799/2024-2025/154649-Construction of roads, link roads, pathways or any other road with or without drainage system","Uttar Pradesh","Mahrajganj(DISTRICT MAGISTRAE MAHARAJGANJ_IDA)","Village Parsauni avrar ke khet se green mount school tak 200 meter CC Road","Pankaj Chowdhary","MAHARAJGANJ_UP","N/A","21-Jan-2026","2714708"
"1761","Normal/Others","WS/MP641/2024-2025/153861-Purchase of mobile water tankers","Madhya Pradesh","BARWANI(DISTRICT COLLECTOR BADWANI_IDA)","Purchase of mobile water tanker in village Aamli (Piparkund)","Gajendra Singh Patel","KHARGONE(ST)","N/A","22-Jan-2026","166026"
"1762","Normal/Others","WS/MP641/2024-2025/153862-Purchase of mobile water tankers","Madhya Pradesh","BARWANI(DISTRICT COLLECTOR BADWANI_IDA)","Purchase of mobile water tanker in village Ambi","Gajendra Singh Patel","KHARGONE(ST)","N/A","23-Jan-2026","166026"
"1763","Normal/Others","WS/MP641/2024-2025/153863-Purchase of mobile water tankers","Madhya Pradesh","BARWANI(DISTRICT COLLECTOR BADWANI_IDA)","Purchase of mobile water tanker in village Turkikheda(Kumbhkhet)","Gajendra Singh Patel","KHARGONE(ST)","N/A","22-Jan-2026","166026"
"1764","Normal/Others","WS/MP641/2024-2025/153864-Purchase of mobile water tankers","Madhya Pradesh","BARWANI(DISTRICT COLLECTOR BADWANI_IDA)","Purchase of mobile water tanker in village Kalakhet (Golpatiwadi)","Gajendra Singh Patel","KHARGONE(ST)","N/A","22-Jan-2026","166026"
"1765","Normal/Others","WS/MP716/2024-2025/141807-Improvement of electricity distribution infrastructure","Punjab","SRI MUKTSAR SAHIB(DEPUTY COMMISSIONER SRI MUKTSAR SAHIB_IDA)","Installation of XLPE Cable by Dismantling 11 K.V line Gadda Dob U.P.C feeder","Smt Harsimrat Kaur Badal","BHATINDA","Images","10-Jul-2025","105791"
"1766","Normal/Others","WS/MP641/2024-2025/153865-Purchase of mobile water tankers","Madhya Pradesh","BARWANI(DISTRICT COLLECTOR BADWANI_IDA)","Purchase of mobile water tanker in village Barukhodra","Gajendra Singh Patel","KHARGONE(ST)","N/A","12-May-2026","166026"
"1767","Normal/Others","WS/MP799/2024-2025/154646-Construction of roads, link roads, pathways or any other road with or without drainage system","Uttar Pradesh","Mahrajganj(DISTRICT MAGISTRAE MAHARAJGANJ_IDA)","Village Jungle Gulahariya me sewak maury ke ghar se rajeshwar chauhan ke ghar tak 200 meter CC Road","Pankaj Chowdhary","MAHARAJGANJ_UP","N/A","21-Jan-2026","2605086"
"1768","Normal/Others","WS/MP641/2024-2025/153860-Purchase of mobile water tankers","Madhya Pradesh","BARWANI(DISTRICT COLLECTOR BADWANI_IDA)","Purchase of mobile water tanker in village Bhurwani (Shivni)","Gajendra Singh Patel","KHARGONE(ST)","N/A","22-Jan-2026","166026"
"1769","Normal/Others","WS/MP641/2024-2025/153866-Purchase of mobile water tankers","Madhya Pradesh","BARWANI(DISTRICT COLLECTOR BADWANI_IDA)","Purchase of mobile water tanker in village Charankheda","Gajendra Singh Patel","KHARGONE(ST)","N/A","12-May-2026","166026"
"1770","Normal/Others","WS/MP641/2024-2025/153859-Purchase of mobile water tankers","Madhya Pradesh","BARWANI(DISTRICT COLLECTOR BADWANI_IDA)","Purchase of mobile water tanker in village Ubadgrah","Gajendra Singh Patel","KHARGONE(ST)","N/A","22-Jan-2026","166026"
"1771","Normal/Others","WS/MP641/2024-2025/153858-Purchase of mobile water tankers","Madhya Pradesh","BARWANI(DISTRICT COLLECTOR BADWANI_IDA)","Purchase of mobile water tanker in village Gudi","Gajendra Singh Patel","KHARGONE(ST)","N/A","22-Jan-2026","166026"
"1772","Normal/Others","WS/MP18211/2024-2025/137324-Construction of roads, link roads, pathways or any other road with or without drainage system","Uttar Pradesh","Kushinagar(DISTRICT MAGISTRATE KUSHINAGAR PADRAUNA_IDA)","Gram Sabha- Bichpatwa, Vikas khand- Dudehi me Suresh Tiwari ke ghar se Jawahir ke ghar tak CC road ka nirmaan. lagbhag - 100 meter","SHASHANK MANI","DEORIA","Images","04-Sep-2025","1174218"
"1773","Normal/Others","WS/MP641/2024-2025/153867-Purchase of mobile water tankers","Madhya Pradesh","BARWANI(DISTRICT COLLECTOR BADWANI_IDA)","Purchase of mobile water tanker in village Sukhpuri","Gajendra Singh Patel","KHARGONE(ST)","N/A","12-May-2026","166026"
"1774","Normal/Others","WS/MP18313/2024-2025/147437-Construction of community centers and community halls","Rajasthan","BANSWARA(DISTRICT COLLECTOR BANSWARA_IDA)","barwala bheruji sira bavsi par biradari nirman kary","RAJ KUMAR ROAT","BANSWARA(ST)","N/A","08-Jan-2026","998150"
"1775","Normal/Others","WS/MP641/2024-2025/153868-Purchase of mobile water tankers","Madhya Pradesh","BARWANI(DISTRICT COLLECTOR BADWANI_IDA)","Purchase of mobile water tanker in village Jholpipri","Gajendra Singh Patel","KHARGONE(ST)","N/A","22-Jan-2026","166026"
"1776","Normal/Others","WS/MP641/2024-2025/153869-Purchase of mobile water tankers","Madhya Pradesh","BARWANI(DISTRICT COLLECTOR BADWANI_IDA)","Purchase of mobile water tanker in village Mohipura","Gajendra Singh Patel","KHARGONE(ST)","N/A","23-Jan-2026","166026"
"1777","Normal/Others","WS/MP641/2024-2025/153870-Purchase of mobile water tankers","Madhya Pradesh","BARWANI(DISTRICT COLLECTOR BADWANI_IDA)","Purchase of mobile water tanker in village Badsalay (Barufatak)","Gajendra Singh Patel","KHARGONE(ST)","N/A","23-Jan-2026","166026"
"1778","Normal/Others","WS/MP641/2024-2025/153871-Purchase of mobile water tankers","Madhya Pradesh","BARWANI(DISTRICT COLLECTOR BADWANI_IDA)","Purchase of mobile water tanker in village TalwadaDeb","Gajendra Singh Patel","KHARGONE(ST)","N/A","23-Jan-2026","166026"
"1779","Normal/Others","WS/MP641/2024-2025/153872-Purchase of mobile water tankers","Madhya Pradesh","BARWANI(DISTRICT COLLECTOR BADWANI_IDA)","Purchase of mobile water tanker in village Haribad","Gajendra Singh Patel","KHARGONE(ST)","N/A","23-Jan-2026","166026"
"1780","Normal/Others","WS/MP641/2024-2025/153873-Purchase of mobile water tankers","Madhya Pradesh","BARWANI(DISTRICT COLLECTOR BADWANI_IDA)","Purchase of mobile water tanker in village Badgaon","Gajendra Singh Patel","KHARGONE(ST)","N/A","23-Jan-2026","166026"
"1781","Normal/Others","WS/MP641/2024-2025/153857-Purchase of mobile water tankers","Madhya Pradesh","BARWANI(DISTRICT COLLECTOR BADWANI_IDA)","Purchase of mobile water tanker in village Palwat","Gajendra Singh Patel","KHARGONE(ST)","N/A","22-Jan-2026","166026"
"1782","Normal/Others","WS/MP641/2024-2025/147816-Purchase of mobile water tankers","Madhya Pradesh","BARWANI(DISTRICT COLLECTOR BADWANI_IDA)","Purchase of mobile GI water tanker for village Kunwa","Gajendra Singh Patel","KHARGONE(ST)","N/A","13-Mar-2026","166026"
"1783","Normal/Others","WS/MP641/2024-2025/147815-Purchase of mobile water tankers","Madhya Pradesh","BARWANI(DISTRICT COLLECTOR BADWANI_IDA)","Purchase of mobile GI water tanker for village Takli","Gajendra Singh Patel","KHARGONE(ST)","N/A","13-Mar-2026","166026"
"1784","Normal/Others","WS/MP761/2024-2025/146571-Construction of community centers and community halls","Telangana","Jagitial(DISTRICT COLLECTOR JAGTIAL_IDA)","Construction of Community hall in Swarnakara Sangham in Virat Nagar Ailapur road at Ward No  10 in Korutla town","Arvind Dharmapuri","NIZAMABAD","N/A","19-Aug-2025","356878"
"1785","Normal/Others","WS/MP641/2024-2025/147814-Purchase of mobile water tankers","Madhya Pradesh","BARWANI(DISTRICT COLLECTOR BADWANI_IDA)","Purchase of mobile GI water tanker for village Sagbara","Gajendra Singh Patel","KHARGONE(ST)","Images","22-Jan-2026","166026"
"1786","Normal/Others","WS/MP641/2024-2025/147813-Purchase of mobile water tankers","Madhya Pradesh","BARWANI(DISTRICT COLLECTOR BADWANI_IDA)","Purchase of mobile GI water tanker for village Bhadal","Gajendra Singh Patel","KHARGONE(ST)","N/A","22-Jan-2026","166026"
"1787","Normal/Others","WS/MP641/2024-2025/147812-Purchase of mobile water tankers","Madhya Pradesh","BARWANI(DISTRICT COLLECTOR BADWANI_IDA)","Purchase of mobile GI water tanker for village Jiwani","Gajendra Singh Patel","KHARGONE(ST)","N/A","22-Jan-2026","166026"
"1788","Normal/Others","WS/MP641/2024-2025/147811-Purchase of mobile water tankers","Madhya Pradesh","BARWANI(DISTRICT COLLECTOR BADWANI_IDA)","Purchase of mobile GI water tanker for village Kherwani","Gajendra Singh Patel","KHARGONE(ST)","N/A","22-Jan-2026","166026"
"1789","Normal/Others","WS/MP641/2024-2025/147810-Purchase of mobile water tankers","Madhya Pradesh","BARWANI(DISTRICT COLLECTOR BADWANI_IDA)","Purchase of mobile GI water tanker for village Megha","Gajendra Singh Patel","KHARGONE(ST)","N/A","22-Jan-2026","166026"
"1790","Normal/Others","WS/MP641/2024-2025/147809-Purchase of mobile water tankers","Madhya Pradesh","BARWANI(DISTRICT COLLECTOR BADWANI_IDA)","Purchase of mobile GI water tanker for village Borkund","Gajendra Singh Patel","KHARGONE(ST)","N/A","22-Jan-2026","166026"
"1791","Normal/Others","WS/MP641/2024-2025/147806-Purchase of mobile water tankers","Madhya Pradesh","BARWANI(DISTRICT COLLECTOR BADWANI_IDA)","Purchase of mobile water tanker for village Dhanora","Gajendra Singh Patel","KHARGONE(ST)","N/A","13-Mar-2026","139388"
"1792","Normal/Others","WS/MP429/2024-2025/157869-Construction of community centers and community halls","Chhattisgarh","KORBA(Collector-Korba)","Manch construction at Amali Bahra in Gram Panchayat - Kumhari Darri, Vikas Khand - Poundi Uproda","Jyotsna Charandas Mahant","KORBA","Images","10-Aug-2026","250000"
"1793","Normal/Others","WS/MP641/2024-2025/147808-Purchase of mobile water tankers","Madhya Pradesh","BARWANI(DISTRICT COLLECTOR BADWANI_IDA)","Purchase of mobile GI water tanker for village Muvaswada","Gajendra Singh Patel","KHARGONE(ST)","N/A","22-Jan-2026","166026"
"1794","Normal/Others","WS/MP641/2024-2025/147807-Purchase of mobile water tankers","Madhya Pradesh","BARWANI(DISTRICT COLLECTOR BADWANI_IDA)","Purchase of mobile GI water tanker for village Chouki","Gajendra Singh Patel","KHARGONE(ST)","N/A","22-Jan-2026","166026"
"1795","Normal/Others","WS/MP18211/2024-2025/137322-Construction of roads, link roads, pathways or any other road with or without drainage system","Uttar Pradesh","Kushinagar(DISTRICT MAGISTRATE KUSHINAGAR PADRAUNA_IDA)","Gram Sabha - Bariyarpur, Vikas Khand - Sewrahi me Gaurishankar Mishr ke khet se Suryadev Prasad ke khet tak CC road ka nirmaan. Lagbhag-152 meter","SHASHANK MANI","DEORIA","Images","04-Sep-2025","1176814"
"1796","Normal/Others","WS/MP18211/2024-2025/137323-Construction of roads, link roads, pathways or any other road with or without drainage system","Uttar Pradesh","Kushinagar(DISTRICT MAGISTRATE KUSHINAGAR PADRAUNA_IDA)","Gram sabha - Darogadih, Vikas Khand - Dudehi me Durgasthan se Ashok Patel ke ghar tak CC road ka nirmaan. lagbhag-130 meter","SHASHANK MANI","DEORIA","Images","04-Sep-2025","1176932"
"1797","Normal/Others","WS/MP18155/2024-2025/159298-Installing tube-wells and borewells","Punjab","HOSHIARPUR(DEPUTY COMMISSIONER HOSHIARPUR_IDA)","Installation / Repair of Irrigation Tubewell","DR. RAJ KUMAR CHABBEWAL","HOSHIARPUR(SC)","N/A","31-Dec-2025","200000"
"1798","Normal/Others","WS/MP828/2024-2025/150670-Street lights","West Bengal","NADIA(DISTRICT MAGISTRATE NADIA_IDA)","09 nos. Solar Light 6m near: 1)H/O Subodh Biswas 2) H/O Subhash Dhali 3) H/O Ripan Hazra 4) H/O Kumaresh Paul 5) H/O Santosh Roy 6) H/O Bhabotosh Biswas 7) H/O Satya Mandal 8) H/O Akhil Senapati  9) H/O Samir Biswas  under Kamalpur GP, Ranaghat -II Block Development.","Jagannath Sarkar","RANAGHAT(SC)","Images","23-Jun-2025","281980"
"1799","Normal/Others","WS/MP18335/2024-2025/152917-Construction of flood control embankments/ protection walls along riverbanks, hilltops, roadsides","Chhattisgarh","JASHPUR(DISTRICT COLLECTOR JASHPUR_IDA)","Guardwall Construction work","RADHE SHYAM RATHIYA","RAIGARH(ST)","Images","18-Sep-2025","500000"
"1800","Normal/Others","WS/MP828/2024-2025/150672-Street lights","West Bengal","NADIA(DISTRICT MAGISTRATE NADIA_IDA)","09 nos. Solar Light 6m near : 1) H/O Biswajit Biswas 2) H/O Ashok Pare 3) H/O Ajit Ranga 4) H/O Pravash Biswas 5) H/O Ganesh Biswas 6) H/O Shila Biswas 7) H/O Goutam Sarkar 8) Nabarun Sangha 9) Purbapara Tarun Sangha under Kamalpur GP, Ranaghat -II Block Development.","Jagannath Sarkar","RANAGHAT(SC)","Images","23-Jun-2025","281980"
"1801","Normal/Others","WS/MP828/2024-2025/150673-Street lights","West Bengal","NADIA(DISTRICT MAGISTRATE NADIA_IDA)","09 nos. Solar Light 6m near : 1) H/O Jharna Biswas 2)  H/O Basudeb Saha 3) H/O Naresh Biswas 4)  H/O Mihir Das 5) Roypara Kali Mandir 6)H/O Sudhanshu Sarkar 7) H/O Nirmal Roy 8) H/O Debu Biswas 9) H/O Sunil Golder  under Kamalpur GP, Ranaghat -II Block Development","Jagannath Sarkar","RANAGHAT(SC)","Images","23-Jun-2025","281980"
"1802","Normal/Others","WS/MP828/2024-2025/150674-Street lights","West Bengal","NADIA(DISTRICT MAGISTRATE NADIA_IDA)","09 nos. Solar Light 6m near: 1) H/O Dulal Das 2) H/O Jiten Roy 3) H/O Hridoy Roy 4) H/O Pradip Tikadar 5) H/O Babu Biswas  6) H/O Chhita Roy 7)  H/O Bhedu  Biswas 8) H/O Asim Biswas 9) H/O Kuti Biswas under Kamalpur GP, Ranaghat -II Block Development.","Jagannath Sarkar","RANAGHAT(SC)","Images","23-Jun-2025","281980"
"1803","Normal/Others","WS/MP18338/2024-2025/152365-Street lights","Telangana","YADADRI BHUVANAGIRI(DISTRICT COLLECTOR YADADRI BHUVANAGIRI_IDA)","PROVIDING OF STREET LIGHTS IN JAGATHPALLY VILLAGE","CHAMALA KIRAN KUMAR REDDY","BHONGIR","N/A","03-Jan-2025","69861"
"1804","Normal/Others","WS/MP18338/2024-2025/152366-Street lights","Telangana","YADADRI BHUVANAGIRI(DISTRICT COLLECTOR YADADRI BHUVANAGIRI_IDA)","PROVIDING OF STREET LIGHTS IN JALALPUR VILLAGE","CHAMALA KIRAN KUMAR REDDY","BHONGIR","N/A","03-Jan-2025","69861"
"1805","Normal/Others","WS/MP18338/2024-2025/152367-Street lights","Telangana","YADADRI BHUVANAGIRI(DISTRICT COLLECTOR YADADRI BHUVANAGIRI_IDA)","PROVIDING OF STREET LIGHTS IN JIBLAKPALLY VILLAGE","CHAMALA KIRAN KUMAR REDDY","BHONGIR","N/A","03-Jan-2025","69861"
"1806","Normal/Others","WS/MP18338/2024-2025/152376-Street lights","Telangana","YADADRI BHUVANAGIRI(DISTRICT COLLECTOR YADADRI BHUVANAGIRI_IDA)","PROVIDING OF STREET LIGHTS IN KHAPRAIPALLI VILLAGE","CHAMALA KIRAN KUMAR REDDY","BHONGIR","N/A","03-Jan-2025","69861"
"1807","Normal/Others","WS/MP18338/2024-2025/152379-Street lights","Telangana","YADADRI BHUVANAGIRI(DISTRICT COLLECTOR YADADRI BHUVANAGIRI_IDA)","PROVIDING OF STREET LIGHTS IN MEHARNAGAR VILLAGE","CHAMALA KIRAN KUMAR REDDY","BHONGIR","N/A","03-Jan-2025","69861"
"1808","Normal/Others","WS/MP18338/2024-2025/152383-Street lights","Telangana","YADADRI BHUVANAGIRI(DISTRICT COLLECTOR YADADRI BHUVANAGIRI_IDA)","PROVIDING OF STREET LIGHTS IN PEDDA RAVULAPALLY VILLAGE","CHAMALA KIRAN KUMAR REDDY","BHONGIR","N/A","03-Jan-2025","69861"
"1809","Normal/Others","WS/MP18019/2024-2025/153297-Construction of bus-sheds or bus-stops","Assam","KARBI ANGLONG(DEPUTY COMMISSIONER KARBI ANGLONG_IDA)","Construction of Waiting Shed near DIG Office Complex, Diphu","AMARSING TISSO","Diphu (ST)","Images","27-Aug-2025","496993"
"1810","Normal/Others","WS/MP761/2024-2025/146750-Construction of community centers and community halls","Telangana","Jagitial(DISTRICT COLLECTOR JAGTIAL_IDA)","Construction of Community hall in Adarsh Nagar near Shalivahana kummari wada at Ward No 8 in Koratla town","Arvind Dharmapuri","NIZAMABAD","N/A","19-Aug-2025","267659"
"1811","Normal/Others","WS/MP641/2024-2025/137265-Construction of additional rooms and halls in the existing public and community building","Madhya Pradesh","BARWANI(DISTRICT COLLECTOR BADWANI_IDA)","Construction of additional room existing building in village Panya","Gajendra Singh Patel","KHARGONE(ST)","N/A","08-Jul-2025","500000"
"1812","Normal/Others","WS/MP18338/2024-2025/152384-Street lights","Telangana","YADADRI BHUVANAGIRI(DISTRICT COLLECTOR YADADRI BHUVANAGIRI_IDA)","PROVIDING OF STREET LIGHTS IN PILAIPALLY VILLAGE","CHAMALA KIRAN KUMAR REDDY","BHONGIR","N/A","03-Jan-2025","69861"
"1813","Normal/Others","WS/MP18338/2024-2025/152385-Street lights","Telangana","YADADRI BHUVANAGIRI(DISTRICT COLLECTOR YADADRI BHUVANAGIRI_IDA)","PROVIDING OF STREET LIGHTS IN RAMALINGAMPALLY VILLAGE","CHAMALA KIRAN KUMAR REDDY","BHONGIR","N/A","03-Jan-2025","47364"
"1814","Normal/Others","WS/MP18338/2024-2025/152386-Street lights","Telangana","YADADRI BHUVANAGIRI(DISTRICT COLLECTOR YADADRI BHUVANAGIRI_IDA)","PROVIDING OF STREET LIGHTS IN SHIVAREDDIGUDEM VILLAGE","CHAMALA KIRAN KUMAR REDDY","BHONGIR","N/A","03-Jan-2025","69861"
"1815","Normal/Others","WS/MP18338/2024-2025/152387-Street lights","Telangana","YADADRI BHUVANAGIRI(DISTRICT COLLECTOR YADADRI BHUVANAGIRI_IDA)","PROVIDING OF STREET LIGHTS IN VANKAMAMIDI VILLAGE","CHAMALA KIRAN KUMAR REDDY","BHONGIR","N/A","03-Jan-2025","69861"
"1816","Normal/Others","WS/MP18051/2024-2025/155945-Construction of roads, link roads, pathways or any other road with or without drainage system","Chhattisgarh","GARIYABAND(Collectro Gariaband_IDA)","C.C. ROAD NIRMAN KARYA","ROOP KUMARI CHOUDHARY","MAHASAMUND","N/A","11-Aug-2025","300000"
"1817","Normal/Others","WS/MP18006/2024-2025/150014-Construction of roads, link roads, pathways or any other road with or without drainage system","Andhra Pradesh","CHITTOOR(DISTRICT COLLECTOR CHITTOOR_IDA)","Construction of CC road from Kesavulu Chetty House, Via: N.Bhaskar Naidu House to Sathyamma Temple, Ksherasamudram GP in SR Puram Mandal of GD Nelloore Constituency.","DAGGUMALLA PRASADA RAO","CHITTOOR","Images","03-Jan-2025","492938"
"1818","Normal/Others","WS/MP18006/2024-2025/146805-Construction of boundary walls of existing public and community buildings","Andhra Pradesh","CHITTOOR(DISTRICT COLLECTOR CHITTOOR_IDA)","Construction of Pipe Culvert and Balance Stretch of Protection Wall from GMR Puram to VPR Puram of GMR Puram GP of S.R.Puram Mandal.","DAGGUMALLA PRASADA RAO","CHITTOOR","Images","03-Jan-2025","338619"
"1819","Normal/Others","WS/MP18006/2024-2025/136189-Construction of roads, link roads, pathways or any other road with or without drainage system","Andhra Pradesh","CHITTOOR(DISTRICT COLLECTOR CHITTOOR_IDA)","Construction of CC road from R&B Road to Ramesh Reddy House Mangunta Village and GP of SR Puram Mandal of GD Nelloore Constituency.","DAGGUMALLA PRASADA RAO","CHITTOOR","Images","03-Jan-2025","493611"
"1820","Normal/Others","WS/MP18069/2024-2025/154978-Development of playground","Himachal Pradesh","KANGRA(DEPUTY COMMISSIONER KANGRA_IDA)","protection work alongwith land labelling and create wire to protect village ground at Gankhetar","RAJEEV BHARDWAJ","KANGRA","N/A","06-Jan-2025","499999"
"1821","Normal/Others","WS/MP18100/2024-2025/152312-Construction of roads, link roads, pathways or any other road with or without drainage system","Madhya Pradesh","CHHINDWARA(DISTRICT COLLECTOR CHHINDWARA_IDA)","Construction Of CC road From Sanjeev Jain House to Sri Vithal Raut House","BUNTY VIVEK SAHU","CHHINDWARA","Images","10-Apr-2025","300000"
"1822","Normal/Others","WS/MP517/2024-2025/140151-Lighting of public spaces","Uttar Pradesh","AGRA(DISTRICT MAGISTRAE AGRA_IDA)","Pl see my letter no 7897 dated 27-8-2024 me prastavit high mast light install in block Barauli Ahir as par sr no 1,2,3,4,5,6,7,8,9,10","Rajkumar Chahar","FATEHPUR SIKRI","Images","12-Mar-2025","2488890"
"1823","Normal/Others","WS/MP517/2024-2025/140152-Lighting of public spaces","Uttar Pradesh","AGRA(DISTRICT MAGISTRAE AGRA_IDA)","Pl see my letter no 7895 dated 27-8-2024 me prastavit high mast light install in block Barauli Ahir as par sr no 21,22,25,26,30,31,32,33,34,35","Rajkumar Chahar","FATEHPUR SIKRI","Images","12-Mar-2025","2489182"
"1824","Normal/Others","WS/MP517/2024-2025/140153-Lighting of public spaces","Uttar Pradesh","AGRA(DISTRICT MAGISTRAE AGRA_IDA)","Pl see my letter no 7895 dated 27-8-2024 me prastavit high mast light install in block Barauli Ahir as par sr no 36,37,38,39,40,41,42,53,54,55","Rajkumar Chahar","FATEHPUR SIKRI","Images","12-Mar-2025","2488890"
"1825","Normal/Others","WS/MP517/2024-2025/140156-Lighting of public spaces","Uttar Pradesh","AGRA(DISTRICT MAGISTRAE AGRA_IDA)","Pl see my letter no 7895 dated 27-8-2024 me prastavit high mast light install in block Akola as par sr no 11,12,13,15,23,51,52,58,59","Rajkumar Chahar","FATEHPUR SIKRI","Images","12-Mar-2025","2240001"
"1826","Normal/Others","WS/MP517/2024-2025/140157-Lighting of public spaces","Uttar Pradesh","AGRA(DISTRICT MAGISTRAE AGRA_IDA)","Pl see my letter no 7895 dated 27-8-2024 me prastavit high mast light install in block Bichpuri as par sr no 14,16,17,18,19,20,24,27,28,29","Rajkumar Chahar","FATEHPUR SIKRI","Images","12-Mar-2025","2489037"
"1827","Normal/Others","WS/MP517/2024-2025/140158-Lighting of public spaces","Uttar Pradesh","AGRA(DISTRICT MAGISTRAE AGRA_IDA)","Pl see my letter no 7895 dated 27-8-2024 me prastavit high mast light install in block Bichpuri as par sr no 43,44,45,46,47,48,49,50,56,57","Rajkumar Chahar","FATEHPUR SIKRI","Images","12-Mar-2025","2239343"
"1828","Normal/Others","WS/MP517/2024-2025/140159-Lighting of public spaces","Uttar Pradesh","AGRA(DISTRICT MAGISTRAE AGRA_IDA)","Pl see my letter no 7895 dated 27-8-2024 me prastavit high mast light install in block Bichpuri as par sr no 60","Rajkumar Chahar","FATEHPUR SIKRI","Images","12-Mar-2025","248596"
"1829","Normal/Others","WS/MP18161/2024-2025/138066-Construction of roads, link roads, pathways or any other road with or without drainage system","Rajasthan","ALWAR(DISTRICT COLLECTOR ALWAR_IDA)","CC interlocking sadak Nirman karya shishram Gurjar ke Ghar se ration dealer ki dukaan ki or gram Gurjar ka nagla work agency GP sonkhAri","SANJNA JATAV","BHARATPUR(SC)","Images","08-Jan-2025","399142"
"1830","Normal/Others","WS/MP18161/2024-2025/138065-Construction of roads, link roads, pathways or any other road with or without drainage system","Rajasthan","ALWAR(DISTRICT COLLECTOR ALWAR_IDA)","CC interlocking sadak Nirman karya Nandlal jatav ke Makan se munesh ke Makan hote hue catar jatav ke Makan ki taraf gram sonkhri work agency G P sonkhri","SANJNA JATAV","BHARATPUR(SC)","Images","08-Jan-2025","498664"
"1831","Normal/Others","WS/MP386/2024-2025/142451-Construction of community centers and community halls","Rajasthan","NAGAUR(DISTRICT COLLECTOR NAGAUR_IDA)","Construction of Community Hall in populated land Of Village Bamniyawala Near Bera","Shri Hanuman Beniwal","NAGAUR","Images","14-Oct-2025","999988"
"1832","Normal/Others","WS/MP598/2024-2025/145398-Construction of roads, link roads, pathways or any other road with or without drainage system","Himachal Pradesh","SIRMAUR(DEPUTY COMMISSIONER SIRMOUR_IDA)","C/o PCC Ambulance Road Village Chandyon GP Jaiher Executive Agency BDO Pachhad","Suresh Kumar Kashyap","SHIMLA (SC)","N/A","18-Aug-2025","100000"
"1833","Normal/Others","WS/MP386/2024-2025/145029-Improvement of electricity distribution infrastructure","Rajasthan","NAGAUR(DISTRICT COLLECTOR NAGAUR_IDA)","5 KVA transformer for electrification Near residancila area of Mangaleshwar Mahadev temple in village Haisaba","Shri Hanuman Beniwal","NAGAUR","N/A","15-Oct-2025","90200"
"1834","Normal/Others","WS/MP18019/2024-2025/137608-Construction of roads, link roads, pathways or any other road with or without drainage system","Assam","KARBI ANGLONG(DEPUTY COMMISSIONER KARBI ANGLONG_IDA)","Construction of CC Block Road near DC Bungalow, Diphu","AMARSING TISSO","Diphu (ST)","N/A","04-Jan-2025","500000"
"1835","Normal/Others","WS/MP18019/2024-2025/137586-Construction of roads, link roads, pathways or any other road with or without drainage system","Assam","KARBI ANGLONG(DEPUTY COMMISSIONER KARBI ANGLONG_IDA)","Construction of road from PWD road to Graveyard at Rongbangpothar","AMARSING TISSO","Diphu (ST)","N/A","04-Jan-2025","1999971"
"1836","Normal/Others","WS/MP641/2024-2025/133905-Construction of common work sheds/ common covered sitting area","Madhya Pradesh","Khargone (West Nimar)(DISTRICT COLLECTOR KHARGONE_IDA)","Construction of common work shed in village Bhopada at Salakhedi Road","Gajendra Singh Patel","KHARGONE(ST)","N/A","17-Mar-2026","250000"
"1837","Normal/Others","WS/MP641/2024-2025/147438-Construction of community centers and community halls","Madhya Pradesh","Khargone (West Nimar)(DISTRICT COLLECTOR KHARGONE_IDA)","Construction of community hall in village Nandgaon at Gurjar Mohalla","Gajendra Singh Patel","KHARGONE(ST)","N/A","05-Feb-2026","1000000"
"1838","Normal/Others","WS/MP499/2024-2025/138129-Providing drains and gutters for public drainage","West Bengal","BIRBHUM(DISTRICT MAGISTRATE BIRBHUM_IDA)","From House of Kandiram Bagdi towords Natun pukur, J.L- 185, Dag- 162, Mouja- Nohadihi, G.P- Nagari, Suri - I","Smt Satabdi Roy (Banerjee)","BIRBHUM","Images","14-Jan-2025","299676"
"1839","Normal/Others","WS/MP386/2024-2025/142485-Construction of public libraries and reading rooms","Rajasthan","NAGAUR(DISTRICT COLLECTOR NAGAUR_IDA)","Construction of Digital Library in Kishan Chhatrawas,PanchaLA Siddha","Shri Hanuman Beniwal","NAGAUR","Images","14-Jul-2026","1100000"
"1840","Normal/Others","WS/MP761/2024-2025/155283-Construction of buildings for community cultural activities","Telangana","Jagitial(DISTRICT COLLECTOR JAGTIAL_IDA)","Construction of Bulding for cultural activities in Ramnagar, Korutla town","Arvind Dharmapuri","NIZAMABAD","N/A","19-Aug-2025","198754"
"1841","Normal/Others","WS/MP18357/2024-2025/151498-Construction of community centers and community halls","Madhya Pradesh","ASHOKNAGAR(DISTRICT COLLECTOR ASHOKNAGAR_IDA)","N/A","JYOTIRADITYA M. SCINDIA","GUNA","Images","02-Apr-2026","1000000"
"1842","Normal/Others","WS/MP18121/2024-2025/146671-Construction of roads, link roads, pathways or any other road with or without drainage system","Maharashtra","JALGAON(DISTRICT COLLECTOR JALGAON_IDA)","Construction of the road from Nandra Bu. to Pilkheda to Nandgaon, Taluka Jalgaon","SMITA UDAY WAGH","JALGAON","Images","09-Jan-2025","2945320"
"1843","Normal/Others","WS/MP859/2024-2025/145782-Construction of roads, link roads, pathways or any other road with or without drainage system","West Bengal","HOOGHLY(DISTRICT MAGISTRATE HOOGHLY_IDA)","CONSTRUCTION OF CONCRETE ROAD FROM HOUSE OF SK ALAM TO HOUSE OF ASGAR ALI VIA HOUSE CHALAM AT KANAIPUR JL NO 65 IN RADHANAGAR GRAM PANCHAYAT","Kalyan Banerjee","SREERAMPUR","Images","28-Mar-2025","381174"
"1844","Normal/Others","WS/MP18354/2024-2025/158579-Construction of roads, link roads, pathways or any other road with or without drainage system","Chhattisgarh","SURGUJA(Collector Surguja_IDA)","GRAM PANCHYAT KARRA JANPAD PANCHYAT AMBIKAPUR  KE TURRIDAND ME NETRAM GHAR SE ANAND DAS GHAR KI OR C.C. ROAD NIRMAN","CHINTAMANI MAHARAJ","SARGUJA(ST)","Images","11-Mar-2025","499808"
"1845","Normal/Others","WS/MP18354/2024-2025/158577-Construction of roads, link roads, pathways or any other road with or without drainage system","Chhattisgarh","SURGUJA(Collector Surguja_IDA)","GRAM PANCHYAT TIHPATARA ME RAMDAS KE GHAR SE SHAMSHANGHAT KI OR C.C. ROAD NIRMAN","CHINTAMANI MAHARAJ","SARGUJA(ST)","Images","11-Mar-2025","499890"
"1846","Normal/Others","WS/MP18173/2024-2025/137447-Construction of roads, link roads, pathways or any other road with or without drainage system","Tamil Nadu","TIRUVANNAMALAI(DISTRICT COLLECTOR TIRUVANNAMALAI_IDA)","Providing Cement Concrete Pavement near Vadavandai Street in Ariyathur Panchayat","THARANIVENTHAN M S","ARANI","Images","21-Jan-2025","499950"
"1847","Normal/Others","WS/MP18309/2024-2025/153440-Construction of rooms and halls in school and colleges","Meghalaya","NORTH GARO HILLS(DEPUTY COMMISSIONER NORTH GARO HILLS RESUBELPARA_IDA)","Construction of Assam-Type office and classroom at Mahmud School, Nibari","SALENG A SANGMA","TURA","N/A","25-Aug-2025","500000"
"1848","Normal/Others","WS/MP18309/2024-2025/153439-Construction of common work sheds/ common covered sitting area","Meghalaya","NORTH GARO HILLS(DEPUTY COMMISSIONER NORTH GARO HILLS RESUBELPARA_IDA)","Construction of rostrum at Bolsong B. Mohol","SALENG A SANGMA","TURA","N/A","25-Aug-2025","200000"
"1849","Normal/Others","WS/MP18108/2024-2025/161424-Construction of roads, link roads, pathways or any other road with or without drainage system","Madhya Pradesh","SAGAR(DISTRICT COLLECTOR SAGAR_IDA)","Gram Panchayat Kanchri ke gram belai guru me hanuman ji mandir se raj mandir ki or c.c. road nirman karya hetu.","DR. LATA WANKHEDE","SAGAR","Images","24-Oct-2025","699186"
"1850","Normal/Others","WS/MP18309/2024-2025/153438-Construction of roads, link roads, pathways or any other road with or without drainage system","Meghalaya","NORTH GARO HILLS(DEPUTY COMMISSIONER NORTH GARO HILLS RESUBELPARA_IDA)","Construction of earth work (Bikselgre to Kagrakgre)","SALENG A SANGMA","TURA","N/A","25-Aug-2025","150000"
"1851","Normal/Others","WS/MP18108/2024-2025/154841-Construction of roads, link roads, pathways or any other road with or without drainage system","Madhya Pradesh","SAGAR(DISTRICT COLLECTOR SAGAR_IDA)","Gram Panchayat Basiya Gange Me Kanchhedi Rajak Ke Ghar Se Shamsan Ghat Ki Or C.C. Road Nirman Karya Hetu.","DR. LATA WANKHEDE","SAGAR","Images","27-Mar-2025","500000"
"1852","Normal/Others","WS/MP18108/2024-2025/154840-Construction of common work sheds/ common covered sitting area","Madhya Pradesh","SAGAR(DISTRICT COLLECTOR SAGAR_IDA)","Gram Panchayat Bhapel Me Laxman Sen Ke Ghar Ke pass Sarwjanik Sthal Par Karigro Ke Liye Samanya Shed Nirman Karya Hetu.","DR. LATA WANKHEDE","SAGAR","Images","08-Dec-2025","500000"
"1853","Normal/Others","WS/MP18220/2024-2025/147960-Construction of roads, link roads, pathways or any other road with or without drainage system","Uttar Pradesh","ALIGARH(DISTRICT MAGISTRATE ALIGARH_IDA)","Gram Taharpur Block Iglas mai Bhu Dev Singh kai ghar se Devi Maa Kai Mandir ki taraf 220 miter Interlocking Karya","ANOOP PRADHAN BALMIKI","HATHRAS (SC)","Images","14-Feb-2025","2276910"
"1854","Normal/Others","WS/MP18106/2024-2025/147187-Construction of culverts and bridges","Madhya Pradesh","SHEOPUR(District Collector Sheopur_IDA)","gram panchayat shyampur, janpad panchayat beerpur, khade ke raste per","SHIVMANGAL SINGH TOMAR","MORENA","Images","09-Oct-2025","799931"
"1855","Normal/Others","WS/MP18109/2024-2025/150126-Construction of roads, link roads, pathways or any other road with or without drainage system","Madhya Pradesh","SINGRAULI(District Collector Singrauli_IDA)","GRAM PANCHAYAT BIHARA ME SANTOSH TIWARI KE GHAR SE RAMASHRAY DUBEY KE GHAR TAK PCC SADAK NIRMAN","DR. RAJESH MISHRA","SIDHI","N/A","19-May-2025","2000000"
"1856","Normal/Others","WS/MP18357/2024-2025/160266-Purchase of ambulances (Four, three and two wheelers)","Madhya Pradesh","SHIVPURI(District Collector Shivpuri_IDA)","Ambulance for Medical college Shivpuri","JYOTIRADITYA M. SCINDIA","GUNA","Images","27-Feb-2025","3184764"
"1857","Normal/Others","WS/MP18309/2024-2025/153436-Construction of roads, link roads, pathways or any other road with or without drainage system","Meghalaya","NORTH GARO HILLS(DEPUTY COMMISSIONER NORTH GARO HILLS RESUBELPARA_IDA)","Construction of footpath (earth work 100-200m) from Gabil to Sondolsegre","SALENG A SANGMA","TURA","N/A","25-Aug-2025","150000"
"1858","Normal/Others","WS/MP18309/2024-2025/153442-Construction of rooms and halls in school and colleges","Meghalaya","NORTH GARO HILLS(DEPUTY COMMISSIONER NORTH GARO HILLS RESUBELPARA_IDA)","Renovation of roofing at Bolsong Secondary School","SALENG A SANGMA","TURA","N/A","25-Aug-2025","150000"
"1859","Normal/Others","WS/MP18155/2024-2025/158572-Installing tube-wells and borewells","Punjab","HOSHIARPUR(DEPUTY COMMISSIONER HOSHIARPUR_IDA)","Repair of Irrigation Tubewell","DR. RAJ KUMAR CHABBEWAL","HOSHIARPUR(SC)","N/A","28-Oct-2025","245060"
"1860","Normal/Others","WS/MP18161/2024-2025/151704-Construction of roads, link roads, pathways or any other road with or without drainage system","Rajasthan","BHARATPUR(DISTRICT COLLECTOR BHARATPUR_IDA)","cement interlocking ent kharnja nirman karya shamshan ghat gram suhari work agency gp suhari","SANJNA JATAV","BHARATPUR(SC)","Images","26-Mar-2025","499054"
"1861","Normal/Others","WS/MP18313/2024-2025/153082-Construction of common work sheds/ common covered sitting area","Rajasthan","DUNGARPUR(DISTRICT COLLECTOR DUNGARPUR_IDA)","rajkiya varisth upaddhyay sanskrit school Surajgaon mein Dom Nirman Kary","RAJ KUMAR ROAT","BANSWARA(ST)","Images","03-Nov-2025","1200000"
"1862","Normal/Others","WS/MP410/2024-2025/146781-Construction of community centers and community halls","Assam","DHEMAJI(DEPUTY COMMISSIONER DHEMAJI_IDA)","Const. of Girls Common Room at Sissi Chariali HS School, Sissiborgaon LAC under MPLADS, FY 2024-25","Pradan Baruah","LAKHIMPUR","Images","07-Jan-2025","500000"
"1863","Normal/Others","WS/MP18313/2024-2025/153083-Construction of roads, link roads, pathways or any other road with or without drainage system","Rajasthan","DUNGARPUR(DISTRICT COLLECTOR DUNGARPUR_IDA)","Main Road Se Harish Ke Ghar Tak Greval Sadak Nirman Kary","RAJ KUMAR ROAT","BANSWARA(ST)","Images","28-Jan-2026","797512"
"1864","Normal/Others","WS/MP18165/2024-2025/140304-Construction of rooms and halls in school and colleges","Rajasthan","JAIPUR(DISTRICT COLLECTOR JAIPUR_IDA)","sanaganer ward 68 ka govt sr. sec. school manyawas ma room","MANJU SHARMA","JAIPUR","Images","19-Aug-2025","758307"
"1865","Normal/Others","WS/MP18242/2024-2025/156952-Lighting of public spaces","Uttar Pradesh","SULTANPUR(DISTRICT MAGISTRATE SULTANPUR_IDA)","High Mast Light 9.5 Mtr pole at different locations of 45by Agency Kshetriya PRabandhak Laghu Udyog Nigam Prayagraj","RAMBHUAL NISHAD","SULTANPUR","Images","21-Aug-2026","10074960"
"1866","Normal/Others","WS/MP18242/2024-2025/156949-Street lights","Uttar Pradesh","SULTANPUR(DISTRICT MAGISTRATE SULTANPUR_IDA)","High Mast Light 9.5 Mtr pole at different locations of 44 by Agency Kshetriya PRabandhak Laghu Udyog Nigam Prayagraj","RAMBHUAL NISHAD","SULTANPUR","Images","21-Aug-2026","9851072"
"1867","Normal/Others","WS/MP18138/2024-2025/143742-Construction of roads, link roads, pathways or any other road with or without drainage system","Mizoram","KOLASIB(Deputy Commissioner Kolasib)","Construction of Widening and land levelling of Tialpui Link Road at Kawnpui - III","RICHARD VANLALHMANGAIHA","MIZORAM (ST)","N/A","01-Apr-2025","1000000"
"1868","Normal/Others","WS/MP18311/2024-2025/136624-Providing drains and gutters for public drainage","Punjab","RUPNAGAR(DEPUTY COMMISSIONER ROOPNAGAR_IDA)","Construction of drain water","MALVINDER SINGH KANG","ANANDPUR SAHIB","Images","04-Feb-2026","2000000"
"1869","Normal/Others","WS/MP18172/2024-2025/149109-Construction of culverts and bridges","Rajasthan","DUNGARPUR(DISTRICT COLLECTOR DUNGARPUR_IDA)","bhairav ji mandir se juni bavdi tak naya tapra- puliya nirmaan","MANNA LAL RAWAT","UDAIPUR(ST)","Images","12-Jan-2026","1479233"
"1870","Normal/Others","WS/MP18172/2024-2025/149110-Construction of culverts and bridges","Rajasthan","DUNGARPUR(DISTRICT COLLECTOR DUNGARPUR_IDA)","kudi se chok tak maapa - puliya may ringwaal nirmaan","MANNA LAL RAWAT","UDAIPUR(ST)","Images","14-Jan-2026","1477750"
"1871","Normal/Others","WS/MP18172/2024-2025/149111-Construction of culverts and bridges","Rajasthan","DUNGARPUR(DISTRICT COLLECTOR DUNGARPUR_IDA)","satichor pachor sadak pr puliya may ringwall nirmaan","MANNA LAL RAWAT","UDAIPUR(ST)","Images","14-Jan-2026","1466791"
"1872","Normal/Others","WS/MP18172/2024-2025/149101-Construction of culverts and bridges","Rajasthan","DUNGARPUR(DISTRICT COLLECTOR DUNGARPUR_IDA)","puliya with ringwal - mahude to tuliwara","MANNA LAL RAWAT","UDAIPUR(ST)","N/A","07-Jun-2025","748431"
"1873","Normal/Others","WS/MP18250/2024-2025/142043-Construction of water tanks","West Bengal","North 24 Parganas(DISTRICT MAGISTRATE NORTH TWENTY FOUR PARGANAS_IDA)","Installation of street solar light and 7nos. of Eletric based water tank under Falti Beliaghata G.P & Barasat II Panchayat Samity. (Sl No.-8 to 15)","SK NURUL ISLAM","BASIRHAT","Images","08-Jan-2025","4257482"
"1874","Normal/Others","WS/MP18049/2024-2025/152178-Construction of roads, link roads, pathways or any other road with or without drainage system","Chhattisgarh","BILASPUR(DISTRICT COLLECTOR BILASPUR_IDA)","Construction of C C Road From Gauthan to Ravishankar Tubewell Bahurta","TOKHAN SAHU","BILASPUR","Images","21-Jan-2026","500000"
"1875","Normal/Others","WS/MP18172/2024-2025/149106-Construction of culverts and bridges","Rajasthan","DUNGARPUR(DISTRICT COLLECTOR DUNGARPUR_IDA)","???? ?? ????? ?? ?????????? ?? ???????? ???? ?????? ?? ????????? ???????","MANNA LAL RAWAT","UDAIPUR(ST)","Images","25-Feb-2026","1498999"
"1876","Normal/Others","WS/MP18006/2024-2025/154381-Installing tube-wells and borewells","Andhra Pradesh","CHITTOOR(DISTRICT COLLECTOR CHITTOOR_IDA)","Providing of Submersible Pump Set at Pabbamchenu Mitta ST Colony H/o Eguva Kamma Kandriga GP in SR Puram Mandal of GD Nellore Constituency.","DAGGUMALLA PRASADA RAO","CHITTOOR","Images","08-Jan-2025","188725"
"1877","Normal/Others","WS/MP18172/2024-2025/149107-Construction of culverts and bridges","Rajasthan","DUNGARPUR(DISTRICT COLLECTOR DUNGARPUR_IDA)","main road to dekva tak puliya nirman may ringwall","MANNA LAL RAWAT","UDAIPUR(ST)","Images","25-Feb-2026","1496783"
"1878","Normal/Others","WS/MP761/2024-2025/155796-Installation of multi-gym equipment","Telangana","Jagitial(DISTRICT COLLECTOR JAGTIAL_IDA)","Sanction of Open Gym at Bandalingapur (V), Metpally()","Arvind Dharmapuri","NIZAMABAD","N/A","19-Aug-2025","397731"
"1879","Normal/Others","WS/MP727/2024-2025/146160-Construction of additional rooms and halls in the existing public and community building","Rajasthan","KOTA(DISTRICT COLLECTOR KOTA_IDA)","Snadya Samudayik Bhawan, Mahaveer Nagar Pratham, Kota Mai Hall Nirman Ka Karya. Place- Mahaveer Nagar Pratham, Kota , Recommended Amount 10.00 Lakh Rs., Implementing Agency - Snadya Brahman Sabha Samiti, Mahaveer Nagar Tritiya (10 Dated 05.10.2024)","Om Birla","KOTA","N/A","31-Mar-2026","1000000"
"1880","Normal/Others","WS/MP18313/2024-2025/140373-Construction of common work sheds/ common covered sitting area","Rajasthan","DUNGARPUR(DISTRICT COLLECTOR DUNGARPUR_IDA)","GSSS Kasariya mein Tin Shed nirman kary","RAJ KUMAR ROAT","BANSWARA(ST)","Images","07-Aug-2026","999998"
"1881","Normal/Others","WS/MP18313/2024-2025/140383-Construction of roads, link roads, pathways or any other road with or without drainage system","Rajasthan","DUNGARPUR(DISTRICT COLLECTOR DUNGARPUR_IDA)","baleri ghati main road se shankar lal ke ghar tak CC sadak nirman kary","RAJ KUMAR ROAT","BANSWARA(ST)","Images","11-Mar-2026","936889"
"1882","Normal/Others","WS/MP727/2024-2025/146159-Construction of additional rooms and halls in the existing public and community building","Rajasthan","KOTA(DISTRICT COLLECTOR KOTA_IDA)","Ful Mali ""Saini"" Sewa Sansthan, Kota Ke Mukundara Vihar Aawasiya Yojna Sthith Bhukhand Sankhya Ocf Plot No. 6 Mai Balika Chatrawas Hetu Kamre Nirman Ka Kary. Place- Bhukhand Sankhya Ocf Plot No. 6, Mukundara Vihar Aawasiya Yojna, Kota , Recommended Amount 10.00 Lakh Rs., Implementing Agency - Ful Mali  ""Saini"" Sewa Sansthan, Kota (09 Dated 05.10.2024)","Om Birla","KOTA","Images","14-Feb-2026","1000000"
"1883","Normal/Others","WS/MP18161/2024-2025/138100-Construction of roads, link roads, pathways or any other road with or without drainage system","Rajasthan","Deeg(DISTRICT COLLECTOR Deeg_IDA)","Interlocking Nirman karya bhullan ke Ghar se ramjeet master ke Ghar ki or dhamari work agency GP dhamari","SANJNA JATAV","BHARATPUR(SC)","Images","06-Mar-2026","498892"
"1884","Normal/Others","WS/MP18357/2024-2025/148886-Construction of community centers and community halls","Madhya Pradesh","ASHOKNAGAR(DISTRICT COLLECTOR ASHOKNAGAR_IDA)","Construction of Community Hall and CC Road in Village Chakk Churaman","JYOTIRADITYA M. SCINDIA","GUNA","Images","26-Mar-2025","997901"
"1885","Normal/Others","WS/MP18152/2024-2025/157886-Construction of rooms and halls in school and colleges","Punjab","FARIDKOT(DEPUTY COMMISSIONER FARIDKOT_IDA)","Construction of Mid day meal Shed in Govt Middle school Dawareana","SARABJEET SINGH KHALSA","FARIDKOT(SC)","N/A","10-Jun-2025","299155"
"1886","Normal/Others","WS/MP18357/2024-2025/161990-Construction of roads, link roads, pathways or any other road with or without drainage system","Madhya Pradesh","ASHOKNAGAR(DISTRICT COLLECTOR ASHOKNAGAR_IDA)","Construction of CC Road","JYOTIRADITYA M. SCINDIA","GUNA","Images","07-Mar-2025","1000000"
"1887","Normal/Others","WS/MP18172/2024-2025/149103-Construction of culverts and bridges","Rajasthan","UDAIPUR(DISTRICT COLLECTOR UDAIPUR_IDA)","bridge at talaiya road","MANNA LAL RAWAT","UDAIPUR(ST)","N/A","18-Dec-2025","999321"
"1888","Normal/Others","WS/MP18172/2024-2025/149120-Construction of rainwater harvesting structures","Rajasthan","UDAIPUR(DISTRICT COLLECTOR UDAIPUR_IDA)","chekdam at khajoori nala","MANNA LAL RAWAT","UDAIPUR(ST)","N/A","18-Dec-2025","1496385"
"1889","Normal/Others","WS/MP18173/2024-2025/139194-Construction of roads, link roads, pathways or any other road with or without drainage system","Tamil Nadu","Viluppuram(DISTRICT COLLECTOR VILLUPURAM_IDA)","Providing Cement Concrete Pavement at Madha Koil Street at Nagathur Panchayat","THARANIVENTHAN M S","ARANI","N/A","13-Mar-2025","999231"
"1890","Normal/Others","WS/MP18172/2024-2025/149104-Construction of culverts and bridges","Rajasthan","UDAIPUR(DISTRICT COLLECTOR UDAIPUR_IDA)","saroopal road par puliya nirmaan","MANNA LAL RAWAT","UDAIPUR(ST)","N/A","15-Apr-2025","1497502"
"1891","Normal/Others","WS/MP18172/2024-2025/149119-Construction of rainwater harvesting structures","Rajasthan","UDAIPUR(DISTRICT COLLECTOR UDAIPUR_IDA)","anicut at saroopal nala","MANNA LAL RAWAT","UDAIPUR(ST)","N/A","15-Apr-2025","1497288"
"1892","Normal/Others","WS/MP18313/2024-2025/147413-Construction of common work sheds/ common covered sitting area","Rajasthan","DUNGARPUR(DISTRICT COLLECTOR DUNGARPUR_IDA)","GSSS Surata mein Tin Shed Nirman Kary","RAJ KUMAR ROAT","BANSWARA(ST)","Images","10-Feb-2026","993995"
"1893","Normal/Others","WS/MP18172/2024-2025/149108-Construction of culverts and bridges","Rajasthan","DUNGARPUR(DISTRICT COLLECTOR DUNGARPUR_IDA)","bholra se khati tak- purliya nirmaan may ringwaal","MANNA LAL RAWAT","UDAIPUR(ST)","N/A","13-Jan-2026","1492918"
"1894","Normal/Others","WS/MP18313/2024-2025/145993-Construction of common work sheds/ common covered sitting area","Rajasthan","DUNGARPUR(DISTRICT COLLECTOR DUNGARPUR_IDA)","GSSS Gariyata mein tin shed nirman kary","RAJ KUMAR ROAT","BANSWARA(ST)","Images","10-Aug-2026","991053"
"1895","Normal/Others","WS/MP18177/2024-2025/149342-Purchase of furniture and fixtures for educational purposes","Tamil Nadu","ERODE(DISTRICT_COLLECTORE_ERODE_IDA)","Procurement and supply of 50 sets Desk and Benches to AvalPoondurai Govt. Higher Secondary School - 2024 - 2025","K E PRAKASH","ERODE","Images","09-Jan-2025","625000"
"1896","Normal/Others","WS/MP18177/2024-2025/149343-Purchase of furniture and fixtures for educational purposes","Tamil Nadu","ERODE(DISTRICT_COLLECTORE_ERODE_IDA)","Procurement and supply of 70 sets Desk and Bench to Arachalur Govt. Higher Secondary School - 2024- 2025","K E PRAKASH","ERODE","Images","09-Jan-2025","875000"
"1897","Normal/Others","WS/MP18177/2024-2025/156779-Purchase of furniture and fixtures for educational purposes","Tamil Nadu","ERODE(DISTRICT_COLLECTORE_ERODE_IDA)","procurement and supply of 50 sets Desk and Bench to vellode Govt higher secondary school (2024 - 25)","K E PRAKASH","ERODE","Images","09-Jan-2025","625000"
"1898","Normal/Others","WS/MP18172/2024-2025/149100-Construction of culverts and bridges","Rajasthan","UDAIPUR(DISTRICT COLLECTOR UDAIPUR_IDA)","bachar main road- puliya nirman","MANNA LAL RAWAT","UDAIPUR(ST)","N/A","19-Dec-2025","1495333"
"1899","Normal/Others","WS/MP18172/2024-2025/149133-Construction of rainwater harvesting structures","Rajasthan","UDAIPUR(DISTRICT COLLECTOR UDAIPUR_IDA)","bachar nala checkdam nirmaan","MANNA LAL RAWAT","UDAIPUR(ST)","N/A","19-Dec-2025","1494322"
"1900","Normal/Others","WS/MP18051/2024-2025/155959-Construction of roads, link roads, pathways or any other road with or without drainage system","Chhattisgarh","GARIYABAND(Collectro Gariaband_IDA)","C.C. ROAD NIRMAN KARYA","ROOP KUMARI CHOUDHARY","MAHASAMUND","N/A","18-Aug-2025","300000"
"1901","Normal/Others","WS/MP720/2024-2025/153659-Construction of common work sheds/ common covered sitting area","Rajasthan","CHITTORGARH(DISTRICT COLLECTOR CHITTORGARH_IDA)","GAV KARSANA ME BHARUJI KE MANDRIA KE PASS DOMA NIRMAN KARYA","Chandra Prakash Joshi","CHITTORGARH","Images","19-Aug-2025","294955"
"1902","Normal/Others","WS/MP720/2024-2025/153662-Lighting of public spaces","Rajasthan","CHITTORGARH(DISTRICT COLLECTOR CHITTORGARH_IDA)","Gav Karsana Me Gati Vale Bavaji ke pass High Maska Light Karya","Chandra Prakash Joshi","CHITTORGARH","Images","04-Apr-2025","99409"
"1903","Normal/Others","WS/MP720/2024-2025/153663-Lighting of public spaces","Rajasthan","CHITTORGARH(DISTRICT COLLECTOR CHITTORGARH_IDA)","Gav Pirana Me Mataji Vale Raste Par High Maska Light Karya","Chandra Prakash Joshi","CHITTORGARH","Images","04-Apr-2025","99409"
"1904","Normal/Others","WS/MP18051/2024-2025/155953-Construction of roads, link roads, pathways or any other road with or without drainage system","Chhattisgarh","GARIYABAND(Collectro Gariaband_IDA)","C.C. ROAD NIRMAN KARYA","ROOP KUMARI CHOUDHARY","MAHASAMUND","N/A","18-Aug-2025","250000"
"1905","Normal/Others","WS/MP716/2024-2025/141310-Construction of community centers and community halls","Punjab","SRI MUKTSAR SAHIB(DEPUTY COMMISSIONER SRI MUKTSAR SAHIB_IDA)","Construction of Shed","Smt Harsimrat Kaur Badal","BHATINDA","Images","24-Feb-2026","200000"
"1906","Normal/Others","WS/MP18161/2024-2025/138121-Construction of roads, link roads, pathways or any other road with or without drainage system","Rajasthan","Deeg(DISTRICT COLLECTOR Deeg_IDA)","Interlocking Eat kharanja May nali lalaram ke Ghar se men sadak ki or gram dantlothi work agency GP dantlothi","SANJNA JATAV","BHARATPUR(SC)","Images","17-Jul-2025","298290"
"1907","Normal/Others","WS/MP18161/2024-2025/138073-Construction of roads, link roads, pathways or any other road with or without drainage system","Rajasthan","Deeg(DISTRICT COLLECTOR Deeg_IDA)","Interlocking kharanja Nirman karya Mohan ke Ghar se Laxman ki dukaan ki taraf gram adhavli work agency GP nigohi","SANJNA JATAV","BHARATPUR(SC)","N/A","24-Jun-2025","499665"
"1908","Normal/Others","WS/MP428/2024-2025/143950-Purchase of books and periodicals for libraries/digitization of library books","Chhattisgarh","Mohla-Manpur-Ambagarh Chouki(Collector MMC_IDA)","Book Supply in 25 Govt. School of MMC District","Santosh Pandey","RAJNANDGAON","Images","20-Jan-2025","2499475"
"1909","Normal/Others","WS/MP429/2024-2025/156838-Construction of buildings for community cultural activities","Chhattisgarh","KORBA(Collector-Korba)","Sanskritik Manch construction at Gram Panchayat - Bandhakhar , Vidhan sabha Kshetra - Katghora , Block - Pali","Jyotsna Charandas Mahant","KORBA","Images","05-Feb-2026","300000"
"1910","Normal/Others","WS/MP429/2024-2025/156842-Renovation of ponds and lakes","Chhattisgarh","KORBA(Collector-Korba)","Pachri construction at Baba Talaab in Gram Panchayat - Saila , Vikas Khand - Pali","Jyotsna Charandas Mahant","KORBA","Images","09-Jul-2025","299681"
"1911","Normal/Others","WS/MP18155/2024-2025/141569-Construction of roads, link roads, pathways or any other road with or without drainage system","Punjab","HOSHIARPUR(DEPUTY COMMISSIONER HOSHIARPUR_IDA)","Construction of Streets & Drains","DR. RAJ KUMAR CHABBEWAL","HOSHIARPUR(SC)","Images","10-Jan-2025","300000"
"1912","Normal/Others","WS/MP18313/2024-2025/159649-Purchase of smart boards, visual display units and projectors","Rajasthan","DUNGARPUR(DISTRICT COLLECTOR DUNGARPUR_IDA)","Purchasing of Smart Board for GSSS Gada Watershwar","RAJ KUMAR ROAT","BANSWARA(ST)","Images","10-Feb-2026","447000"
"1913","Normal/Others","WS/MP858/2024-2025/152249-Construction of roads, link roads, pathways or any other road with or without drainage system","West Bengal","BIRBHUM(DISTRICT MAGISTRATE BIRBHUM_IDA)","CONSTRUCTION OF CC ROAD FROM LAL SK HOUSE TO PAL PUKUR PAR, UNDER KIRNAHAR II GP,EXECUTING AGENCY WILL BE E.O. NANOOR PANCHAYET SAMITY .","Asit Kumar Mal","BOLPUR(SC)","Images","03-Mar-2025","499479"
"1914","Normal/Others","WS/MP18161/2024-2025/138099-Construction of roads, link roads, pathways or any other road with or without drainage system","Rajasthan","Deeg(DISTRICT COLLECTOR Deeg_IDA)","Interlocking kharanja Nirman karya Pappu ke Ghar se Rajji ke Ghar ki or Banaini Dhonkla work agency GP padalvas","SANJNA JATAV","BHARATPUR(SC)","Images","11-Aug-2025","499858"
"1915","Normal/Others","WS/MP18161/2024-2025/138072-Construction of roads, link roads, pathways or any other road with or without drainage system","Rajasthan","Deeg(DISTRICT COLLECTOR Deeg_IDA)","Interlocking kharanja may nali Nirman karya aansu ke nohare se school ki or gram Pharaska work agency GP Fatehpur Kala","SANJNA JATAV","BHARATPUR(SC)","Images","28-Apr-2025","499736"
"1916","Normal/Others","WS/MP761/2024-2025/164513-Construction of community centers and community halls","Telangana","NIZAMABAD(DISTRICT COLLECTOR NIZAMABAD_IDA)","Construction of Community Hall in Munnurukapu Wada","Arvind Dharmapuri","NIZAMABAD","N/A","09-Jan-2025","400000"
"1917","Normal/Others","WS/MP18161/2024-2025/136670-Construction of roads, link roads, pathways or any other road with or without drainage system","Rajasthan","ALWAR(DISTRICT COLLECTOR ALWAR_IDA)","cc / interlocking sadak nirman karya pooran jatav ke ghar se jhamman ke ghar ki taraf gram -Nagla Dhansingh work agency- GP Indra Colony","SANJNA JATAV","BHARATPUR(SC)","Images","20-Mar-2025","397603"
"1918","Normal/Others","WS/MP18161/2024-2025/136233-Construction of roads, link roads, pathways or any other road with or without drainage system","Rajasthan","ALWAR(DISTRICT COLLECTOR ALWAR_IDA)","cc/interlocking sadak nirman karya gurjar bas se mandir ki taraf gram nagla matuwa","SANJNA JATAV","BHARATPUR(SC)","Images","20-Mar-2025","596067"
"1919","Normal/Others","WS/MP18161/2024-2025/138056-Installing hand pumps","Rajasthan","ALWAR(DISTRICT COLLECTOR ALWAR_IDA)","Sarvjanik handpump Nirman karya vipti jatav ke pass gram pipalkheda WORK AGENCY SALWARI","SANJNA JATAV","BHARATPUR(SC)","Images","25-Mar-2025","99063"
"1920","Normal/Others","WS/MP18161/2024-2025/136675-Construction of roads, link roads, pathways or any other road with or without drainage system","Rajasthan","ALWAR(DISTRICT COLLECTOR ALWAR_IDA)","graval sadak nirman karya pwd sadak se ramhet meena ki dhani ki taraf gram salwadi work agency- gp salwadi","SANJNA JATAV","BHARATPUR(SC)","Images","25-Mar-2025","493041"
"1921","Normal/Others","WS/MP18161/2024-2025/136676-Construction of roads, link roads, pathways or any other road with or without drainage system","Rajasthan","ALWAR(DISTRICT COLLECTOR ALWAR_IDA)","cc / interlocking sadak nirman karya ramesh sharma ke khet se saiyad baba ki taraf gram - ramnagar work agency-g p Tigariya","SANJNA JATAV","BHARATPUR(SC)","N/A","17-Jan-2025","982521"
"1922","Normal/Others","WS/MP18161/2024-2025/138057-Construction of roads, link roads, pathways or any other road with or without drainage system","Rajasthan","ALWAR(DISTRICT COLLECTOR ALWAR_IDA)","CC kharanja Nirman Bairwa mohalla samudayik bhavan se lekar catra Bairwa ki or gram khokhar work agency g p khokhar","SANJNA JATAV","BHARATPUR(SC)","Images","30-Jan-2025","492196"
"1923","Normal/Others","WS/MP18161/2024-2025/138058-Construction of roads, link roads, pathways or any other road with or without drainage system","Rajasthan","ALWAR(DISTRICT COLLECTOR ALWAR_IDA)","Sarvjanik Grewal sadak Nirman karya jahadu se danda ki or gram jahadu work agency GP jahadu","SANJNA JATAV","BHARATPUR(SC)","Images","25-Apr-2025","660917"
"1924","Normal/Others","WS/MP18161/2024-2025/138063-Construction of roads, link roads, pathways or any other road with or without drainage system","Rajasthan","ALWAR(DISTRICT COLLECTOR ALWAR_IDA)","CC interlocking sadak Nirman karya Dhawan ki kothi se AmarSingh member ke ghar ki taraf nangla madhopur work agency GP daroda","SANJNA JATAV","BHARATPUR(SC)","Images","19-Mar-2025","494008"
"1925","Normal/Others","WS/MP18161/2024-2025/138062-Construction of roads, link roads, pathways or any other road with or without drainage system","Rajasthan","ALWAR(DISTRICT COLLECTOR ALWAR_IDA)","CC interlocking sadak Nirman karya rajkiya prathmik vidhyalaya nagla khooba work agency GP daroda","SANJNA JATAV","BHARATPUR(SC)","Images","19-Mar-2025","399290"
"1926","Normal/Others","WS/MP18161/2024-2025/141089-Construction of additional rooms and halls in the existing public and community building","Rajasthan","ALWAR(DISTRICT COLLECTOR ALWAR_IDA)","ambedkar bhawan me baramda nirman v anya vikas karya gram saunkhar work agency gp saunkhar","SANJNA JATAV","BHARATPUR(SC)","Images","17-May-2025","249580"
"1927","Normal/Others","WS/MP18161/2024-2025/141090-Construction of roads, link roads, pathways or any other road with or without drainage system","Rajasthan","ALWAR(DISTRICT COLLECTOR ALWAR_IDA)","cc/interlocking sadak nirman prakash marg holu ki dhani gram sonkhar work agency gp sonkhar","SANJNA JATAV","BHARATPUR(SC)","Images","29-Oct-2025","249079"
"1928","Normal/Others","WS/MP18172/2024-2025/146134-Construction of common work sheds/ common covered sitting area","Rajasthan","UDAIPUR(DISTRICT COLLECTOR UDAIPUR_IDA)","TEEN SHED NEAR BHERUJI MANDIR,  DANGLIYA, KALIWAS","MANNA LAL RAWAT","UDAIPUR(ST)","N/A","18-Dec-2025","999187"
"1929","Normal/Others","WS/MP720/2024-2025/142128-Providing garbage collection and disposal systems","Rajasthan","UDAIPUR(DISTRICT COLLECTOR UDAIPUR_IDA)","GARAM PANCHAYAT ME KACHARA SAGRNHAN HETU VAHAN/MINI TAKTAR","Chandra Prakash Joshi","CHITTORGARH","N/A","22-Dec-2025","399900"
"1930","Normal/Others","WS/MP18161/2024-2025/138089-Construction of roads, link roads, pathways or any other road with or without drainage system","Rajasthan","Deeg(DISTRICT COLLECTOR Deeg_IDA)","Cc road Nirman karya Rajendra doctor ke Ghar se shamshan Ghat ki or sahsan work agency GP sahsan","SANJNA JATAV","BHARATPUR(SC)","Images","08-Oct-2025","498281"
"1931","Normal/Others","WS/MP18229/2024-2025/143082-Construction of roads, link roads, pathways or any other road with or without drainage system","Uttar Pradesh","MEERUT(DISTRICT MAGISTRATE MEERUT_IDA)","samaypur me ram sharan se pani ki tanki tak tiles","ARUN GOVIL","MEERUT","N/A","30-Mar-2025","980955"
"1932","Normal/Others","WS/MP18229/2024-2025/143080-Construction of roads, link roads, pathways or any other road with or without drainage system","Uttar Pradesh","MEERUT(DISTRICT MAGISTRATE MEERUT_IDA)","islamabad chilora me tezvir se khel k maidan tak cc","ARUN GOVIL","MEERUT","N/A","30-Mar-2025","782819"
"1933","Normal/Others","WS/MP18229/2024-2025/143078-Construction of roads, link roads, pathways or any other road with or without drainage system","Uttar Pradesh","MEERUT(DISTRICT MAGISTRATE MEERUT_IDA)","islamabd chilora me shiv kumar se tezpal ki or cc","ARUN GOVIL","MEERUT","N/A","30-Mar-2025","860937"
"1934","Normal/Others","WS/MP431/2024-2025/149160-Development of playfields and sports grounds","Haryana","REWARI(District Commissioner Rewari)","Laying of mats on Kabaddi grounds","Rao Inderjit Singh","GURGAON","Images","21-Jan-2026","800000"
"1935","Normal/Others","WS/MP18313/2024-2025/147439-Construction of common work sheds/ common covered sitting area","Rajasthan","DUNGARPUR(DISTRICT COLLECTOR DUNGARPUR_IDA)","Mahatma Gandhi Rajkiya Vidyalay Roto ka Fala mein Tin Shed Nirman kary","RAJ KUMAR ROAT","BANSWARA(ST)","Images","17-Jul-2026","199996"
"1936","Normal/Others","WS/MP18211/2024-2025/137321-Construction of roads, link roads, pathways or any other road with or without drainage system","Uttar Pradesh","Kushinagar(DISTRICT MAGISTRATE KUSHINAGAR PADRAUNA_IDA)","Gram Sabha - Tulsi Patti, Vikas Khand- Sewrahi me pitch road se Amarjeet prasad ke ghar tak CC road ka nirmaan. Lagbhag - 150 meter","SHASHANK MANI","DEORIA","Images","04-Sep-2025","1177050"
"1937","Normal/Others","WS/MP18211/2024-2025/145512-Construction of roads, link roads, pathways or any other road with or without drainage system","Uttar Pradesh","Kushinagar(DISTRICT MAGISTRATE KUSHINAGAR PADRAUNA_IDA)","Gram-Bhathahi Buzurg me Surendra Shukla ke ghar se Bhola Hazam ke ghar tak 178 mtr. CC Road ka nirmaan","SHASHANK MANI","DEORIA","Images","04-Sep-2025","1486564"
"1938","Normal/Others","WS/MP18211/2024-2025/137312-Construction of roads, link roads, pathways or any other road with or without drainage system","Uttar Pradesh","Kushinagar(DISTRICT MAGISTRATE KUSHINAGAR PADRAUNA_IDA)","Gram Sabha - Rampur Raja, Vikas Khand - Tamkuhi me Shyam Sunder ke khet se Ramashis ke khet tak CC road ka nirmaan. Lagbhag - 119 meter","SHASHANK MANI","DEORIA","Images","04-Sep-2025","992380"
"1939","Normal/Others","WS/MP18309/2024-2025/155226-Construction of rooms and halls in school and colleges","Meghalaya","WEST GARO HILLS(DEPUTY COMMISSIONER WEST GARO HILLS_IDA)","Extension of existing classrooms at Bidarik Institute of Learning, New Tura.","SALENG A SANGMA","TURA","Images","30-May-2025","1500000"
"1940","Normal/Others","WS/MP529/2024-2025/136494-Providing supply pipelines for drinking water","Andhra Pradesh","Tirupati(DISTRICT COLLECTOR TIRUPATI_IDA)","Providing RO Plant to BC Welfare Hostel at Renigunta in Renigunta Mandal.","Maddila Gurumoorthy","TIRUPATI(SC)","Images","10-Jan-2025","223834"
"1941","Normal/Others","WS/MP423/2024-2025/138048-Construction of roads, link roads, pathways or any other road with or without drainage system","West Bengal","South 24 Parganas(DISTRICT MAGISTRATE SOUTH TWENTY FOUR PARGANAS_IDA)","Construction of CC Road from H/O Sakim Khan to Bonhogla Sardar Para. (150 mtr)","Shri Abhishek Banerjee","DIAMOND HARBOUR","Images","13-Jan-2025","250000"
"1942","Normal/Others","WS/MP654/2024-2025/157994-Construction of culverts and bridges","Madhya Pradesh","ANUPPUR(DISTRICT COLLECTOR ANUPPUR_IDA)","Construction work of RCC culvert on the road below Lula Das Kothiya house in Dongritola, village Lalpur. Implementing Agency: Gram Panchayat","Smt Himadri Singh","SHAHDOL (ST)","N/A","05-Jun-2025","1000000"
"1943","Normal/Others","WS/MP18006/2024-2025/137584-Providing supply pipelines for drinking water","Andhra Pradesh","Tirupati(DISTRICT COLLECTOR TIRUPATI_IDA)","Providing Motor & Pump for drinking suplay to the residential area of Indiramma Indlu, Daminedu Village, Tiruchanuru (P), Tirupati Rural Mandal, Chandragiri Constituency.","DAGGUMALLA PRASADA RAO","CHITTOOR","Images","21-Jan-2025","49407"
"1944","Normal/Others","WS/MP18048/2024-2025/147785-Construction of roads, link roads, pathways or any other road with or without drainage system","Chhattisgarh","BASTAR(DISTRICT COLLECTOR BASTAR_IDA)","gram lendra bhataguda para me talaab se mitku para tak 300 metre c.c.road nirman karya","MAHESH KASHYAP","BASTAR(ST)","Images","16-Jan-2026","899400"
"1945","Normal/Others","WS/MP18021/2024-2025/143225-Construction of boundary walls of existing public and community buildings","Assam","BONGAIGAON(Deputy Commissioner Bongaigaon_IDA)","Construction of Boundary Wall of Play ground near Chatpara char Kabaristhan","RAKIBUL HUSSAIN","DHUBRI","Images","15-Oct-2025","500000"
"1946","Normal/Others","WS/MP18161/2024-2025/138087-Construction of roads, link roads, pathways or any other road with or without drainage system","Rajasthan","ALWAR(DISTRICT COLLECTOR ALWAR_IDA)","Interlocking sadak Nirman karya bharosi ke Makan se bhuteshwar Mandir ki taraf samOOchi work agency GP samOOchi","SANJNA JATAV","BHARATPUR(SC)","Images","13-Jan-2025","551993"
"1947","Normal/Others","WS/MP18101/2024-2025/160880-Construction of flood control embankments/ protection walls along riverbanks, hilltops, roadsides","Madhya Pradesh","DAMOH(DISTRICT COLLECTOR DAMOH_IDA)","???? ???????? ??????? ?? ???????","RAHUL SINGH LODHI","DAMOH","Images","10-Feb-2025","1200000"
"1948","Normal/Others","WS/MP18051/2024-2025/160029-Construction of roads, link roads, pathways or any other road with or without drainage system","Chhattisgarh","GARIYABAND(Collectro Gariaband_IDA)","GRAM RANIPARTEWA SOCIETY PARA ME GALI CONCRITIKARAN NIRMAN KARYA","ROOP KUMARI CHOUDHARY","MAHASAMUND","Images","25-Jul-2025","500000"
"1949","Normal/Others","WS/MP18051/2024-2025/160033-Construction of roads, link roads, pathways or any other road with or without drainage system","Chhattisgarh","GARIYABAND(Collectro Gariaband_IDA)","GRAM RANIPARTEWA SINHA PARA ME GALI CONCRITIKARAN NIRMAN KARYA","ROOP KUMARI CHOUDHARY","MAHASAMUND","Images","25-Jul-2025","500000"
"1950","Normal/Others","WS/MP18161/2024-2025/138061-Construction of roads, link roads, pathways or any other road with or without drainage system","Rajasthan","ALWAR(DISTRICT COLLECTOR ALWAR_IDA)","CC interlocking sadak Nirman karya Babulal ward panch ke Makan se school ki taraf gram Rampura Patan work agency GP Rampura Patan","SANJNA JATAV","BHARATPUR(SC)","Images","16-Jun-2025","498308"
"1951","Normal/Others","WS/MP18161/2024-2025/142585-Construction of roads, link roads, pathways or any other road with or without drainage system","Rajasthan","ALWAR(DISTRICT COLLECTOR ALWAR_IDA)","cc sadak nirman karya ramesh ke makan se tirahe ki taraf gram dahreen work agency gp rampura patan","SANJNA JATAV","BHARATPUR(SC)","Images","16-Jun-2025","298118"
"1952","Normal/Others","WS/MP826/2024-2025/135592-Street lights","West Bengal","DARJEELING(DISTRICT MAGISTRATE DARJEELING_IDA)","Installation of solar street lights at Belgachhi Tea Garden  Ref: Nilima Tigga (9382475526), Member, Chenga-Panighatta GP","Raju Bista","DARJEELING","Images","06-Aug-2026","405348"
"1953","Normal/Others","WS/MP720/2024-2025/145390-Construction of roads, link roads, pathways or any other road with or without drainage system","Rajasthan","CHITTORGARH(DISTRICT COLLECTOR CHITTORGARH_IDA)","GAV BHAT KHERI ME C.C. SADKA MAY NALI NIRMAN KARYA BHAGVAN DAS JI KE MAKAN SE RAMLAL JI AHIR KE MAKAN TAK","Chandra Prakash Joshi","CHITTORGARH","Images","05-Aug-2025","297628"
"1954","Normal/Others","WS/MP18313/2024-2025/146002-Construction of common work sheds/ common covered sitting area","Rajasthan","DUNGARPUR(DISTRICT COLLECTOR DUNGARPUR_IDA)","GSSS Ootiya mein dom nirman kary","RAJ KUMAR ROAT","BANSWARA(ST)","Images","27-Aug-2026","978862"
"1955","Normal/Others","WS/MP828/2024-2025/150663-Street lights","West Bengal","NADIA(DISTRICT MAGISTRATE NADIA_IDA)","09 nos. Solar Light 6m near:1)H/O Ashalata Sarkar 2)H/O Ananda Biswas 3)H/O Suman Baidya 4)H/O Dilip Tikadar 5)H/O Manindra Biswas 6)H/O Amulya Sarkar 7)H/O Prankrishna Sarkar 8)H/O Dhiren Majumder 9) H/O Lankeshwar Biswas under Kamalpur GP,Ranaghat -II Block Development.","Jagannath Sarkar","RANAGHAT(SC)","Images","23-Jun-2025","281980"
"1956","Normal/Others","WS/MP828/2024-2025/150665-Street lights","West Bengal","NADIA(DISTRICT MAGISTRATE NADIA_IDA)","09 nos. Solar light 6m near:1) H/O Pariman Mandal 2) H/O Amiya Ranga 3)H/O Hemanta Biswas 4)H/O Tapan Biswas 5)H/O Makhan Biswas 6)H/O Haradhan Das 7)H/O Ranjit Barui 8) H/O Subrata Biswas 9) Sankarpur Junior High School  under Kamalpur GP, Ranaghat -II Block Development.","Jagannath Sarkar","RANAGHAT(SC)","Images","23-Jun-2025","281980"
"1957","Normal/Others","WS/MP828/2024-2025/150666-Street lights","West Bengal","NADIA(DISTRICT MAGISTRATE NADIA_IDA)","09 nos. solar street Light 6m near :1)Sukanta Smriti Vidyalay 2)Biplabi Club 3)H/O Harendranath Biswas 4)H/O Suvadh Biswas 5)H/O Haradhan Biswas 6)H/O Narayan biswas 7)H/O Laxman Biswas 8)H/O Ganesh Sikder 9) Shamali Munda under Kamalpur GP , Ranaghat -II Block development.","Jagannath Sarkar","RANAGHAT(SC)","Images","23-Jun-2025","281980"
"1958","Normal/Others","WS/MP828/2024-2025/150667-Street lights","West Bengal","NADIA(DISTRICT MAGISTRATE NADIA_IDA)","09 nos Solar Light 6m near :1) Daspara Kalimandir 2)H/O Rohit Das 3)H/O Ajit Sadhukhan  4) H/O Ranjit biswas 5) H/O Khokan Adhikari 6) H/O Ujjal Mridha 7) H/O Alok Mandal 8) H/O Parimal Mallick 9) H/O Amar Biswas under Kamalpur GP, Ranaghat -II Block Development.","Jagannath Sarkar","RANAGHAT(SC)","Images","23-Jun-2025","281980"
"1959","Normal/Others","WS/MP828/2024-2025/150668-Street lights","West Bengal","NADIA(DISTRICT MAGISTRATE NADIA_IDA)","09 nos. Solar Light 6m near:1) H/O Manitosh Ray 2) H/O Gobinda Karmakar 3) H/O Barin Biswas 4) H/O Biplab Ray 5) H/O Rinku Barui 6)H/O Ashok Sadhukhan 7) H/O Naresh Biswas 8) H/O Gour Saha 9) H/O Krishnapada Roy under Kamalpur  GP , Ranaghat -II Block Development.","Jagannath Sarkar","RANAGHAT(SC)","Images","23-Jun-2025","281952"
"1960","Normal/Others","WS/MP828/2024-2025/150669-Street lights","West Bengal","NADIA(DISTRICT MAGISTRATE NADIA_IDA)","09 nos. Solar Light 6m near: 1)H/O Lalmohan Sarkar 2) H/O Jiban Sarkar 3) H/O Samaresh Debnath 4) H/O Mihir Halder 5) H/O Tushar Biswas 6) H/O Bablu Mandal 7) H/O Prankrishna Sarkar 8) H/O Jaydeb Sarkar 9) H/O Madhab Sardar under Kamalpur GP, Ranaghat -II Block Development.","Jagannath Sarkar","RANAGHAT(SC)","Images","23-Jun-2025","281980"
"1961","Normal/Others","WS/MP18161/2024-2025/138069-Construction of community centers and community halls","Rajasthan","ALWAR(DISTRICT COLLECTOR ALWAR_IDA)","Samudayik bhavan Bairwa mohalla mein chardiwari may gate Nirman karya gram Nagal Rupa work agency GP Nagal Rupa","SANJNA JATAV","BHARATPUR(SC)","Images","23-Jun-2025","499545"
"1962","Normal/Others","WS/MP18346/2024-2025/142470-Construction of rooms and halls in school and colleges","Uttar Pradesh","RAE BARELI(DISTRICT MAGISTRATE RAE BARELI_IDA)","Construction of a classroom at Karpoori Thakur H.S. School, Surajkunda, Rahi, Rae Bareli on the request of Shri Hariom Sharma, Manager, Mob- 7275170080","RAHUL GANDHI","RAE BARELI","N/A","29-Sep-2025","500000"
"1963","Normal/Others","WS/MP423/2024-2025/161439-Construction of roads, link roads, pathways or any other road with or without drainage system","Bihar","MADHUBANI(DISTRICT PLANNING OFFICER MADHUBANI_IDA)","Anumandal phulpras zila Madhubani antargat nagar panchayat phulpras  mukhya sadak se lekar anumandal karyalay office gate tk pcc sadak ka nirman karya","Ramprit Mandal","JHANJHARPUR","Images","11-Mar-2025","1378690"
"1964","Normal/Others","WS/MP18161/2024-2025/138064-Construction of roads, link roads, pathways or any other road with or without drainage system","Rajasthan","ALWAR(DISTRICT COLLECTOR ALWAR_IDA)","CC interlocking sadak Nirman karya kalvaRam ke Makan se kalli ke Ghar ki or gram dantiya work agency GP Dantiya","SANJNA JATAV","BHARATPUR(SC)","Images","24-Oct-2025","596907"
"1965","Normal/Others","WS/MP18161/2024-2025/138067-Installing hand pumps","Rajasthan","ALWAR(DISTRICT COLLECTOR ALWAR_IDA)","Sarvjanik handpump Nirman karya navab ke ghar ke pass gram dantiya work agency GP Dantiya","SANJNA JATAV","BHARATPUR(SC)","Images","24-Oct-2025","95187"
"1966","Normal/Others","WS/MP517/2024-2025/148897-Installing community drinking water plants","Uttar Pradesh","AGRA(DISTRICT MAGISTRAE AGRA_IDA)","Sumbarsebal Pump in Astha City Runkata Achhnera","Rajkumar Chahar","FATEHPUR SIKRI","Images","21-Jan-2026","249291"
"1967","Normal/Others","WS/MP517/2024-2025/148898-Lighting of public spaces","Uttar Pradesh","AGRA(DISTRICT MAGISTRAE AGRA_IDA)","High Mast Light at aharihar dham Ashram Yamuna Kinara Vikrampur","Rajkumar Chahar","FATEHPUR SIKRI","Images","21-Jan-2026","248833"
"1968","Normal/Others","WS/MP517/2024-2025/148896-Construction of boundary walls of existing public and community buildings","Uttar Pradesh","AGRA(DISTRICT MAGISTRAE AGRA_IDA)","CONSTRUCTION OF Boundra Wall fROM Aam vala Talab to Agra Jagner Road at Nagala Parmal Akola","Rajkumar Chahar","FATEHPUR SIKRI","Images","21-Jan-2026","890700"
"1969","Normal/Others","WS/MP18161/2024-2025/138055-Construction of roads, link roads, pathways or any other road with or without drainage system","Rajasthan","ALWAR(DISTRICT COLLECTOR ALWAR_IDA)","CC interlocking sadak Nirman karya harchandi ve madan jatav ke Makan se Amar Singh v jal Singh wali gali hote hue Ravindra sarpanch ke Makan ki taraf gram lathki","SANJNA JATAV","BHARATPUR(SC)","Images","03-Nov-2025","986008"
"1970","Normal/Others","WS/MP18161/2024-2025/138060-Construction of roads, link roads, pathways or any other road with or without drainage system","Rajasthan","ALWAR(DISTRICT COLLECTOR ALWAR_IDA)","CC sadak Nirman karya AmarSingh ke Makan se tikri road ki or gram Katehada; work agency GP Kheda Kalyanpur","SANJNA JATAV","BHARATPUR(SC)","N/A","31-Jan-2025","785757"
"1971","Normal/Others","WS/MP823/2024-2025/139550-Construction of buildings for crèches and anganwadies","West Bengal","NADIA(DISTRICT MAGISTRATE NADIA_IDA)","Construction of a ICDS Centre No 396 Near Anjoli Sardar house at Miraipur Under Dogachhia GP, Nakashipara Block, Nadia.","Ms Mahua Moitra","KRISHNANAGAR","Images","12-Jun-2025","848308"
"1972","Normal/Others","WS/MP18170/2024-2025/151378-Construction of roads, link roads, pathways or any other road with or without drainage system","Rajasthan","SIKAR(DISTRICT COLLECTOR SIKAR_IDA)","Construction of drain with interlock from main road towards Sitaram house in village Rajas Panchayat Samiti Laxmangarh","AMRARAM","SIKAR","Images","18-Mar-2025","384000"
"1973","Normal/Others","WS/MP18032/2024-2025/134038-Installing tube-wells and borewells","Bihar","KAIMUR (BHABUA)(DISTRICT PLANNING OFFICER KAIMUR BHABUA_IDA)","Construction of new submersible and a room at north side of shankar ji ka talab Mahuwar village","SUDHAKAR SINGH","BUXAR","N/A","13-Jan-2025","991583"
"1974","Normal/Others","WS/MP18043/2024-2025/140587-Construction of roads, link roads, pathways or any other road with or without drainage system","Bihar","KAIMUR (BHABUA)(DISTRICT PLANNING OFFICER KAIMUR BHABUA_IDA)","Ravidsa Mandir se lekar railway line tak pcc nriman kary length 600 feet","MANOJ KUMAR","SASARAM(SC)","N/A","13-Jan-2025","789839"
"1975","Normal/Others","WS/MP18404/2024-2025/155440-Construction of roads, link roads, pathways or any other road with or without drainage system","Uttar Pradesh","BIJNOR(DISTRICT MAGISTRATE BIJNOR_IDA)","GRAM LUTKIPUR, VIKAS KHAND NURPUR MEIN KESHPAL SINGH KE GHAR SE RAMPAL KE GHAR KI OR CC ROAD AUR NAALI NIRMAAN KAARYA. (PROVINCIAL CO-OPERATIVE CONSTRUCTION AND DEVELOPMENT LTD., BIJNOR)","CHANDRA SHEKHAR","NAGINA(SC)","Images","21-Jan-2026","1036850"
"1976","Normal/Others","WS/MP18404/2024-2025/155438-Construction of roads, link roads, pathways or any other road with or without drainage system","Uttar Pradesh","BIJNOR(DISTRICT MAGISTRATE BIJNOR_IDA)","GRAM BALDANA SHAFIPUR, VIKAS KHAND NURPUR MEIN ALI MOHAMMAD KI BAITHAK SE GRAM PANCHAYAT SACHIVALAY KI OR CC ROAD AUR NAALI NIRMAAN KAARYA. (PROVINCIAL CO-OPERATIVE CONSTRUCTION AND DEVELOPMENT LTD., BIJNOR)","CHANDRA SHEKHAR","NAGINA(SC)","Images","14-Jan-2026","1720660"
"1977","Normal/Others","WS/MP18404/2024-2025/155441-Construction of roads, link roads, pathways or any other road with or without drainage system","Uttar Pradesh","BIJNOR(DISTRICT MAGISTRATE BIJNOR_IDA)","GRAM FARIDPUR DURGA, VIKAS KHAND MAUPUR DEVMAL, MEIN VIPIN KE MAKAN SE SHIVDHYAN RATHI KE MAKAN KI AUR C.C. ROAD AUR NALI NIRMAN KARYA. (PROVINCIAL CO-OPERATIVE CONSTRUCTION AND DEVELOPMENT LTD., BIJNOR)","CHANDRA SHEKHAR","NAGINA(SC)","Images","14-Jan-2026","646920"
"1978","Normal/Others","WS/MP18102/2024-2025/159138-Construction of common work sheds/ common covered sitting area","Madhya Pradesh","DHAR(DISTRICT COLLECTOR DHAR_IDA)","manglik bhavan parisar me shed nirman","SAVITRI THAKUR","DHAR(ST)","Images","15-Sep-2025","1000000"
"1979","Normal/Others","WS/MP18404/2024-2025/155436-Construction of roads, link roads, pathways or any other road with or without drainage system","Uttar Pradesh","BIJNOR(DISTRICT MAGISTRATE BIJNOR_IDA)","GRAM ALIPUR DAMODAR, VIKAS KHAND NAHTAUR MEIN MUKHYA MARG PAR ISRAEL KE MAKAN SE BRAHMPAL KE MAKAN KI OR CC ROAD AUR NAALI NIRMAAN KAARYA. (PROVINCIAL CO-OPERATIVE CONSTRUCTION AND DEVELOPMENT LTD., BIJNOR)","CHANDRA SHEKHAR","NAGINA(SC)","Images","14-Jan-2026","802110"
"1980","Normal/Others","WS/MP18404/2024-2025/155437-Construction of roads, link roads, pathways or any other road with or without drainage system","Uttar Pradesh","BIJNOR(DISTRICT MAGISTRATE BIJNOR_IDA)","GRAM ALIPUR DAMODAR, VIKAS KHAND NAHTAUR MEIN GRAM MUKHYA MARG SE ALEEM KE GHAR KI OR AUR AFZAL KE MAKAN SE ISLAMUDDIN KE MAKAN KI OR CC ROAD AUR NAALI NIRMAAN KAARYA. (PROVINCIAL CO-OPERATIVE CONSTRUCTION AND DEVELOPMENT LTD., BIJNOR)","CHANDRA SHEKHAR","NAGINA(SC)","Images","14-Jan-2026","373240"
"1981","Normal/Others","WS/MP18404/2024-2025/155439-Construction of roads, link roads, pathways or any other road with or without drainage system","Uttar Pradesh","BIJNOR(DISTRICT MAGISTRATE BIJNOR_IDA)","GRAM DARIYAPUR, VIKAS KHAND NURPUR MEIN DR. DINESH KE MAKAN SE RAVIDAS DHARAMSHALA KI OR CC ROAD AUR NAALI NIRMAAN KAARYA. (PROVINCIAL CO-OPERATIVE CONSTRUCTION AND DEVELOPMENT LTD., BIJNOR)","CHANDRA SHEKHAR","NAGINA(SC)","Images","14-Jan-2026","825879"
"1982","Normal/Others","WS/MP18138/2024-2025/143330-Construction of roads, link roads, pathways or any other road with or without drainage system","Mizoram","KOLASIB(Deputy Commissioner Kolasib)","Theileiki to Tuirial Link Road, 1.5 KMs","RICHARD VANLALHMANGAIHA","MIZORAM (ST)","Images","31-Jul-2025","750000"
"1983","Normal/Others","WS/MP18138/2024-2025/148792-Construction of roads, link roads, pathways or any other road with or without drainage system","Mizoram","KOLASIB(Deputy Commissioner Kolasib)","Construction of PCC Flooring at  Mualvum Govt. Middle School Road. Mualvum Kawnpui","RICHARD VANLALHMANGAIHA","MIZORAM (ST)","N/A","01-Apr-2025","1000000"
"1984","Normal/Others","WS/MP18138/2024-2025/148791-Construction of roads, link roads, pathways or any other road with or without drainage system","Mizoram","KOLASIB(Deputy Commissioner Kolasib)","Const of PCC Flooring Kawnpui PS to Vengthar Futsal Ground","RICHARD VANLALHMANGAIHA","MIZORAM (ST)","Images","01-Apr-2025","250000"
"1985","Normal/Others","WS/MP18161/2024-2025/138074-Construction of roads, link roads, pathways or any other road with or without drainage system","Rajasthan","BHARATPUR(DISTRICT COLLECTOR BHARATPUR_IDA)","Interlocking sadak Nirman karya DharmSingh jatav ke Ghar se Ashok ke Makan ki or may gali jatav mohalla Luhasa work agency GP Luhasa","SANJNA JATAV","BHARATPUR(SC)","Images","07-Aug-2026","599744"
"1986","Normal/Others","WS/MP727/2024-2025/142174-Construction of additional rooms and halls in the existing public and community building","Rajasthan","KOTA(DISTRICT COLLECTOR KOTA_IDA)","Shri Jingar Samaj Panchayat Society Kota K Chatrawas Mai Kamre Nirman Ka Karya. Place-Ocf 6/2, Subhash Nagar, 2nd Kota,  Recommended Amount- 10.00 Lakh Rs., Implementing Agency - Uit Kota (05 Dated 18.09.2024)","Om Birla","KOTA","N/A","31-Mar-2026","999278"
"1987","Normal/Others","WS/MP858/2024-2025/139546-Construction of roads, link roads, pathways or any other road with or without drainage system","West Bengal","BIRBHUM(DISTRICT MAGISTRATE BIRBHUM_IDA)","Construction of CC ROAD FROM FARING HOUSE TO CHARKALGRAM HIGH SCHOOL AT KHALA.EXECUTING AGENCY WILL BE ,EO NANOOR PANCHAYAT SAMITI.","Asit Kumar Mal","BOLPUR(SC)","Images","03-Mar-2025","5023131"
"1988","Normal/Others","WS/MP18161/2024-2025/138109-Construction of roads, link roads, pathways or any other road with or without drainage system","Rajasthan","BHARATPUR(DISTRICT COLLECTOR BHARATPUR_IDA)","CC interlocking eat kharanja Nirman karya RatanSingh ke Ghar se Mangal ke Ghar ki or Avam vibhinn galiyan BhiriGanj work agency GP khemra","SANJNA JATAV","BHARATPUR(SC)","Images","02-Jul-2025","399709"
"1989","Normal/Others","WS/MP716/2024-2025/140237-Construction of public irrigation facilities","Punjab","SRI MUKTSAR SAHIB(DEPUTY COMMISSIONER SRI MUKTSAR SAHIB_IDA)","For Laying Rcc Pipeline to Sukhwinderpal Singh Field At Village Bhullar Wala","Smt Harsimrat Kaur Badal","BHATINDA","Images","01-Feb-2025","373000"
"1990","Normal/Others","WS/MP858/2024-2025/144037-Street lights","West Bengal","BIRBHUM(DISTRICT MAGISTRATE BIRBHUM_IDA)","Installation 4 no highmast light at PAPURI,KHALA AND CHARKALGRAM, Executing Agency will be EO NANOOR PANCHAYAT SAMITY.","Asit Kumar Mal","BOLPUR(SC)","Images","15-Jan-2025","1157828"
"1991","Normal/Others","WS/MP444/2024-2025/146526-Construction of bus-sheds or bus-stops","Madhya Pradesh","HARDA(District Collector Harda_IDA)","L.No. 184 Dt 07.10.2024 Gram Panchayat Mediyakhedi ke gram Baliyakhedi me","Durga Das Uikey","BETUL(ST)","Images","23-Jul-2025","259942"
"1992","Normal/Others","WS/MP444/2024-2025/146518-Construction of bus-sheds or bus-stops","Madhya Pradesh","HARDA(District Collector Harda_IDA)","L.No. 184 Dt 07.10.2024 Gram Panchayat Khedinema ke gram Bhamori me","Durga Das Uikey","BETUL(ST)","Images","23-Jul-2025","259942"
"1993","Normal/Others","WS/MP829/2024-2025/139362-Construction of boundary walls of existing public and community buildings","West Bengal","HOWRAH(DISTRICT MAGISTRATE HOWRAH_IDA)","Construction of Boundary wall at Chitnan Malpara Madrasa","Smt Sajda Ahmed","ULUBERIA","Images","28-Feb-2025","500000"
"1994","Normal/Others","WS/MP18213/2024-2025/155760-Street lights","Uttar Pradesh","ETAH(DISTRICT MAGISTRATE ETAH_IDA)","gram panchayat Achalpur ke jori nagala mein Deepak fouji ke ghar ke pass tirahe par sarwajanik sthal par, Mo 8630143474","DEVESH SHAKYA","ETAH","N/A","13-May-2025","240689"
"1995","Normal/Others","WS/MP18213/2024-2025/155762-Street lights","Uttar Pradesh","ETAH(DISTRICT MAGISTRATE ETAH_IDA)","Gram panchayat mein Hazaratpur mein Veerpal Lodhi ke ghar ke pass, Mo 6399069508","DEVESH SHAKYA","ETAH","N/A","13-May-2025","240689"
"1996","Normal/Others","WS/MP18213/2024-2025/155763-Street lights","Uttar Pradesh","ETAH(DISTRICT MAGISTRATE ETAH_IDA)","gram panchayat mein atranji kheda prangan par ,Sumit Mo 9548181047","DEVESH SHAKYA","ETAH","N/A","13-May-2025","240689"
"1997","Normal/Others","WS/MP859/2024-2025/150947-Construction of roads, link roads, pathways or any other road with or without drainage system","West Bengal","HOOGHLY(DISTRICT MAGISTRATE HOOGHLY_IDA)","CONSTRUCTION OF BITUMINOUS ROAD FROM ADAN ROTARY HEALTH CENTER TO GHOSH PARA KALITALA VIA ANNOPURNA PRIMARY SCHOOL AT NAITY G.P UNDER  CHANDITALA – II PANCHAYAT SAMITI, DIST- HOOGHLY.","Kalyan Banerjee","SREERAMPUR","Images","26-Mar-2025","869502"
"1998","Normal/Others","WS/MP18213/2024-2025/155764-Street lights","Uttar Pradesh","ETAH(DISTRICT MAGISTRATE ETAH_IDA)","Gram Panchayat Sheorai mein Jalim Singh Kushwaha ke ghar ke pass chaurahe par Mo 8937851252","DEVESH SHAKYA","ETAH","N/A","13-May-2025","240689"
"1999","Normal/Others","WS/MP18213/2024-2025/155765-Street lights","Uttar Pradesh","ETAH(DISTRICT MAGISTRATE ETAH_IDA)","gram panchayat mein suratpur mafi mein Pankaj Baghel ke ghar ke pass Chaurahe par Mo 8636858408","DEVESH SHAKYA","ETAH","N/A","13-May-2025","240689"
"2000","Normal/Others","WS/MP18213/2024-2025/155766-Street lights","Uttar Pradesh","ETAH(DISTRICT MAGISTRATE ETAH_IDA)","gram panchayat Siraon mein Praveen Kushwaha ke ghar ke pass tirahe par ,Mo 9568491107","DEVESH SHAKYA","ETAH","N/A","13-May-2025","240689"
"2001","Normal/Others","WS/MP18138/2024-2025/143315-Construction of roads, link roads, pathways or any other road with or without drainage system","Mizoram","AIZAWL(DEPUTY COMMISSIONER AIZAWL_IDA)","Construction of PCC Flooring on Govt. Middle School Road","RICHARD VANLALHMANGAIHA","MIZORAM (ST)","N/A","16-May-2025","300000"
"2002","Normal/Others","WS/MP18213/2024-2025/155767-Street lights","Uttar Pradesh","ETAH(DISTRICT MAGISTRATE ETAH_IDA)","gram panchayat Amritpur mein Rajeev Kumar ke ghar ke pass tirahe par , Mo 9719603282","DEVESH SHAKYA","ETAH","N/A","13-May-2025","240689"
"2003","Normal/Others","WS/MP18213/2024-2025/155768-Street lights","Uttar Pradesh","ETAH(DISTRICT MAGISTRATE ETAH_IDA)","gram panchayat Akhtauli ke nayabans mein Anil Yadav ke ghar ke pass Sarwajanik Sthal par Mo 9412213333","DEVESH SHAKYA","ETAH","N/A","13-May-2025","240689"
"2004","Normal/Others","WS/MP18138/2024-2025/143314-Construction of roads, link roads, pathways or any other road with or without drainage system","Mizoram","AIZAWL(DEPUTY COMMISSIONER AIZAWL_IDA)","PCC Flooring at national Highway to Near LH Muanchhana's House","RICHARD VANLALHMANGAIHA","MIZORAM (ST)","N/A","16-May-2025","250000"
"2005","Normal/Others","WS/MP18213/2024-2025/155769-Street lights","Uttar Pradesh","ETAH(DISTRICT MAGISTRATE ETAH_IDA)","gram panchayat sailar ke nagala kisi mein Maijpal ke ghar ke pass chaurahe par Mo 9149160341","DEVESH SHAKYA","ETAH","N/A","13-May-2025","240689"
"2006","Normal/Others","WS/MP18138/2024-2025/143313-Construction of roads, link roads, pathways or any other road with or without drainage system","Mizoram","AIZAWL(DEPUTY COMMISSIONER AIZAWL_IDA)","Construction of PCC Flooring at Don Bosco School Road","RICHARD VANLALHMANGAIHA","MIZORAM (ST)","N/A","16-May-2025","250000"
"2007","Normal/Others","WS/MP18138/2024-2025/143312-Construction of roads, link roads, pathways or any other road with or without drainage system","Mizoram","AIZAWL(DEPUTY COMMISSIONER AIZAWL_IDA)","Construction of PCC Flooring at Ramhlun veng","RICHARD VANLALHMANGAIHA","MIZORAM (ST)","N/A","16-May-2025","250000"
"2008","Normal/Others","WS/MP18138/2024-2025/143311-Construction of roads, link roads, pathways or any other road with or without drainage system","Mizoram","AIZAWL(DEPUTY COMMISSIONER AIZAWL_IDA)","Construction of PCC Flooring","RICHARD VANLALHMANGAIHA","MIZORAM (ST)","N/A","16-May-2025","250000"
"2009","Normal/Others","WS/MP18213/2024-2025/155770-Street lights","Uttar Pradesh","ETAH(DISTRICT MAGISTRATE ETAH_IDA)","gram panchayat Jitauli mein ramnagar mod, Sandeep Yadav , Mo 9368253481","DEVESH SHAKYA","ETAH","N/A","13-May-2025","240689"
"2010","Normal/Others","WS/MP18138/2024-2025/143319-Construction of public libraries and reading rooms","Mizoram","AIZAWL(DEPUTY COMMISSIONER AIZAWL_IDA)","Construction of Information Centre cum Library","RICHARD VANLALHMANGAIHA","MIZORAM (ST)","N/A","18-Jun-2025","1250000"
"2011","Normal/Others","WS/MP18138/2024-2025/143318-Construction of boundary walls of existing public and community buildings","Mizoram","AIZAWL(DEPUTY COMMISSIONER AIZAWL_IDA)","Construction of Retaining Wall near Volleyball Court","RICHARD VANLALHMANGAIHA","MIZORAM (ST)","N/A","16-May-2025","250000"
"2012","Normal/Others","WS/MP18213/2024-2025/155771-Street lights","Uttar Pradesh","ETAH(DISTRICT MAGISTRATE ETAH_IDA)","gram panchayat imilaya mein Jaipraksh ke ghar ke pass tirahe par, Mo 9412511004.","DEVESH SHAKYA","ETAH","N/A","13-May-2025","240689"
"2013","Normal/Others","WS/MP18138/2024-2025/143317-Construction of roads, link roads, pathways or any other road with or without drainage system","Mizoram","AIZAWL(DEPUTY COMMISSIONER AIZAWL_IDA)","Construction of PCC Flooring on Tuivai road","RICHARD VANLALHMANGAIHA","MIZORAM (ST)","N/A","16-May-2025","300000"
"2014","Normal/Others","WS/MP18213/2024-2025/155772-Street lights","Uttar Pradesh","ETAH(DISTRICT MAGISTRATE ETAH_IDA)","gram panchayat chilamapur ke nagala chooraman mein Suresh ke ghar ke pass chaurahe par Mo 805774698","DEVESH SHAKYA","ETAH","N/A","13-May-2025","240689"
"2015","Normal/Others","WS/MP18138/2024-2025/143316-Construction of boundary walls of existing public and community buildings","Mizoram","AIZAWL(DEPUTY COMMISSIONER AIZAWL_IDA)","Construction of Retaining wall Near SS Hall","RICHARD VANLALHMANGAIHA","MIZORAM (ST)","N/A","16-May-2025","250000"
"2016","Normal/Others","WS/MP859/2024-2025/150950-Street lights","West Bengal","HOOGHLY(DISTRICT MAGISTRATE HOOGHLY_IDA)","ELECRTICAL WORKS FOR SUPPLY, DELIVERY & ISTALLATION OF 1NO 12.5 MTR POLYGONEL HIGH MAST TOWER LED LIGHT SYSTEM ( HAVING 8 NOS 150W FLOOD LIGHT LED LUMINAILRES ) WITH 24 HR & TWILLIGHT DUAL CHANNEL OPERATION COMPRISING MOTOR OPERATED LANTERN CARRIAGE LOWRING & UPPERING TECHNOLOGY INCORPORATED FOR PLACE IN HOOGHLY AT CHANDITALA M9 BUS STAND  UNDER BARIJHATI G.P CHANDITALA – II PANCHAYAT SAMITI, DIST- HOOGHLY.","Kalyan Banerjee","SREERAMPUR","Images","10-Mar-2025","280859"
"2017","Normal/Others","WS/MP18213/2024-2025/155773-Street lights","Uttar Pradesh","ETAH(DISTRICT MAGISTRATE ETAH_IDA)","gram panchayat nagala qazi mein Ch Lakhan Singh Inter College gate par ,Mo9927555542.","DEVESH SHAKYA","ETAH","N/A","13-May-2025","240689"
"2018","Normal/Others","WS/MP18138/2024-2025/143324-Construction of roads, link roads, pathways or any other road with or without drainage system","Mizoram","AIZAWL(DEPUTY COMMISSIONER AIZAWL_IDA)","Construction of PCC Flooring at Tinghmun","RICHARD VANLALHMANGAIHA","MIZORAM (ST)","N/A","16-May-2025","250000"
"2019","Normal/Others","WS/MP18138/2024-2025/143323-Construction of boundary walls of existing public and community buildings","Mizoram","AIZAWL(DEPUTY COMMISSIONER AIZAWL_IDA)","Construction of Retaining wall near Sub Centre, Upper Sakawrdai","RICHARD VANLALHMANGAIHA","MIZORAM (ST)","N/A","07-Jul-2025","250000"
"2020","Normal/Others","WS/MP18213/2024-2025/155774-Street lights","Uttar Pradesh","ETAH(DISTRICT MAGISTRATE ETAH_IDA)","gram panchayat senakalan mein nagala suwan mein beech tiraha par , Vinod Yadav Mo 9927555542","DEVESH SHAKYA","ETAH","N/A","13-May-2025","240689"
"2021","Normal/Others","WS/MP18138/2024-2025/143322-Construction of roads, link roads, pathways or any other road with or without drainage system","Mizoram","AIZAWL(DEPUTY COMMISSIONER AIZAWL_IDA)","Construction of PCC Flooring at Govt. Primary School Road","RICHARD VANLALHMANGAIHA","MIZORAM (ST)","N/A","07-Jul-2025","250000"
"2022","Normal/Others","WS/MP859/2024-2025/150949-Street lights","West Bengal","HOOGHLY(DISTRICT MAGISTRATE HOOGHLY_IDA)","ELECRTICAL WORKS FOR SUPPLY, DELIVERY & ISTALLATION OF 1NO 12.5 MTR POLYGONEL HIGH MAST TOWER LED LIGHT SYSTEM ( HAVING 8 NOS 150W FLOOD LIGHT LED LUMINAILRES ) WITH 24 HR & TWILLIGHT DUAL CHANNEL OPERATION COMPRISING MOTOR OPERATED LANTERN CARRIAGE LOWRING & UPPERING TECHNOLOGY INCORPORATED FOR PLACE IN HOOGHLY","Kalyan Banerjee","SREERAMPUR","Images","10-Mar-2025","280779"
"2023","Normal/Others","WS/MP18138/2024-2025/143321-Construction of roads, link roads, pathways or any other road with or without drainage system","Mizoram","AIZAWL(DEPUTY COMMISSIONER AIZAWL_IDA)","Road Extension on Field Peng road","RICHARD VANLALHMANGAIHA","MIZORAM (ST)","N/A","23-Sep-2025","300000"
"2024","Normal/Others","WS/MP18213/2024-2025/155775-Street lights","Uttar Pradesh","ETAH(DISTRICT MAGISTRATE ETAH_IDA)","gram panchayat rijor mein chandi mandir rijor ibrahim nagariya tiraha Mo 9457073071","DEVESH SHAKYA","ETAH","N/A","13-May-2025","240689"
"2025","Normal/Others","WS/MP18138/2024-2025/143328-Construction of road under bridge","Mizoram","AIZAWL(DEPUTY COMMISSIONER AIZAWL_IDA)","Approach road to Tuivai River under Tuivai Bridge","RICHARD VANLALHMANGAIHA","MIZORAM (ST)","Images","13-Mar-2025","1500000"
"2026","Normal/Others","WS/MP18138/2024-2025/143327-Construction of roads, link roads, pathways or any other road with or without drainage system","Mizoram","AIZAWL(DEPUTY COMMISSIONER AIZAWL_IDA)","Construction of road at Barika","RICHARD VANLALHMANGAIHA","MIZORAM (ST)","N/A","07-Jul-2025","250000"
"2027","Normal/Others","WS/MP859/2024-2025/150956-Construction of roads, link roads, pathways or any other road with or without drainage system","West Bengal","HOOGHLY(DISTRICT MAGISTRATE HOOGHLY_IDA)","CONSTRUCTION  OF CEMENT CONCRETE ROAD BETWEEN PWD ROAD DEBASIS MAITY TO TARAMATALA ROAD AT CHANDITALA G.P UNDER  CHANDITALA – II PANCHAYAT SAMITI, DIST- HOOGHLY.","Kalyan Banerjee","SREERAMPUR","Images","25-Sep-2025","802038"
"2028","Normal/Others","WS/MP18138/2024-2025/143326-Construction of common work sheds/ common covered sitting area","Mizoram","AIZAWL(DEPUTY COMMISSIONER AIZAWL_IDA)","Construction of Waiting Shed at Palsang","RICHARD VANLALHMANGAIHA","MIZORAM (ST)","N/A","16-May-2025","250000"
"2029","Normal/Others","WS/MP18213/2024-2025/155776-Street lights","Uttar Pradesh","ETAH(DISTRICT MAGISTRATE ETAH_IDA)","gram panchayat sheelampura gadiayan mein badan singh ke ghar ke pass tiraha par , Mo 7017646592.","DEVESH SHAKYA","ETAH","N/A","13-May-2025","240689"
"2030","Normal/Others","WS/MP18138/2024-2025/143325-Construction of roads, link roads, pathways or any other road with or without drainage system","Mizoram","AIZAWL(DEPUTY COMMISSIONER AIZAWL_IDA)","Construction of PCC Flooring at Thlanmual Road, Zokhawthiang","RICHARD VANLALHMANGAIHA","MIZORAM (ST)","N/A","16-May-2025","250000"
"2031","Normal/Others","WS/MP18213/2024-2025/155778-Street lights","Uttar Pradesh","ETAH(DISTRICT MAGISTRATE ETAH_IDA)","gram panchayat chachaina mein kendriya vidayala Harchandrapur prangan mein , Mo 9910238507","DEVESH SHAKYA","ETAH","N/A","13-May-2025","240689"
"2032","Normal/Others","WS/MP18138/2024-2025/149616-Construction of buildings for sports facilities","Mizoram","AIZAWL(DEPUTY COMMISSIONER AIZAWL_IDA)","Construction of Pehlawn Volleyball Court","RICHARD VANLALHMANGAIHA","MIZORAM (ST)","N/A","18-Jun-2025","1000000"
"2033","Normal/Others","WS/MP18213/2024-2025/155779-Street lights","Uttar Pradesh","ETAH(DISTRICT MAGISTRATE ETAH_IDA)","gram panchayat sonhar mein barat  ghar ke pass chaurahe par , Mo 75808227024","DEVESH SHAKYA","ETAH","N/A","13-May-2025","240689"
"2034","Normal/Others","WS/MP18213/2024-2025/155780-Street lights","Uttar Pradesh","ETAH(DISTRICT MAGISTRATE ETAH_IDA)","gram panchayat daspur mein Anil Solanki ke ghar ke pass tirahe par Mo 9456954111","DEVESH SHAKYA","ETAH","N/A","13-May-2025","240689"
"2035","Normal/Others","WS/MP18213/2024-2025/155781-Street lights","Uttar Pradesh","ETAH(DISTRICT MAGISTRATE ETAH_IDA)","gram panchayat jalalpur sathal ke beech gaon mein sarwajanik sthal par veer singh, Mo 9870728487","DEVESH SHAKYA","ETAH","N/A","13-May-2025","240689"
"2036","Normal/Others","WS/MP18213/2024-2025/155782-Street lights","Uttar Pradesh","ETAH(DISTRICT MAGISTRATE ETAH_IDA)","gram panchayat nagala bike mein Khetpal singh ke ghar ke pass chaurahe par , Mo 7248451087","DEVESH SHAKYA","ETAH","N/A","13-May-2025","240689"
"2037","Normal/Others","WS/MP18213/2024-2025/155787-Street lights","Uttar Pradesh","ETAH(DISTRICT MAGISTRATE ETAH_IDA)","Gram panchayat kansuri mein holi chowk Pravesh Kumar ke ghar ke pass , Mo 9310407777","DEVESH SHAKYA","ETAH","N/A","13-May-2025","240689"
"2038","Normal/Others","WS/MP18213/2024-2025/155788-Street lights","Uttar Pradesh","ETAH(DISTRICT MAGISTRATE ETAH_IDA)","gram panchayat kartala ke beri ke nagala mein Harvendra ke ghar ke pass tirahe par, Mo 7088842321","DEVESH SHAKYA","ETAH","N/A","13-May-2025","240689"
"2039","Normal/Others","WS/MP18213/2024-2025/155791-Street lights","Uttar Pradesh","ETAH(DISTRICT MAGISTRATE ETAH_IDA)","gram panchayat shivsinghpur mein Matadevi mandir tirahe par ,Mo 9758976035","DEVESH SHAKYA","ETAH","N/A","13-May-2025","240689"
"2040","Normal/Others","WS/MP18213/2024-2025/155795-Street lights","Uttar Pradesh","ETAH(DISTRICT MAGISTRATE ETAH_IDA)","gram panchayat shitalpur ke mandi samiti ke pass Gautam Buddha Nagar , Sunita Shakya ke ghar ke pass  Mo 9557937879","DEVESH SHAKYA","ETAH","N/A","13-May-2025","240689"
"2041","Normal/Others","WS/MP18213/2024-2025/155801-Street lights","Uttar Pradesh","ETAH(DISTRICT MAGISTRATE ETAH_IDA)","Udhanpur ke raamnagar mein Logheswar Mahadev Akhade mein, Mo 8384854029","DEVESH SHAKYA","ETAH","N/A","13-May-2025","240689"
"2042","Normal/Others","WS/MP18213/2024-2025/155813-Street lights","Uttar Pradesh","ETAH(DISTRICT MAGISTRATE ETAH_IDA)","Nagarpalika Etah ke kidwai nagar mein Jamshed Alam ke ghar ke pass , Mo 9412282789","DEVESH SHAKYA","ETAH","N/A","13-May-2025","240689"
"2043","Normal/Others","WS/MP18213/2024-2025/155816-Street lights","Uttar Pradesh","ETAH(DISTRICT MAGISTRATE ETAH_IDA)","gram panchayat mainadher ke dulinagar mein shri Shivlal singh Boudh Inter College Dulinagar Pragan ,Mo 9761054186","DEVESH SHAKYA","ETAH","N/A","13-May-2025","240689"
"2044","Normal/Others","WS/MP18213/2024-2025/155820-Street lights","Uttar Pradesh","ETAH(DISTRICT MAGISTRATE ETAH_IDA)","gram panchayat wajidpur ke jaharpur mein bamba ke pass , Mo 9259700007","DEVESH SHAKYA","ETAH","N/A","13-May-2025","240689"
"2045","Normal/Others","WS/MP18213/2024-2025/155825-Street lights","Uttar Pradesh","ETAH(DISTRICT MAGISTRATE ETAH_IDA)","gram panchayat pahrai mein pahrai tirahe par , Mahendrapal Singh Mo 9458887175","DEVESH SHAKYA","ETAH","N/A","13-May-2025","240689"
"2046","Normal/Others","WS/MP18213/2024-2025/155831-Street lights","Uttar Pradesh","ETAH(DISTRICT MAGISTRATE ETAH_IDA)","gram panchayat on mein Vishnukant ke ghar ke pass chaurahe par ,Mo 9734967659","DEVESH SHAKYA","ETAH","N/A","13-May-2025","240689"
"2047","Normal/Others","WS/MP18213/2024-2025/155835-Street lights","Uttar Pradesh","ETAH(DISTRICT MAGISTRATE ETAH_IDA)","gram panchayat Kansuri ke lohakhar mein Sunil Shakya ke ghar ke pass Chauraha par, Mo 9458226341.","DEVESH SHAKYA","ETAH","N/A","13-May-2025","240689"
"2048","Normal/Others","WS/MP18213/2024-2025/155841-Street lights","Uttar Pradesh","ETAH(DISTRICT MAGISTRATE ETAH_IDA)","gram panchayat arthara mein Neeraj Shakya gaon ke mein chaurahe par , Mo 9761318628.","DEVESH SHAKYA","ETAH","N/A","13-May-2025","240689"
"2049","Normal/Others","WS/MP18213/2024-2025/155856-Street lights","Uttar Pradesh","ETAH(DISTRICT MAGISTRATE ETAH_IDA)","gram panchayat Milawali ke nagala arjun mein Rajpal shakya ke chaurahe par , Mo 8006377454","DEVESH SHAKYA","ETAH","N/A","13-May-2025","240689"
"2050","Normal/Others","WS/MP18213/2024-2025/155859-Street lights","Uttar Pradesh","ETAH(DISTRICT MAGISTRATE ETAH_IDA)","gram panchayat bagwala mein kartala chaurahe par , Dr Shubhash , Mo 9759765792","DEVESH SHAKYA","ETAH","N/A","13-May-2025","240689"
"2051","Normal/Others","WS/MP18213/2024-2025/155864-Street lights","Uttar Pradesh","ETAH(DISTRICT MAGISTRATE ETAH_IDA)","Gram Panchayat Jirsami ke nagala hashan mein Bamba ki puliya ke kinare par, Anil Shakya, Mo 7017273572","DEVESH SHAKYA","ETAH","N/A","13-May-2025","240689"
"2052","Normal/Others","WS/MP18213/2024-2025/155869-Street lights","Uttar Pradesh","ETAH(DISTRICT MAGISTRATE ETAH_IDA)","gram panchayat kathauli ke kathauli gram mein sarwajanik sthal par Devendra Shakya Mo 9149177218.","DEVESH SHAKYA","ETAH","N/A","13-May-2025","240689"
"2053","Normal/Others","WS/MP18213/2024-2025/156543-Street lights","Uttar Pradesh","ETAH(DISTRICT MAGISTRATE ETAH_IDA)","gram panchayat nighauli dehat mein sansar kushwaha ke ghar ke pass tirahe par, Mo 9719410580","DEVESH SHAKYA","ETAH","N/A","13-May-2025","240689"
"2054","Normal/Others","WS/MP18213/2024-2025/156544-Street lights","Uttar Pradesh","ETAH(DISTRICT MAGISTRATE ETAH_IDA)","gram panchayat naghirpur mein Praveen shakya ke ghar ke pass chaurahe par, Mo 6397143853","DEVESH SHAKYA","ETAH","N/A","13-May-2025","240689"
"2055","Normal/Others","WS/MP18213/2024-2025/156562-Street lights","Uttar Pradesh","ETAH(DISTRICT MAGISTRATE ETAH_IDA)","nagar panchayat marhara ke dargah sharif masjid ke pass Mo,9412511125.","DEVESH SHAKYA","ETAH","N/A","13-May-2025","240689"
"2056","Normal/Others","WS/MP18048/2024-2025/147650-Construction of culverts and bridges","Chhattisgarh","KONDAGAON(DISTRICT COLLECTOR KONDAGAON_IDA)","gram sonabeda me sagram ghar ke pas se devdongar marg me 03 metre puliya nirman karya","MAHESH KASHYAP","BASTAR(ST)","Images","24-Apr-2026","897695"
"2057","Normal/Others","WS/MP18213/2024-2025/156563-Street lights","Uttar Pradesh","ETAH(DISTRICT MAGISTRATE ETAH_IDA)","gram panchayat bharthara dewkishan ke amberpur mein mahirpal ghar ke pass tirahe par Mo,7300659175","DEVESH SHAKYA","ETAH","N/A","13-May-2025","240689"
"2058","Normal/Others","WS/MP18048/2024-2025/147649-Construction of roads, link roads, pathways or any other road with or without drainage system","Chhattisgarh","KONDAGAON(DISTRICT COLLECTOR KONDAGAON_IDA)","primary school se ramdev ghar tak 300 metre c.c.road nirman karya","MAHESH KASHYAP","BASTAR(ST)","Images","29-Jul-2026","898745"
"2059","Normal/Others","WS/MP18138/2024-2025/143748-Construction of roads, link roads, pathways or any other road with or without drainage system","Mizoram","AIZAWL(DEPUTY COMMISSIONER AIZAWL_IDA)","Internal road PCC Flooring from S. Vanlalvura's house to Vanlalliana House, Zohmun","RICHARD VANLALHMANGAIHA","MIZORAM (ST)","N/A","07-Jul-2025","350000"
"2060","Normal/Others","WS/MP18138/2024-2025/148799-Construction of roads, link roads, pathways or any other road with or without drainage system","Mizoram","MAMIT(DEPUTY COMMISSIONER MAMIT)","Construction of Footh path at S Sabual Govt. Primary School","RICHARD VANLALHMANGAIHA","MIZORAM (ST)","N/A","24-Sep-2025","250000"
"2061","Normal/Others","WS/MP18138/2024-2025/148107-Construction of roads, link roads, pathways or any other road with or without drainage system","Mizoram","MAMIT(DEPUTY COMMISSIONER MAMIT)","Construction of Agriculture link road at Sihlui Tuikhur to Mautamlo road. hmunpui","RICHARD VANLALHMANGAIHA","MIZORAM (ST)","Images","22-Apr-2025","1000000"
"2062","Normal/Others","WS/MP18138/2024-2025/148798-Construction of roads, link roads, pathways or any other road with or without drainage system","Mizoram","MAMIT(DEPUTY COMMISSIONER MAMIT)","Construction of Wating Shed at Leitan, bawngthat","RICHARD VANLALHMANGAIHA","MIZORAM (ST)","N/A","24-Sep-2025","250000"
"2063","Normal/Others","WS/MP18138/2024-2025/148796-Construction of roads, link roads, pathways or any other road with or without drainage system","Mizoram","MAMIT(DEPUTY COMMISSIONER MAMIT)","Construction of PCC Flooring at Community Hall road at chuntlang","RICHARD VANLALHMANGAIHA","MIZORAM (ST)","N/A","24-Sep-2025","250000"
"2064","Normal/Others","WS/MP18138/2024-2025/148108-Construction of roads, link roads, pathways or any other road with or without drainage system","Mizoram","MAMIT(DEPUTY COMMISSIONER MAMIT)","Hmun village extention road at Hmunpui","RICHARD VANLALHMANGAIHA","MIZORAM (ST)","N/A","24-Sep-2025","1000000"
"2065","Normal/Others","WS/MP18138/2024-2025/148797-Construction of roads, link roads, pathways or any other road with or without drainage system","Mizoram","MAMIT(DEPUTY COMMISSIONER MAMIT)","Construction of BNRGSK Step at Hreichhuk","RICHARD VANLALHMANGAIHA","MIZORAM (ST)","N/A","24-Sep-2025","250000"
"2066","Normal/Others","WS/MP18138/2024-2025/148793-Construction of roads, link roads, pathways or any other road with or without drainage system","Mizoram","KOLASIB(Deputy Commissioner Kolasib)","Construction of Agriculture linkl road at Archaw Lian Zau at N Chaltlang","RICHARD VANLALHMANGAIHA","MIZORAM (ST)","Images","05-Feb-2026","1000000"
"2067","Normal/Others","WS/MP429/2024-2025/140549-Construction of common work sheds/ common covered sitting area","Chhattisgarh","Gaurela-Pendra-Marwahi(Collector GPM_IDA)","Sarvajanik Manch Construction at Baada Para, Gram Panchayat - Belpat, Vikas Khand - Gaurela","Jyotsna Charandas Mahant","KORBA","N/A","02-Mar-2026","198977"
"2068","Normal/Others","WS/MP18152/2024-2025/141187-Construction of rooms and halls in school and colleges","Punjab","FARIDKOT(DEPUTY COMMISSIONER FARIDKOT_IDA)","Construction of cycle shed at govt high school","SARABJEET SINGH KHALSA","FARIDKOT(SC)","N/A","10-Jun-2025","299275"
"2069","Normal/Others","WS/MP18152/2024-2025/141188-Construction of rooms and halls in school and colleges","Punjab","FARIDKOT(DEPUTY COMMISSIONER FARIDKOT_IDA)","Construction of mid day meal shed at govt high school","SARABJEET SINGH KHALSA","FARIDKOT(SC)","N/A","10-Jun-2025","300000"
"2070","Normal/Others","WS/MP858/2024-2025/143987-Street lights","West Bengal","BIRBHUM(DISTRICT MAGISTRATE BIRBHUM_IDA)","Installation 2 no of highmast street light under  bara saota gp.Executing Agency will be EO NANOOR PANCHAYAT SAMITY.","Asit Kumar Mal","BOLPUR(SC)","Images","15-Jan-2025","578914"
"2071","Repair and Renovation","WS/MP598/2024-2025/147190-Construction of footpaths and pedestrian ways","Himachal Pradesh","SHIMLA(DEPUTY COMMISSIONER SHIMLA_IDA)","Restoration of Rain Damages Path from army Barack to Kashyap Niwas Ward No. 04, Executive agency MC Shimla","Suresh Kumar Kashyap","SHIMLA (SC)","N/A","26-Feb-2026","340000"
"2072","Normal/Others","WS/MP18138/2024-2025/143310-Construction of roads, link roads, pathways or any other road with or without drainage system","Mizoram","KOLASIB(Deputy Commissioner Kolasib)","Construction of PCC Flooring & Side Drain","RICHARD VANLALHMANGAIHA","MIZORAM (ST)","N/A","14-Feb-2026","250000"
"2073","Normal/Others","WS/MP18138/2024-2025/143309-Construction of roads, link roads, pathways or any other road with or without drainage system","Mizoram","KOLASIB(Deputy Commissioner Kolasib)","Upgradation of internal Road","RICHARD VANLALHMANGAIHA","MIZORAM (ST)","N/A","15-Feb-2026","500000"
"2074","Normal/Others","WS/MP18138/2024-2025/143308-Construction of additional rooms and halls in the existing public and community building","Mizoram","KOLASIB(Deputy Commissioner Kolasib)","building extension of Higher Secondary School","RICHARD VANLALHMANGAIHA","MIZORAM (ST)","Images","15-Feb-2026","500000"
"2075","Normal/Others","WS/MP18138/2024-2025/143307-Crematoriums/energy efficient crematoriums or structures on burial/cremation ground","Mizoram","KOLASIB(Deputy Commissioner Kolasib)","Cemetery House","RICHARD VANLALHMANGAIHA","MIZORAM (ST)","Images","15-Feb-2026","250000"
"2076","Normal/Others","WS/MP18032/2024-2025/136944-Construction of community centers and community halls","Bihar","KAIMUR (BHABUA)(DISTRICT PLANNING OFFICER KAIMUR BHABUA_IDA)","construction of community hall at gorar(Durgawati)","SUDHAKAR SINGH","BUXAR","N/A","24-Mar-2025","796448"
"2077","Normal/Others","WS/MP18161/2024-2025/157277-Construction of roads, link roads, pathways or any other road with or without drainage system","Rajasthan","ALWAR(DISTRICT COLLECTOR ALWAR_IDA)","interlocking sadak nirman karya chaurahe se leela ke kuye ki or gram imlali work agency gp badka","SANJNA JATAV","BHARATPUR(SC)","Images","16-Sep-2025","497985"
"2078","Normal/Others","WS/MP18161/2024-2025/157276-Construction of roads, link roads, pathways or any other road with or without drainage system","Rajasthan","ALWAR(DISTRICT COLLECTOR ALWAR_IDA)","interlocking sadak nirman leela ke kuaa se cholai ki or gram imlali work agency gp badka","SANJNA JATAV","BHARATPUR(SC)","Images","16-Sep-2025","494385"
"2079","Normal/Others","WS/MP18336/2024-2025/156459-Construction of community centers and community halls","Chhattisgarh","Balodabazar-Bhatapara(Collector Baloda Bazar_IDA)","SAMUDAYIK BHAWAN NIRMAN - GRAM PANCHAYAT DAMAKHEDA, BLOCK SIMGA, BALODABAZAR","BRIJMOHAN AGRAWAL","RAIPUR","N/A","09-Dec-2025","650000"
"2080","Normal/Others","WS/MP18336/2024-2025/157135-Construction of community centers and community halls","Chhattisgarh","Balodabazar-Bhatapara(Collector Baloda Bazar_IDA)","SAMUDAYIK BHAWAN NIRMAN - GRAM PANCHAYAT DONGARIYA, BLOCK SIMGA, DIST BALODABAZAR","BRIJMOHAN AGRAWAL","RAIPUR","N/A","02-Jul-2025","637082"
"2081","Normal/Others","WS/MP18138/2024-2025/143329-Development of playfields and sports grounds","Mizoram","KOLASIB(Deputy Commissioner Kolasib)","Construction of Futsal Ground at Thingdawl","RICHARD VANLALHMANGAIHA","MIZORAM (ST)","Images","24-Oct-2025","1500000"
"2082","Normal/Others","WS/MP18328/2024-2025/140063-Development of playground","Himachal Pradesh","MANDI(DEPUTY COMMISSIONER MANDI_IDA)","Development of Playground along with protection wall Near Sheed Samark at GSSS Gopalpur, District Mandi HP Work Execute By- BDO Gopalpur.","Kangana Ranaut","MANDI","Images","15-Dec-2025","200000"
"2083","Normal/Others","WS/MP356/2024-2025/140603-Construction of roads, link roads, pathways or any other road with or without drainage system","Madhya Pradesh","MANDSAUR(DISTRICT COLLECTOR MANDSAUR_IDA)","CONSTRUCTION OF CC ROAD","Shri Sudheer Gupta","MANDSOUR","Images","22-Jan-2026","300000"
"2084","Normal/Others","WS/MP18031/2024-2025/143489-Purchase of books and periodicals for libraries/digitization of library books","Bihar","GAYA(DISTRICT PLANNING OFFICER GAYA_IDA)","purchase of books for school library. sanction of five for lacs each school","ABHAY KUMAR SINHA","AURANGABAD_BR","Images","17-Jan-2025","499385"
"2085","Normal/Others","WS/MP582/2024-2025/137303-Lighting of public spaces","Gujarat","SURAT(DISTRICT COLLECTOR SURAT_IDA)","the following facility work regarding placing electricity pole near the field in front of the P.S., fixing till commissioning 11.00 M.T.R.G.I. Tuber Light Poles with 150 Volt 6 Flooded LEDs Lights Attachment and Leader with 1 Year Maintenance Work Nos.1, at Naren village Near Primary school Ground, Taluka Mandvi, District Surat","Prabhubhai Nagarbhai Vasava","BARDOLI(ST)","Images","09-Oct-2025","191910"
"2086","Trust and Society","WS/MP446/2024-2025/156590-Construction of rooms and halls in school and colleges","Madhya Pradesh","PANNA(DISTRICT COLLECTOR PANNA_IDA)","SARASWATI SHISHU MANDIR PANNA ME ATIRIKT KAKSH NIRMAN, PANNA, JILA PANNA","Vishnu Dutt Sharma","KHAJURAHO","Images","14-Nov-2025","1500000"
"2087","Normal/Others","WS/MP18322/2024-2025/140642-Construction of roads, link roads, pathways or any other road with or without drainage system","Jharkhand","DUMKA(DEPUTY COMMISSIONER DUMKA_IDA)","Construction of PCC road from PWD Road to the Way of School in Panchayat- Kalajhar, Village- Kalajhar","NALIN SOREN","DUMKA(ST)","Images","16-Sep-2025","450000"
"2088","Normal/Others","WS/MP485/2024-2025/137234-Street lights","West Bengal","South 24 Parganas(DISTRICT MAGISTRATE SOUTH TWENTY FOUR PARGANAS_IDA)","Instalation of 11 Nos Solar Stand Street Light from Bagulakhali Wooden Bridge to Chunakhali GP office under Chunakhali GP","Pratima Mondal","JOYNAGAR(SC)","Images","16-Jan-2025","379386"
"2089","Repair and Renovation","WS/MP18220/2024-2025/157405-Construction of cycle tracks, cycle stand and segregated non-motorized vehicle (NMV) lanes","Uttar Pradesh","HATHRAS(DISTRICT MAGISTRATE HATHRAS_IDA)","Gram Dhanoti Block Sadabad mai Samudayik Shochaley se Chandra Bhan Singh Fozi kai Ghar ki taraf 150 meeter sadak ka Interlocking work","ANOOP PRADHAN BALMIKI","HATHRAS (SC)","N/A","28-Feb-2025","1342891"
"2090","Normal/Others","WS/MP18220/2024-2025/157535-Construction of cycle tracks, cycle stand and segregated non-motorized vehicle (NMV) lanes","Uttar Pradesh","HATHRAS(DISTRICT MAGISTRATE HATHRAS_IDA)","Gram Nagla Anta Block Mursaan mai Shiv Singh kai Ghar sai Bhuri Singh kai Ghar ki taraf 50 meeter sadak ka Interlocking work","ANOOP PRADHAN BALMIKI","HATHRAS (SC)","N/A","28-Feb-2025","478795"
"2091","Normal/Others","WS/MP18220/2024-2025/157537-Construction of cycle tracks, cycle stand and segregated non-motorized vehicle (NMV) lanes","Uttar Pradesh","HATHRAS(DISTRICT MAGISTRATE HATHRAS_IDA)","Gram Siyamal Block Mursan mai Amar Singh Kushwaha kai Ghar sai Aganwadi  ki taraf 100 meeter sadak ka Interlocking work.","ANOOP PRADHAN BALMIKI","HATHRAS (SC)","N/A","28-Feb-2025","997247"
"2092","Repair and Renovation","WS/MP18220/2024-2025/157403-Construction of cycle tracks, cycle stand and segregated non-motorized vehicle (NMV) lanes","Uttar Pradesh","HATHRAS(DISTRICT MAGISTRATE HATHRAS_IDA)","Gram Punner Block Hathras mai Holi Chowk se Abnees or Pradeep kai Ghar hote hue 	Roshan kai Ghar ki taraf 180 meter sadak ka Interlocking work","ANOOP PRADHAN BALMIKI","HATHRAS (SC)","N/A","28-Feb-2025","1783283"
"2093","Normal/Others","WS/MP797/2024-2025/150963-Street lights","Uttar Pradesh","ETAH(DISTRICT MAGISTRATE ETAH_IDA)","In consultation with Bablu Pradhan, in Aliganj assembly of my parliamentary constituency Farrukhabad, cast a plan to install a high mast light with six LEDs near Nagla Tara intersection. 9557862585","Mukesh Rajput","FARRUKHABAD","N/A","13-May-2025","238048"
"2094","Repair and Renovation","WS/MP18220/2024-2025/157404-Construction of cycle tracks, cycle stand and segregated non-motorized vehicle (NMV) lanes","Uttar Pradesh","HATHRAS(DISTRICT MAGISTRATE HATHRAS_IDA)","Gram Garav Garhi Block Sasni mai Nand Prakash kai Makan sai Junior High School ki 	taraf 200  meter sadak ka Interlocking work.","ANOOP PRADHAN BALMIKI","HATHRAS (SC)","N/A","18-Jun-2025","1601222"
"2095","Normal/Others","WS/MP797/2024-2025/150962-Street lights","Uttar Pradesh","ETAH(DISTRICT MAGISTRATE ETAH_IDA)","In consultation with Bablu in Aliganj assembly of my parliamentary constituency Farrukhabad, cast a plan to install a high mast light with six LEDs near Bhadki intersection. 6351733171","Mukesh Rajput","FARRUKHABAD","N/A","13-May-2025","238048"
"2096","Normal/Others","WS/MP18220/2024-2025/157547-Construction of cycle tracks, cycle stand and segregated non-motorized vehicle (NMV) lanes","Uttar Pradesh","HATHRAS(DISTRICT MAGISTRATE HATHRAS_IDA)","Gram Odhpura Block Hathras mai Prem Singh Aheriya ke Ghar se Naim Singh kai Ghar ki taraf 150 meter sadak ka Interlocking work.","ANOOP PRADHAN BALMIKI","HATHRAS (SC)","N/A","28-Feb-2025","1408175"
"2097","Normal/Others","WS/MP797/2024-2025/150961-Street lights","Uttar Pradesh","ETAH(DISTRICT MAGISTRATE ETAH_IDA)","In consultation with Ritesh, in Aliganj assembly of my parliamentary constituency Farrukhabad, cast a plan to install a high mast light with six LEDs in front of Naigaon police station. 9759269268","Mukesh Rajput","FARRUKHABAD","N/A","13-May-2025","238048"
"2098","Normal/Others","WS/MP797/2024-2025/150969-Street lights","Uttar Pradesh","ETAH(DISTRICT MAGISTRATE ETAH_IDA)","In consultation with Mahendra Pradhan, in Aliganj assembly of my parliamentary constituency Farrukhabad, cast a plan to install a high mast light with six LEDs near Deotra Tiraha. 9927681132","Mukesh Rajput","FARRUKHABAD","N/A","13-May-2025","238048"
"2099","Normal/Others","WS/MP797/2024-2025/150968-Street lights","Uttar Pradesh","ETAH(DISTRICT MAGISTRATE ETAH_IDA)","In consultation with Mohit, in Aliganj assembly of my parliamentary constituency Farrukhabad, cast a plan to install a high mast light with six LEDs near Akbarpur Tiraha. 9634544087","Mukesh Rajput","FARRUKHABAD","N/A","13-May-2025","238048"
"2100","Normal/Others","WS/MP797/2024-2025/150967-Street lights","Uttar Pradesh","ETAH(DISTRICT MAGISTRATE ETAH_IDA)","In consultation with Shilu in Aliganj assembly of my parliamentary constituency Farrukhabad, cast a plan to install a high mast light with six LEDs near Bhagwanpur Tirahe. 8979075643","Mukesh Rajput","FARRUKHABAD","N/A","13-May-2025","238048"
"2101","Normal/Others","WS/MP797/2024-2025/150966-Street lights","Uttar Pradesh","ETAH(DISTRICT MAGISTRATE ETAH_IDA)","In consultation with Pradeep Pradhan, in Aliganj assembly of my parliamentary constituency Farrukhabad, cast a plan to install a high mast light with six LEDs near Pahra Tiraha. 9759478525","Mukesh Rajput","FARRUKHABAD","N/A","13-May-2025","238048"
"2102","Normal/Others","WS/MP797/2024-2025/150965-Street lights","Uttar Pradesh","ETAH(DISTRICT MAGISTRATE ETAH_IDA)","In consultation with Santosh Rajput, in Aliganj assembly of my parliamentary constituency Farrukhabad, cast a plan to install a high mast light with six LEDs near Nagla Mohan Tirahe. 9997575666","Mukesh Rajput","FARRUKHABAD","N/A","13-May-2025","238048"
"2103","Normal/Others","WS/MP797/2024-2025/150964-Street lights","Uttar Pradesh","ETAH(DISTRICT MAGISTRATE ETAH_IDA)","In consultation with Navratan Pradhan, in Aliganj assembly of my parliamentary constituency Farrukhabad, cast a plan to install a high mast light with six LEDs near Maharaiya Tirahe. 9634544087","Mukesh Rajput","FARRUKHABAD","N/A","13-May-2025","238048"
"2104","Normal/Others","WS/MP797/2024-2025/150976-Street lights","Uttar Pradesh","ETAH(DISTRICT MAGISTRATE ETAH_IDA)","In consultation with Manik Chandra in Aliganj assembly of my parliamentary constituency Farrukhabad, cast a plan to install a high mast light with six LEDs near Begumpur Tiraha. 7409592007","Mukesh Rajput","FARRUKHABAD","N/A","13-May-2025","238048"
"2105","Normal/Others","WS/MP797/2024-2025/150975-Street lights","Uttar Pradesh","ETAH(DISTRICT MAGISTRATE ETAH_IDA)","In consultation with Sushil in Aliganj assembly of my parliamentary constituency Farrukhabad, cast the cost of installing a high mast light with six LEDs near Amritpur Tiraha. 8954592288","Mukesh Rajput","FARRUKHABAD","N/A","13-May-2025","238048"
"2106","Normal/Others","WS/MP797/2024-2025/150974-Street lights","Uttar Pradesh","ETAH(DISTRICT MAGISTRATE ETAH_IDA)","In consultation with Sanjeev Verma, in Aliganj assembly of my parliamentary constituency Farrukhabad, cast a plan to install a high mast light with six LEDs near Mokheda Tirahe. 9675549004","Mukesh Rajput","FARRUKHABAD","N/A","13-May-2025","238048"
"2107","Normal/Others","WS/MP797/2024-2025/150973-Street lights","Uttar Pradesh","ETAH(DISTRICT MAGISTRATE ETAH_IDA)","In consultation with Udayveer, in the assembly constituency of my parliamentary constituency Farrukhabad, Aliganj, cast a plan to install a high mast light with six LEDs near Akbarpur Kot Tiraha. 9639137738","Mukesh Rajput","FARRUKHABAD","N/A","13-May-2025","238048"
"2108","Normal/Others","WS/MP797/2024-2025/150972-Street lights","Uttar Pradesh","ETAH(DISTRICT MAGISTRATE ETAH_IDA)","13-	In consultation with Lalaram, in Aliganj assembly of my parliamentary constituency Farrukhabad, cast a plan to install a high mast light with six LEDs near Angadpur Tiraha. 7830436402","Mukesh Rajput","FARRUKHABAD","N/A","13-May-2025","238048"
"2109","Normal/Others","WS/MP797/2024-2025/150971-Street lights","Uttar Pradesh","ETAH(DISTRICT MAGISTRATE ETAH_IDA)","In consultation with Vijay Singh, in the assembly constituency of my parliamentary constituency Farrukhabad, Aliganj, cast a plan to install a high mast light with six LEDs near the Kaila Bhauraha intersection. 8923289123","Mukesh Rajput","FARRUKHABAD","N/A","13-May-2025","238048"
"2110","Normal/Others","WS/MP797/2024-2025/150970-Street lights","Uttar Pradesh","ETAH(DISTRICT MAGISTRATE ETAH_IDA)","In consultation with Vijay Singh Rathore, in the Aliganj assembly of my parliamentary constituency Farrukhabad, cast a plan to install a high mast light with six LEDs near the Gadiya Jagannath temple. 9634544087","Mukesh Rajput","FARRUKHABAD","N/A","13-May-2025","238048"
"2111","Normal/Others","WS/MP18152/2024-2025/157857-Street lights","Punjab","FARIDKOT(DEPUTY COMMISSIONER FARIDKOT_IDA)","Installation of Street lights","SARABJEET SINGH KHALSA","FARIDKOT(SC)","N/A","07-Apr-2025","200000"
"2112","Normal/Others","WS/MP797/2024-2025/150980-Street lights","Uttar Pradesh","ETAH(DISTRICT MAGISTRATE ETAH_IDA)","In consultation with Vijay Taylor in Aliganj assembly of my parliamentary constituency Farrukhabad, cast the cost of installing a high mast light with six LEDs near Gadia Suhagpur intersection. 9897608481","Mukesh Rajput","FARRUKHABAD","N/A","13-May-2025","238048"
"2113","Normal/Others","WS/MP18152/2024-2025/157844-Street lights","Punjab","FARIDKOT(DEPUTY COMMISSIONER FARIDKOT_IDA)","Installation of Street lights","SARABJEET SINGH KHALSA","FARIDKOT(SC)","N/A","07-Apr-2025","200000"
"2114","Normal/Others","WS/MP797/2024-2025/150979-Street lights","Uttar Pradesh","ETAH(DISTRICT MAGISTRATE ETAH_IDA)","In consultation with Dr. Praveen in Aliganj assembly of my parliamentary constituency Farrukhabad, cast a plan to install a high mast light with six LEDs near the Saroth temple. 9557585742","Mukesh Rajput","FARRUKHABAD","N/A","13-May-2025","238048"
"2115","Normal/Others","WS/MP18152/2024-2025/157845-Street lights","Punjab","FARIDKOT(DEPUTY COMMISSIONER FARIDKOT_IDA)","Installation of Street lights","SARABJEET SINGH KHALSA","FARIDKOT(SC)","N/A","07-Apr-2025","200000"
"2116","Normal/Others","WS/MP18152/2024-2025/157849-Street lights","Punjab","FARIDKOT(DEPUTY COMMISSIONER FARIDKOT_IDA)","Street lights at Gram Panchayat Navan Pehluwala","SARABJEET SINGH KHALSA","FARIDKOT(SC)","N/A","07-Apr-2025","200000"
"2117","Normal/Others","WS/MP797/2024-2025/150978-Street lights","Uttar Pradesh","ETAH(DISTRICT MAGISTRATE ETAH_IDA)","In consultation with Mulayam Singh, in Aliganj assembly of my parliamentary constituency Farrukhabad, cast a plan to install a high mast light with six LEDs near Roopdhani Tiraha. 9759788896","Mukesh Rajput","FARRUKHABAD","N/A","13-May-2025","238048"
"2118","Normal/Others","WS/MP797/2024-2025/150977-Street lights","Uttar Pradesh","ETAH(DISTRICT MAGISTRATE ETAH_IDA)","In consultation with Shiv Nandan in Aliganj assembly of my parliamentary constituency Farrukhabad, cast a plan to install a high mast light with six LEDs near Nagla Dheeraj Tiraha. 8433225223","Mukesh Rajput","FARRUKHABAD","N/A","13-May-2025","238048"
"2119","Normal/Others","WS/MP797/2024-2025/150981-Street lights","Uttar Pradesh","ETAH(DISTRICT MAGISTRATE ETAH_IDA)","In consultation with Tinni, in Aliganj assembly of my parliamentary constituency Farrukhabad, cast a plan to install a high mast light with six LEDs near Kulapur Budjar Tiraha. 9458678390","Mukesh Rajput","FARRUKHABAD","N/A","13-May-2025","238048"
"2120","Normal/Others","WS/MP18138/2024-2025/148104-Construction of roads, link roads, pathways or any other road with or without drainage system","Mizoram","MAMIT(DEPUTY COMMISSIONER MAMIT)","Constructon of PCC flooring  from BRTF Hall to Community hall, Tuipuibari","RICHARD VANLALHMANGAIHA","MIZORAM (ST)","N/A","06-Feb-2026","1000000"
"2121","Normal/Others","WS/MP18336/2024-2025/147581-Crematoriums/energy efficient crematoriums or structures on burial/cremation ground","Chhattisgarh","Balodabazar-Bhatapara(Collector Baloda Bazar_IDA)","MUKTIDHAM SAMTALIKARAN AWAM PEVAR WORK GRAM PANCHAYAT AMERI BLOCK SIMGA DIST BALODABAZAR","BRIJMOHAN AGRAWAL","RAIPUR","N/A","05-Mar-2025","599486"
"2122","Normal/Others","WS/MP18138/2024-2025/148126-Construction of roads, link roads, pathways or any other road with or without drainage system","Mizoram","MAMIT(DEPUTY COMMISSIONER MAMIT)","Upgradation/Renovationof Thaidawr to Zomuantlang road, Phuldungsei, Zampui","RICHARD VANLALHMANGAIHA","MIZORAM (ST)","N/A","06-Feb-2026","990000"
"2123","Normal/Others","WS/MP18138/2024-2025/148118-Construction of roads, link roads, pathways or any other road with or without drainage system","Mizoram","MAMIT(DEPUTY COMMISSIONER MAMIT)","Construction of link road from W Mualthuam to W Bunghmun","RICHARD VANLALHMANGAIHA","MIZORAM (ST)","N/A","06-Feb-2026","250000"
"2124","Normal/Others","WS/MP18138/2024-2025/148109-Construction of roads, link roads, pathways or any other road with or without drainage system","Mizoram","MAMIT(DEPUTY COMMISSIONER MAMIT)","Upgradation/Renovationof Thaidawr to Zomuantlang road, Phuldungsei, Zampui","RICHARD VANLALHMANGAIHA","MIZORAM (ST)","N/A","06-Feb-2026","1000000"
"2125","Normal/Others","WS/MP18138/2024-2025/148119-Construction of roads, link roads, pathways or any other road with or without drainage system","Mizoram","MAMIT(DEPUTY COMMISSIONER MAMIT)","Construction of PCC Flooring at Darlak","RICHARD VANLALHMANGAIHA","MIZORAM (ST)","N/A","06-Feb-2026","250000"
"2126","Normal/Others","WS/MP18138/2024-2025/148117-Construction of boundary walls of existing public and community buildings","Mizoram","MAMIT(DEPUTY COMMISSIONER MAMIT)","Construction of Retaining wall near Public Water reserved Tanky","RICHARD VANLALHMANGAIHA","MIZORAM (ST)","N/A","06-Feb-2026","250000"
"2127","Normal/Others","WS/MP18377/2024-2025/153059-Construction of roads, link roads, pathways or any other road with or without drainage system","Uttar Pradesh","BAREILLY(DISTRICT MAGISTRAE BAREILLY_IDA)","SHAHDANA ME SRIMATI LAKSHMI JI KE MAKAN SE KAILASH JI KE MAKAN KI OR CC ROAD OR NALI NIRMAN","CHHATRA PAL SINGH GANGWAR","BAREILLY","N/A","07-Mar-2025","248117"
"2128","Normal/Others","WS/MP18161/2024-2025/138120-Construction of roads, link roads, pathways or any other road with or without drainage system","Rajasthan","Deeg(DISTRICT COLLECTOR Deeg_IDA)","Interlocking Eat kharanja May nali Maharaj Singh ke Ghar se lalchand jatav ke Ghar ki or mavai work agency GP mavai","SANJNA JATAV","BHARATPUR(SC)","Images","03-Feb-2025","399383"
"2129","Normal/Others","WS/MP18309/2024-2025/143138-Construction of rooms and halls in school and colleges","Meghalaya","WEST GARO HILLS(DEPUTY COMMISSIONER WEST GARO HILLS_IDA)","extension of class room for christian boys school at tura","SALENG A SANGMA","TURA","Images","30-May-2025","1000000"
"2130","Normal/Others","WS/MP18152/2024-2025/157885-Construction of rooms and halls in school and colleges","Punjab","FARIDKOT(DEPUTY COMMISSIONER FARIDKOT_IDA)","Construction of Mid day Meal Shed in Govt Primary school Moranwali","SARABJEET SINGH KHALSA","FARIDKOT(SC)","N/A","07-Apr-2025","300000"
"2131","Normal/Others","WS/MP18108/2024-2025/163486-Construction of roads, link roads, pathways or any other road with or without drainage system","Madhya Pradesh","SAGAR(DISTRICT COLLECTOR SAGAR_IDA)","Gram Panchayat Berkheri Suwansh Ke Gram Berkherikhurd me chetu Adiwasi ke ghar se dowrka Patel ke ghar ki or C.C. Road Nirman karya Hetu.","DR. LATA WANKHEDE","SAGAR","Images","29-Oct-2025","499000"
"2132","Normal/Others","WS/MP18199/2024-2025/135905-Construction of roads, link roads, pathways or any other road with or without drainage system","Uttar Pradesh","AYODHYA(DISTRICT MAGISTRAE FAIZABAD_IDA)","GRAM PANCHAYAT HARDI KOTWA SADAK SE NATRATALIYA ROAD TAK KHADANJA KARYA DURI 120M","LALJI VERMA","AMBEDKAR NAGAR","Images","14-Jan-2026","268834"
"2133","Normal/Others","WS/MP465/2024-2025/137495-Construction of roads, link roads, pathways or any other road with or without drainage system","Uttar Pradesh","UNNAO(DISTRICT MAGIISTRATE UNNAO_IDA)","????? ??? ?????? ?? ????? ?????? ???????? ????? ?? ???? ????? ????? ??? ????? ???? ?? ?????? ?? ???? ???? ?? ?? ?? ?????????? ?????","Swami Sachchidanandhari Sakshi ji Maharaj","UNNAO","Images","11-Aug-2025","517653"
"2134","Normal/Others","WS/MP859/2024-2025/150948-Construction of roads, link roads, pathways or any other road with or without drainage system","West Bengal","HOOGHLY(DISTRICT MAGISTRATE HOOGHLY_IDA)","CONSTRUCTION  OF CONCRETE ROAD FROM H/O – SWAPAN MITRA TO HO MALOY AT BAKSHA G.P UNDER  CHANDITALA – II PANCHAYAT SAMITI, DIST- HOOGHLY.","Kalyan Banerjee","SREERAMPUR","Images","10-Mar-2025","432144"
"2135","Normal/Others","WS/MP761/2024-2025/139008-Construction of public libraries and reading rooms","Telangana","NIZAMABAD(DISTRICT COLLECTOR NIZAMABAD_IDA)","Construction of Library building at Bapuji Vachanalayam","Arvind Dharmapuri","NIZAMABAD","N/A","17-Jan-2025","494999"
"2136","Normal/Others","WS/MP18257/2024-2025/141680-Construction of roads, link roads, pathways or any other road with or without drainage system","West Bengal","Purba Medinipur(DISTRICT MAGISTRATE PURBA MEDINIPUR_IDA)","Construction of a concrete road from the house of Khokon Jana to the house of Paresh Jana at mouza- Amdabad, J.L. No. 140, Plot No. 914 to 978 under Amdabad-I G.P.","ABHIJIT GANGOPADHYAY","TAMLUK","Images","27-Nov-2025","265172"
"2137","Normal/Others","WS/MP18199/2024-2025/135902-Construction of roads, link roads, pathways or any other road with or without drainage system","Uttar Pradesh","AYODHYA(DISTRICT MAGISTRAE FAIZABAD_IDA)","GRAM PANCHAYAT JARAHI ME KALI CHAURA SE PRATHMIK VIDDYALAYA TA INTERLOCKING KARYA DURU 170M","LALJI VERMA","AMBEDKAR NAGAR","Images","14-Jan-2026","987580"
"2138","Normal/Others","WS/MP18199/2024-2025/135903-Construction of roads, link roads, pathways or any other road with or without drainage system","Uttar Pradesh","AYODHYA(DISTRICT MAGISTRAE FAIZABAD_IDA)","GANESHPUR PAKKI SADAK SE KHDANJA SE KEVTAHIYA TAK KHADANJA KARYA DURU 450M","LALJI VERMA","AMBEDKAR NAGAR","Images","14-Jan-2026","895943"
"2139","Normal/Others","WS/MP18199/2024-2025/135904-Construction of roads, link roads, pathways or any other road with or without drainage system","Uttar Pradesh","AYODHYA(DISTRICT MAGISTRAE FAIZABAD_IDA)","BAREHATA KHALWAIYA KHADANJA SE RIWARA TAK KHADANJA KARYA DURU 370M","LALJI VERMA","AMBEDKAR NAGAR","Images","14-Jan-2026","861327"
"2140","Normal/Others","WS/MP18199/2024-2025/135907-Construction of roads, link roads, pathways or any other road with or without drainage system","Uttar Pradesh","AYODHYA(DISTRICT MAGISTRAE FAIZABAD_IDA)","DAFFARPUR PAKKI SADAK SE TRANSFARMAR TAK NAHAR PATARI PAR KHADANJA KARYA DURI 400M","LALJI VERMA","AMBEDKAR NAGAR","Images","14-Jan-2026","856066"
"2141","Normal/Others","WS/MP18199/2024-2025/135918-Construction of roads, link roads, pathways or any other road with or without drainage system","Uttar Pradesh","AYODHYA(DISTRICT MAGISTRAE FAIZABAD_IDA)","HAIDAR GANJ FULAUNA MARG PAR PACHGAWAN PATEL NAGAR SE BANDHAN PURWA TAK KHADAJA KARYA DURI 420M","LALJI VERMA","AMBEDKAR NAGAR","Images","14-Jan-2026","768457"
"2142","Normal/Others","WS/MP18199/2024-2025/135919-Construction of roads, link roads, pathways or any other road with or without drainage system","Uttar Pradesh","AYODHYA(DISTRICT MAGISTRAE FAIZABAD_IDA)","GRAM SABHA KAKOLI DIHWA ME PAKKI SADAK MEWALAL VERMA KHET SE RANJEET VERMA KE GHAR TAK CC KARYA DURI 170M","LALJI VERMA","AMBEDKAR NAGAR","Images","14-Jan-2026","990946"
"2143","Normal/Others","WS/MP18199/2024-2025/135921-Construction of roads, link roads, pathways or any other road with or without drainage system","Uttar Pradesh","AYODHYA(DISTRICT MAGISTRAE FAIZABAD_IDA)","TARAPUR KHADANJA SE VEDA PUR BORDAR TAK KHADANJA KARYA DURI 180M","LALJI VERMA","AMBEDKAR NAGAR","Images","14-Jan-2026","395772"
"2144","Normal/Others","WS/MP18199/2024-2025/135901-Construction of roads, link roads, pathways or any other road with or without drainage system","Uttar Pradesh","AYODHYA(DISTRICT MAGISTRAE FAIZABAD_IDA)","PAKKIN SADAK SHIVKALI INTER COLLEGE SE NANDNAWA GAON TAK KHADANJA KARYA DURI 330M","LALJI VERMA","AMBEDKAR NAGAR","Images","14-Jan-2026","764954"
"2145","Normal/Others","WS/MP568/2024-2025/161390-Construction of community centers and community halls","Chhattisgarh","BEMETARA(Collector Bemetara_IDA)","CC ROAD NIRMAN","Vijay Baghel","DURG","Images","13-Aug-2025","492899"
"2146","Normal/Others","WS/MP18199/2024-2025/135899-Construction of roads, link roads, pathways or any other road with or without drainage system","Uttar Pradesh","AYODHYA(DISTRICT MAGISTRAE FAIZABAD_IDA)","SHIVTAR GUMAN KA PURA PAKKI SADAK SE PAAL BASTI TAK INTERLOCKING KARYA DURI 130M","LALJI VERMA","AMBEDKAR NAGAR","Images","14-Jan-2026","565743"
"2147","Normal/Others","WS/MP568/2024-2025/161395-Construction of community centers and community halls","Chhattisgarh","BEMETARA(Collector Bemetara_IDA)","CC ROAD NIRMAN","Vijay Baghel","DURG","Images","11-Sep-2025","500000"
"2148","Normal/Others","WS/MP568/2024-2025/161394-Construction of community centers and community halls","Chhattisgarh","BEMETARA(Collector Bemetara_IDA)","CC ROAD NIRMAN","Vijay Baghel","DURG","Images","18-Nov-2025","1000000"
"2149","Normal/Others","WS/MP568/2024-2025/161393-Construction of community centers and community halls","Chhattisgarh","BEMETARA(Collector Bemetara_IDA)","CC ROAD NIRMAN","Vijay Baghel","DURG","Images","13-Aug-2025","500000"
"2150","Normal/Others","WS/MP18357/2024-2025/161988-Construction of roads, link roads, pathways or any other road with or without drainage system","Madhya Pradesh","SHIVPURI(District Collector Shivpuri_IDA)","Construction of CC Road","JYOTIRADITYA M. SCINDIA","GUNA","Images","17-Jun-2025","1000000"
"2151","Normal/Others","WS/MP568/2024-2025/161392-Construction of community centers and community halls","Chhattisgarh","BEMETARA(Collector Bemetara_IDA)","CC ROAD NIRMAN","Vijay Baghel","DURG","Images","11-Sep-2025","500000"
"2152","Normal/Others","WS/MP568/2024-2025/161391-Construction of community centers and community halls","Chhattisgarh","BEMETARA(Collector Bemetara_IDA)","CC ROAD NIRMAN","Vijay Baghel","DURG","Images","14-Nov-2025","998442"
"2153","Normal/Others","WS/MP18336/2024-2025/157133-Construction of roads, link roads, pathways or any other road with or without drainage system","Chhattisgarh","Balodabazar-Bhatapara(Collector Baloda Bazar_IDA)","CC ROAD NIRMAN - GRAM PANCHAYAT KOTMI, BLOCK BHATAPARA, DIST BALODABAZAR","BRIJMOHAN AGRAWAL","RAIPUR","N/A","29-Apr-2025","500000"
"2154","Normal/Others","WS/MP18336/2024-2025/157132-Construction of community centers and community halls","Chhattisgarh","Balodabazar-Bhatapara(Collector Baloda Bazar_IDA)","SAMUDAYIK BHAWAN NIRMAN - GRAM PANCHAYAT MALDI BLOCK BHATAPARA DIST BALODABAZAR","BRIJMOHAN AGRAWAL","RAIPUR","N/A","04-Nov-2025","1000000"
"2155","Normal/Others","WS/MP18377/2024-2025/152282-Street lights","Uttar Pradesh","BAREILLY(DISTRICT MAGISTRAE BAREILLY_IDA)","VIKAS KHAND FATEHGANJ W ME 20 STREET LIGHTS","CHHATRA PAL SINGH GANGWAR","BAREILLY","N/A","13-Sep-2025","854043"
"2156","Normal/Others","WS/MP18377/2024-2025/152280-Street lights","Uttar Pradesh","BAREILLY(DISTRICT MAGISTRAE BAREILLY_IDA)","VIKAS KHAND FATEHGANJ W ME 20 STREET LIGHTS","CHHATRA PAL SINGH GANGWAR","BAREILLY","N/A","13-Sep-2025","854043"
"2157","Normal/Others","WS/MP18377/2024-2025/152283-Street lights","Uttar Pradesh","BAREILLY(DISTRICT MAGISTRAE BAREILLY_IDA)","VIKAS KHAND FATEHGANJ W ME 20 STREET LIGHTS","CHHATRA PAL SINGH GANGWAR","BAREILLY","N/A","13-Sep-2025","854043"
"2158","Normal/Others","WS/MP18377/2024-2025/152281-Street lights","Uttar Pradesh","BAREILLY(DISTRICT MAGISTRAE BAREILLY_IDA)","VIKAS KHAND FATEHGANJ W ME 20 STREET LIGHTS","CHHATRA PAL SINGH GANGWAR","BAREILLY","N/A","13-Sep-2025","854043"
"2159","Normal/Others","WS/MP18377/2024-2025/152289-Street lights","Uttar Pradesh","BAREILLY(DISTRICT MAGISTRAE BAREILLY_IDA)","VIKAS KHAND MEERGANJ KI GRAM PANCHAYAT ME 11 STREET LIGHTS","CHHATRA PAL SINGH GANGWAR","BAREILLY","N/A","13-Sep-2025","341617"
"2160","Normal/Others","WS/MP18377/2024-2025/152290-Street lights","Uttar Pradesh","BAREILLY(DISTRICT MAGISTRAE BAREILLY_IDA)","VIKAS KHAND MEERGANJ KI GRAM PANCHAYAT ME 11 STREET LIGHTS","CHHATRA PAL SINGH GANGWAR","BAREILLY","N/A","13-Sep-2025","854043"
"2161","Normal/Others","WS/MP18377/2024-2025/152291-Street lights","Uttar Pradesh","BAREILLY(DISTRICT MAGISTRAE BAREILLY_IDA)","VIKAS KHAND MEERGANJ KI GRAM PANCHAYAT ME 11 STREET LIGHTS","CHHATRA PAL SINGH GANGWAR","BAREILLY","N/A","13-Sep-2025","683234"
"2162","Normal/Others","WS/MP18377/2024-2025/152287-Street lights","Uttar Pradesh","BAREILLY(DISTRICT MAGISTRAE BAREILLY_IDA)","VIKAS KHAND SHERGARH KI GRAM PANCHAYAT ME 10 STREET LIGHTS","CHHATRA PAL SINGH GANGWAR","BAREILLY","N/A","13-Sep-2025","683234"
"2163","Normal/Others","WS/MP18377/2024-2025/152288-Street lights","Uttar Pradesh","BAREILLY(DISTRICT MAGISTRAE BAREILLY_IDA)","VIKAS KHAND KYARA KE GRAM PANCHAYAT ME 4 STREET LIGHT","CHHATRA PAL SINGH GANGWAR","BAREILLY","N/A","13-Sep-2025","683234"
"2164","Normal/Others","WS/MP18377/2024-2025/152286-Street lights","Uttar Pradesh","BAREILLY(DISTRICT MAGISTRAE BAREILLY_IDA)","VIKAS KHAND SHERGARH KI GRAM PANCHAYAT ME 10 STREET LIGHTS","CHHATRA PAL SINGH GANGWAR","BAREILLY","N/A","13-Sep-2025","854043"
"2165","Normal/Others","WS/MP18377/2024-2025/152284-Street lights","Uttar Pradesh","BAREILLY(DISTRICT MAGISTRAE BAREILLY_IDA)","VIKAS KHAND SHERGARH KI GRAM PANCHAYAT ME 10 STREET LIGHT","CHHATRA PAL SINGH GANGWAR","BAREILLY","N/A","13-Sep-2025","854043"
"2166","Normal/Others","WS/MP18377/2024-2025/152285-Street lights","Uttar Pradesh","BAREILLY(DISTRICT MAGISTRAE BAREILLY_IDA)","VIKAS KHAND SHERGARH KI GRAM PANCHAYAT ME 10 STREET LIGHT","CHHATRA PAL SINGH GANGWAR","BAREILLY","N/A","13-Sep-2025","854043"
"2167","Normal/Others","WS/MP18159/2024-2025/145795-Construction of public libraries and reading rooms","Rajasthan","ALWAR(DISTRICT COLLECTOR ALWAR_IDA)","Construction work of  library room with veranda in R.U.M.V. Deenar. G.P. Deenar P.S. Lachhmangarh (Alwar)","BHUPENDER YADAV","ALWAR","Images","26-Sep-2025","999322"
"2168","Normal/Others","WS/MP18161/2024-2025/148963-Construction of roads, link roads, pathways or any other road with or without drainage system","Rajasthan","BHARATPUR(DISTRICT COLLECTOR BHARATPUR_IDA)","cement interlocking ent kharnja with nali nirman karya main kharnja jatav basti avm myamad puriya wali gali gram chitokari work agency gp jharoli","SANJNA JATAV","BHARATPUR(SC)","Images","13-Aug-2025","983446"
"2169","Normal/Others","WS/MP524/2024-2025/147048-Installing tube-wells and borewells","Andhra Pradesh","CHITTOOR(DISTRICT COLLECTOR CHITTOOR_IDA)","Providing Borewell at SC Colony, Itikinellore","Midhun Reddy","RAJAMPET","Images","20-Jan-2025","173983"
"2170","Normal/Others","WS/MP568/2024-2025/161397-Construction of community centers and community halls","Chhattisgarh","BEMETARA(Collector Bemetara_IDA)","CC ROAD NIRMAN","Vijay Baghel","DURG","Images","08-Aug-2025","499496"
"2171","Normal/Others","WS/MP18161/2024-2025/138110-Construction of roads, link roads, pathways or any other road with or without drainage system","Rajasthan","BHARATPUR(DISTRICT COLLECTOR BHARATPUR_IDA)","CC interlocking eat kharanja  Nirman karya mein sadak se Sundar master wali gali Avam vibhinn galiyon ke liye pipla work agency GP peepla","SANJNA JATAV","BHARATPUR(SC)","Images","20-Feb-2025","498803"
"2172","Normal/Others","WS/MP18161/2024-2025/138092-Construction of roads, link roads, pathways or any other road with or without drainage system","Rajasthan","BHARATPUR(DISTRICT COLLECTOR BHARATPUR_IDA)","Cement interlocking kharanja Nirman may nali Jagan ke Ghar se Hari ke Ghar ki or va Anya galiyan malaha work agency GP malaha","SANJNA JATAV","BHARATPUR(SC)","Images","13-Feb-2026","499205"
"2173","Normal/Others","WS/MP18161/2024-2025/140180-Crematoriums/energy efficient crematoriums or structures on burial/cremation ground","Rajasthan","BHARATPUR(DISTRICT COLLECTOR BHARATPUR_IDA)","shamshan ghat me shavdah grah v anya vikash karya gram baghai work agency gp jatoli Rathman","SANJNA JATAV","BHARATPUR(SC)","Images","25-Feb-2026","597520"
"2174","Normal/Others","WS/MP386/2024-2025/145023-Installing tube-wells and borewells","Rajasthan","NAGAUR(DISTRICT COLLECTOR NAGAUR_IDA)","Installing of Single phase Tube Well near residance of Arjunram Legha,In Village -Dantina","Shri Hanuman Beniwal","NAGAUR","Images","04-Oct-2025","400000"
"2175","Normal/Others","WS/MP18108/2024-2025/163755-Construction of roads, link roads, pathways or any other road with or without drainage system","Madhya Pradesh","SAGAR(DISTRICT COLLECTOR SAGAR_IDA)","Gram Panchayat Chandamau me moti chadar ke ghar se bajrangbali ki or c.c. road nirman karya hetu.","DR. LATA WANKHEDE","SAGAR","N/A","17-Oct-2025","500000"
"2176","Normal/Others","WS/MP18032/2024-2025/136943-Purchase of prosthetics, wheel chairs, tricycles (manual or motorized), elect scooties, hearing aids","Bihar","BUXAR(DISTRICT PLANNING OFFICER BUXAR_IDA)","Purchase 4 Tricycle","SUDHAKAR SINGH","BUXAR","N/A","20-Jan-2025","180000"
"2177","Normal/Others","WS/MP761/2024-2025/164498-Purchase of IT systems, including hardware and software for educational purposes","Telangana","NIZAMABAD(DISTRICT COLLECTOR NIZAMABAD_IDA)","Purchase of IT systems , including hardware and software for educational purposes at ZPHS Laxmapur","Arvind Dharmapuri","NIZAMABAD","Images","20-Jan-2025","300000"
"2178","Normal/Others","WS/MP18354/2024-2025/138489-Purchase of IT systems, including hardware and software for educational purposes","Chhattisgarh","SURGUJA(Collector Surguja_IDA)","Purchase of IT systems. including hardware and software for educational purposes NEET/JE, Weekly Coaching Institute Ambikapur","CHINTAMANI MAHARAJ","SARGUJA(ST)","Images","04-Feb-2025","999500"
"2179","Normal/Others","WS/MP18152/2024-2025/157850-Street lights","Punjab","FARIDKOT(DEPUTY COMMISSIONER FARIDKOT_IDA)","Installation of Street lights","SARABJEET SINGH KHALSA","FARIDKOT(SC)","N/A","07-Apr-2025","200000"
"2180","Normal/Others","WS/MP18108/2024-2025/163756-Construction of roads, link roads, pathways or any other road with or without drainage system","Madhya Pradesh","SAGAR(DISTRICT COLLECTOR SAGAR_IDA)","Gram Panchayat Mudra Jaruwakheda me Main road se ram ji maharaj ke ghar ki or c.c. road nirman karya hetu.","DR. LATA WANKHEDE","SAGAR","Images","18-Sep-2025","1000000"
"2181","Normal/Others","WS/MP18336/2024-2025/156453-Construction of community centers and community halls","Chhattisgarh","RAIPUR(DISTRICT COLLECTOR RAIPUR_IDA)","SAMUDAYIK BHAWAN NIRMAN- GRAM PANCHAYAT KOHKA, BLOCK TILDA, RAIPUR","BRIJMOHAN AGRAWAL","RAIPUR","Images","24-Mar-2026","1000000"
"2182","Normal/Others","WS/MP18335/2024-2025/150745-Construction of common work sheds/ common covered sitting area","Chhattisgarh","RAIGARH(DISTRICT COLLECTOR RAIGARH_IDA)","Construction of shed","RADHE SHYAM RATHIYA","RAIGARH(ST)","Images","29-Jan-2026","700000"
"2183","Normal/Others","WS/MP429/2024-2025/157872-Installing tube-wells and borewells","Chhattisgarh","KORBA(Collector-Korba)","Submersible pump, Borewell work and Syntax Tank installation near Angadbadi, Panchayat - Kodar, Block - Pali","Jyotsna Charandas Mahant","KORBA","Images","14-Jul-2025","200000"
"2184","Normal/Others","WS/MP429/2024-2025/157873-Installing tube-wells and borewells","Chhattisgarh","KORBA(Collector-Korba)","Submersible pump, Borewell work and Syntax Tank installation at Birhor Mohalla near Shiv Charan ghar, Panchayat - Kodar , Block - Pali","Jyotsna Charandas Mahant","KORBA","Images","14-Jul-2025","200000"
"2185","Normal/Others","WS/MP429/2024-2025/155508-Installing hand pumps","Chhattisgarh","KORBA(Collector-Korba)","Hand Pump Installation work at Hardikachhar Shiv Ghar in Gram Panchayat - Kodar , Vikas Khand - Pali","Jyotsna Charandas Mahant","KORBA","Images","21-Apr-2026","173844"
"2186","Normal/Others","WS/MP18138/2024-2025/148125-Construction of roads, link roads, pathways or any other road with or without drainage system","Mizoram","MAMIT(DEPUTY COMMISSIONER MAMIT)","Construction of Foothpath N West phaileng Tuipuibari Road Near Pu Biakzinga House","RICHARD VANLALHMANGAIHA","MIZORAM (ST)","N/A","05-Feb-2026","250000"
"2187","Normal/Others","WS/MP18138/2024-2025/148122-Construction of roads, link roads, pathways or any other road with or without drainage system","Mizoram","MAMIT(DEPUTY COMMISSIONER MAMIT)","Construction of Foothpaths Lallen Second raod Near Pu Sangluaia house","RICHARD VANLALHMANGAIHA","MIZORAM (ST)","N/A","05-Feb-2026","250000"
"2188","Normal/Others","WS/MP18138/2024-2025/148124-Construction of roads, link roads, pathways or any other road with or without drainage system","Mizoram","MAMIT(DEPUTY COMMISSIONER MAMIT)","Construction of Foothpath Pukzing Main Road Near Pu Samuela House","RICHARD VANLALHMANGAIHA","MIZORAM (ST)","N/A","05-Feb-2026","150000"
"2189","Normal/Others","WS/MP18138/2024-2025/148121-Construction of roads, link roads, pathways or any other road with or without drainage system","Mizoram","MAMIT(DEPUTY COMMISSIONER MAMIT)","Construction of Foothpath Kawnmawi Main road Near Society dawr. Kawnmawi","RICHARD VANLALHMANGAIHA","MIZORAM (ST)","N/A","05-Feb-2026","250000"
"2190","Normal/Others","WS/MP18138/2024-2025/148120-Construction of roads, link roads, pathways or any other road with or without drainage system","Mizoram","MAMIT(DEPUTY COMMISSIONER MAMIT)","Construction of foothpath PWD Road near near Tlangnawna House. W Phaileng","RICHARD VANLALHMANGAIHA","MIZORAM (ST)","N/A","05-Feb-2026","250000"
"2191","Normal/Others","WS/MP18138/2024-2025/148123-Construction of roads, link roads, pathways or any other road with or without drainage system","Mizoram","MAMIT(DEPUTY COMMISSIONER MAMIT)","Construction of Footpaths Phuldungsei, Phulpui Road Near Pu Sangluia House","RICHARD VANLALHMANGAIHA","MIZORAM (ST)","N/A","05-Feb-2026","250000"
"2192","Normal/Others","WS/MP18031/2024-2025/143488-Purchase of books and periodicals for libraries/digitization of library books","Bihar","GAYA(DISTRICT PLANNING OFFICER GAYA_IDA)","purchase of books for school library. sanction of five for lacs each school","ABHAY KUMAR SINHA","AURANGABAD_BR","Images","20-Jan-2025","499385"
"2193","Normal/Others","WS/MP18031/2024-2025/143492-Purchase of books and periodicals for libraries/digitization of library books","Bihar","GAYA(DISTRICT PLANNING OFFICER GAYA_IDA)","purchase of books for school library. sanction of five lacs of each school","ABHAY KUMAR SINHA","AURANGABAD_BR","Images","20-Jan-2025","499385"
"2194","Normal/Others","WS/MP18031/2024-2025/143491-Purchase of books and periodicals for libraries/digitization of library books","Bihar","GAYA(DISTRICT PLANNING OFFICER GAYA_IDA)","purchase of books for school library. sanction of five for lacs each school","ABHAY KUMAR SINHA","AURANGABAD_BR","Images","20-Jan-2025","499385"
"2195","Normal/Others","WS/MP18031/2024-2025/143490-Purchase of books and periodicals for libraries/digitization of library books","Bihar","GAYA(DISTRICT PLANNING OFFICER GAYA_IDA)","purchase of books for school library. sanction of five for lacs each school","ABHAY KUMAR SINHA","AURANGABAD_BR","Images","20-Jan-2025","499385"
"2196","Normal/Others","WS/MP18138/2024-2025/148103-Construction of rooms and halls in school and colleges","Mizoram","MAMIT(DEPUTY COMMISSIONER MAMIT)","Renovation of Mamit High School - II","RICHARD VANLALHMANGAIHA","MIZORAM (ST)","N/A","18-Sep-2025","500000"
"2197","Normal/Others","WS/MP18031/2024-2025/143513-Purchase of books and periodicals for libraries/digitization of library books","Bihar","GAYA(DISTRICT PLANNING OFFICER GAYA_IDA)","purchase of books for school library. sanction of five lacs for  each and every school","ABHAY KUMAR SINHA","AURANGABAD_BR","Images","20-Jan-2025","499385"
"2198","Normal/Others","WS/MP18138/2024-2025/148115-Construction of community centers and community halls","Mizoram","MAMIT(DEPUTY COMMISSIONER MAMIT)","Construction of YMA Building at Rengdil South","RICHARD VANLALHMANGAIHA","MIZORAM (ST)","N/A","02-May-2025","250000"
"2199","Normal/Others","WS/MP18006/2024-2025/141510-Construction of rooms and halls in school and colleges","Andhra Pradesh","CHITTOOR(DISTRICT COLLECTOR CHITTOOR_IDA)","Pending works at Z.P.H.S. Bangareddipalle Village, Diguvamasapalle G.P., Chittoor Rural Mandal.","DAGGUMALLA PRASADA RAO","CHITTOOR","Images","20-Jan-2025","399658"
"2200","Normal/Others","WS/MP18031/2024-2025/143512-Purchase of books and periodicals for libraries/digitization of library books","Bihar","GAYA(DISTRICT PLANNING OFFICER GAYA_IDA)","purchase of books for school library. sanction of five lacs for  each and every school","ABHAY KUMAR SINHA","AURANGABAD_BR","Images","20-Jan-2025","499385"
"2201","Normal/Others","WS/MP18138/2024-2025/148105-Construction of roads, link roads, pathways or any other road with or without drainage system","Mizoram","MAMIT(DEPUTY COMMISSIONER MAMIT)","Construction of Link road at Tlangkhang","RICHARD VANLALHMANGAIHA","MIZORAM (ST)","N/A","02-May-2025","1000000"
"2202","Normal/Others","WS/MP18138/2024-2025/148111-Installing tube-wells and borewells","Mizoram","MAMIT(DEPUTY COMMISSIONER MAMIT)","Construction of Public well/spring tanky near Pi Rosangchimi house. Luimawi","RICHARD VANLALHMANGAIHA","MIZORAM (ST)","N/A","02-May-2025","250000"
"2203","Normal/Others","WS/MP18138/2024-2025/148116-Construction of community centers and community halls","Mizoram","MAMIT(DEPUTY COMMISSIONER MAMIT)","Construction of Assam Type Community hall at K Sarali","RICHARD VANLALHMANGAIHA","MIZORAM (ST)","N/A","02-May-2025","250000"
"2204","Normal/Others","WS/MP18006/2024-2025/141509-Construction of rooms and halls in school and colleges","Andhra Pradesh","CHITTOOR(DISTRICT COLLECTOR CHITTOOR_IDA)","Painting of Z.P.H.S. Bangareddipalli Village, Diguvamasapalle G.P., Chittoor Rural Mandal.","DAGGUMALLA PRASADA RAO","CHITTOOR","Images","20-Jan-2025","498182"
"2205","Normal/Others","WS/MP18031/2024-2025/143517-Purchase of books and periodicals for libraries/digitization of library books","Bihar","GAYA(DISTRICT PLANNING OFFICER GAYA_IDA)","purchase of books for school library. sanction of five lacs for  each and every school","ABHAY KUMAR SINHA","AURANGABAD_BR","Images","20-Jan-2025","499385"
"2206","Normal/Others","WS/MP18138/2024-2025/148113-Construction of community centers and community halls","Mizoram","MAMIT(DEPUTY COMMISSIONER MAMIT)","Construction of PDS/Rice Godown at Kolalian","RICHARD VANLALHMANGAIHA","MIZORAM (ST)","N/A","02-May-2025","250000"
"2207","Normal/Others","WS/MP353/2024-2025/143935-Construction of roads, link roads, pathways or any other road with or without drainage system","Kerala","IDUKKI(DISTRICT COLLECTOR IDUKKI_IDA)","Concreting of Moolamattom- Cherady-Ashramam road in  Arakkulam Grama Panchayath, Idukki Block .(ST category )","Adv Dean Kuriakose","IDUKKI","Images","20-Jan-2025",""
"2208","Normal/Others","WS/MP18031/2024-2025/143516-Purchase of books and periodicals for libraries/digitization of library books","Bihar","GAYA(DISTRICT PLANNING OFFICER GAYA_IDA)","purchase of books for school library. sanction of five lacs for  each and every school","ABHAY KUMAR SINHA","AURANGABAD_BR","Images","20-Jan-2025","499385"
"2209","Normal/Others","WS/MP640/2024-2025/157589-Construction of culverts and bridges","Madhya Pradesh","SEONI(District Collector Seoni_IDA)","Janpad Panchayat Lakhanadon antargat gram panchayat aamai (bataka) ke gram pahargarh me pulia nirman.","Faggan Singh Kulaste","MANDLA(ST)","Images","21-Mar-2025","494969"
"2210","Normal/Others","WS/MP18138/2024-2025/148112-Construction of roads, link roads, pathways or any other road with or without drainage system","Mizoram","MAMIT(DEPUTY COMMISSIONER MAMIT)","Construction of link road to Tuikual Zau at bungthuam","RICHARD VANLALHMANGAIHA","MIZORAM (ST)","N/A","23-Apr-2025","250000"
"2211","Normal/Others","WS/MP18138/2024-2025/148110-Construction of roads, link roads, pathways or any other road with or without drainage system","Mizoram","MAMIT(DEPUTY COMMISSIONER MAMIT)","Construction of PCC Flooring for Community at Hall Veng, Thinghlun","RICHARD VANLALHMANGAIHA","MIZORAM (ST)","N/A","02-May-2025","250000"
"2212","Trust and Society","WS/MP18339/2024-2025/150671-Construction of rooms and halls in school and colleges","Uttar Pradesh","GONDA(DISTRICT MAGISTRATE GONDA_IDA)","S.No.1 Construction work of teaching room along with main verandah for the study of students in Shri Avadh Sharan Smarak Public School, Parsada, Belsar, Gonda.","KARAN BHUSHAN SINGH","KAISERGANJ","Images","25-Mar-2026","700000"
"2213","Normal/Others","WS/MP18138/2024-2025/148114-Construction of additional rooms and halls in the existing public and community building","Mizoram","MAMIT(DEPUTY COMMISSIONER MAMIT)","Renovation of BNRGSK building, saikhawthlir","RICHARD VANLALHMANGAIHA","MIZORAM (ST)","N/A","18-Sep-2025","250000"
"2214","Normal/Others","WS/MP18006/2024-2025/136198-Construction of roads, link roads, pathways or any other road with or without drainage system","Andhra Pradesh","CHITTOOR(DISTRICT COLLECTOR CHITTOOR_IDA)","Construction of CC Road From Satyamma Temple to Subramanyam House in Thellagundlapalli Village in Bommaiahapalli GP of Vedurukuppam Mandal of GD Nelloore Constituency.","DAGGUMALLA PRASADA RAO","CHITTOOR","Images","20-Jan-2025","383850"
"2215","Normal/Others","WS/MP18031/2024-2025/143515-Purchase of books and periodicals for libraries/digitization of library books","Bihar","GAYA(DISTRICT PLANNING OFFICER GAYA_IDA)","purchase of books for school library. sanction of five lacs for  each and every school","ABHAY KUMAR SINHA","AURANGABAD_BR","Images","20-Jan-2025","499385"
"2216","Normal/Others","WS/MP18031/2024-2025/143514-Purchase of books and periodicals for libraries/digitization of library books","Bihar","GAYA(DISTRICT PLANNING OFFICER GAYA_IDA)","purchase of books for school library. sanction of five lacs for  each and every school","ABHAY KUMAR SINHA","AURANGABAD_BR","Images","20-Jan-2025","499385"
"2217","Normal/Others","WS/MP18006/2024-2025/150015-Construction of roads, link roads, pathways or any other road with or without drainage system","Andhra Pradesh","CHITTOOR(DISTRICT COLLECTOR CHITTOOR_IDA)","Construction of CC Road from Renuka House to Chandrakala House at Peddamittapalli ST Colony H/o in Nellepalle GP in G.D.Nellore Mandal.","DAGGUMALLA PRASADA RAO","CHITTOOR","Images","20-Jan-2025","485094"
"2218","Normal/Others","WS/MP18031/2024-2025/143518-Purchase of books and periodicals for libraries/digitization of library books","Bihar","GAYA(DISTRICT PLANNING OFFICER GAYA_IDA)","purchase of books for school library. sanction of five lacs for  each and every school","ABHAY KUMAR SINHA","AURANGABAD_BR","Images","20-Jan-2025","499385"
"2219","Normal/Others","WS/MP18006/2024-2025/139521-Construction of roads, link roads, pathways or any other road with or without drainage system","Andhra Pradesh","CHITTOOR(DISTRICT COLLECTOR CHITTOOR_IDA)","Construction of CC road from Kummari Arnapoorna House to Chalapathi House in Samudrampalli Village and GP of Palamaneru Mandal, Palamaneru Constituency.","DAGGUMALLA PRASADA RAO","CHITTOOR","Images","20-Jan-2025","47627"
"2220","Normal/Others","WS/MP18031/2024-2025/143527-Purchase of books and periodicals for libraries/digitization of library books","Bihar","GAYA(DISTRICT PLANNING OFFICER GAYA_IDA)","purchase of books for school library. sanction five lacs for every school.","ABHAY KUMAR SINHA","AURANGABAD_BR","Images","20-Jan-2025","499385"
"2221","Normal/Others","WS/MP18108/2024-2025/162836-Construction of roads, link roads, pathways or any other road with or without drainage system","Madhya Pradesh","SAGAR(DISTRICT COLLECTOR SAGAR_IDA)","Gram Panchayat Toda Gotamiya Ke ward No. 10 me balkishan Prajapti Ke ghar se hari rajak ke ghar ki or C.C. Road Nirman Hetu.","DR. LATA WANKHEDE","SAGAR","N/A","24-Oct-2025","500000"
"2222","Normal/Others","WS/MP18338/2024-2025/152410-Street lights","Telangana","YADADRI BHUVANAGIRI(DISTRICT COLLECTOR YADADRI BHUVANAGIRI_IDA)","PROVIDING OF STREET LIGHTS IN PADAMATISOMARAM VILLAGE","CHAMALA KIRAN KUMAR REDDY","BHONGIR","N/A","20-Jan-2025","50000"
"2223","Normal/Others","WS/MP18338/2024-2025/152392-Street lights","Telangana","YADADRI BHUVANAGIRI(DISTRICT COLLECTOR YADADRI BHUVANAGIRI_IDA)","PROVIDING OF STREET LIGHTS IN GUDUR VILLAGE","CHAMALA KIRAN KUMAR REDDY","BHONGIR","N/A","20-Jan-2025","72747"
"2224","Normal/Others","WS/MP18338/2024-2025/152393-Street lights","Telangana","YADADRI BHUVANAGIRI(DISTRICT COLLECTOR YADADRI BHUVANAGIRI_IDA)","PROVIDING OF STREET LIGHTS IN GOLLAGUDEM VILLAGE","CHAMALA KIRAN KUMAR REDDY","BHONGIR","N/A","20-Jan-2025","35000"
"2225","Normal/Others","WS/MP18338/2024-2025/152398-Street lights","Telangana","YADADRI BHUVANAGIRI(DISTRICT COLLECTOR YADADRI BHUVANAGIRI_IDA)","PROVIDING OF STREET LIGHTS IN JAMEELPETA VILLAGE","CHAMALA KIRAN KUMAR REDDY","BHONGIR","N/A","20-Jan-2025","69043"
"2226","Repair and Renovation","WS/MP18338/2024-2025/152399-Street lights","Telangana","YADADRI BHUVANAGIRI(DISTRICT COLLECTOR YADADRI BHUVANAGIRI_IDA)","PROVIDING OF STREET LIGHTS IN JAMPALLY VILLAGE","CHAMALA KIRAN KUMAR REDDY","BHONGIR","N/A","20-Jan-2025","50000"
"2227","Normal/Others","WS/MP18338/2024-2025/152395-Street lights","Telangana","YADADRI BHUVANAGIRI(DISTRICT COLLECTOR YADADRI BHUVANAGIRI_IDA)","PROVIDING OF STREET LIGHTS IN JAINAPALLY VILLAGE","CHAMALA KIRAN KUMAR REDDY","BHONGIR","N/A","20-Jan-2025","69043"
"2228","Normal/Others","WS/MP18338/2024-2025/152394-Street lights","Telangana","YADADRI BHUVANAGIRI(DISTRICT COLLECTOR YADADRI BHUVANAGIRI_IDA)","PROVIDING OF STREET LIGHTS IN GURRALADANDI VILLAGE","CHAMALA KIRAN KUMAR REDDY","BHONGIR","N/A","20-Jan-2025","69043"
"2229","Normal/Others","WS/MP18338/2024-2025/152411-Street lights","Telangana","YADADRI BHUVANAGIRI(DISTRICT COLLECTOR YADADRI BHUVANAGIRI_IDA)","PROVIDING OF STREET LIGHTS IN PALLEGUDEM VILLAGE","CHAMALA KIRAN KUMAR REDDY","BHONGIR","N/A","20-Jan-2025","24596"
"2230","Normal/Others","WS/MP18338/2024-2025/152412-Street lights","Telangana","YADADRI BHUVANAGIRI(DISTRICT COLLECTOR YADADRI BHUVANAGIRI_IDA)","PROVIDING OF STREET LIGHTS IN RAHEEMKHANGUDA VILLAGE","CHAMALA KIRAN KUMAR REDDY","BHONGIR","N/A","20-Jan-2025","24596"
"2231","Normal/Others","WS/MP18338/2024-2025/152413-Street lights","Telangana","YADADRI BHUVANAGIRI(DISTRICT COLLECTOR YADADRI BHUVANAGIRI_IDA)","PROVIDING OF STREET LIGHTS IN RAGHAVAPURAM VILLAGE","CHAMALA KIRAN KUMAR REDDY","BHONGIR","N/A","20-Jan-2025","24596"
"2232","Normal/Others","WS/MP18338/2024-2025/152414-Street lights","Telangana","YADADRI BHUVANAGIRI(DISTRICT COLLECTOR YADADRI BHUVANAGIRI_IDA)","PROVIDING OF STREET LIGHTS IN RAYARAOPET VILLAGE","CHAMALA KIRAN KUMAR REDDY","BHONGIR","N/A","20-Jan-2025","24596"
"2233","Normal/Others","WS/MP18338/2024-2025/152391-Street lights","Telangana","YADADRI BHUVANAGIRI(DISTRICT COLLECTOR YADADRI BHUVANAGIRI_IDA)","PROVIDING OF STREET LIGHTS IN BRAHMANAPALLY VILLAGE","CHAMALA KIRAN KUMAR REDDY","BHONGIR","N/A","20-Jan-2025","72747"
"2234","Normal/Others","WS/MP18338/2024-2025/152409-Street lights","Telangana","YADADRI BHUVANAGIRI(DISTRICT COLLECTOR YADADRI BHUVANAGIRI_IDA)","PROVIDING OF STREET LIGHTS IN MAQDOOMPALLY VILLAGE","CHAMALA KIRAN KUMAR REDDY","BHONGIR","N/A","20-Jan-2025","35000"
"2235","Normal/Others","WS/MP18338/2024-2025/152400-Street lights","Telangana","YADADRI BHUVANAGIRI(DISTRICT COLLECTOR YADADRI BHUVANAGIRI_IDA)","PROVIDING OF STREET LIGHTS IN JIYAPALLY VILLAGE","CHAMALA KIRAN KUMAR REDDY","BHONGIR","N/A","20-Jan-2025","50000"
"2236","Normal/Others","WS/MP18338/2024-2025/152401-Street lights","Telangana","YADADRI BHUVANAGIRI(DISTRICT COLLECTOR YADADRI BHUVANAGIRI_IDA)","PROVIDING OF STREET LIGHTS IN JIYAPALLY THANDA VILLAGE","CHAMALA KIRAN KUMAR REDDY","BHONGIR","N/A","20-Jan-2025","50000"
"2237","Normal/Others","WS/MP18338/2024-2025/152406-Street lights","Telangana","YADADRI BHUVANAGIRI(DISTRICT COLLECTOR YADADRI BHUVANAGIRI_IDA)","PROVIDING OF STREET LIGHTS IN MAKTHA ANANTHARAM VILLAGE","CHAMALA KIRAN KUMAR REDDY","BHONGIR","N/A","20-Jan-2025","35000"
"2238","Normal/Others","WS/MP18338/2024-2025/152408-Street lights","Telangana","YADADRI BHUVANAGIRI(DISTRICT COLLECTOR YADADRI BHUVANAGIRI_IDA)","PROVIDING OF STREET LIGHTS IN NEMARUGOMULA VILLAGE","CHAMALA KIRAN KUMAR REDDY","BHONGIR","N/A","20-Jan-2025","50000"
"2239","Normal/Others","WS/MP18338/2024-2025/152404-Street lights","Telangana","YADADRI BHUVANAGIRI(DISTRICT COLLECTOR YADADRI BHUVANAGIRI_IDA)","PROVIDING OF STREET LIGHTS IN MADHARAM VILLAGE","CHAMALA KIRAN KUMAR REDDY","BHONGIR","N/A","20-Jan-2025","28299"
"2240","Normal/Others","WS/MP18338/2024-2025/152405-Street lights","Telangana","YADADRI BHUVANAGIRI(DISTRICT COLLECTOR YADADRI BHUVANAGIRI_IDA)","PROVIDING OF STREET LIGHTS IN MAHADEVPUR VILLAGE","CHAMALA KIRAN KUMAR REDDY","BHONGIR","N/A","20-Jan-2025","50000"
"2241","Normal/Others","WS/MP18338/2024-2025/152403-Street lights","Telangana","YADADRI BHUVANAGIRI(DISTRICT COLLECTOR YADADRI BHUVANAGIRI_IDA)","PROVIDING OF STREET LIGHTS IN LAXMIDEVIGUDEM VILLAGE","CHAMALA KIRAN KUMAR REDDY","BHONGIR","N/A","20-Jan-2025","50000"
"2242","Normal/Others","WS/MP18338/2024-2025/152402-Street lights","Telangana","YADADRI BHUVANAGIRI(DISTRICT COLLECTOR YADADRI BHUVANAGIRI_IDA)","PROVIDING OF STREET LIGHTS IN KONDAMADUGU VILLAGE","CHAMALA KIRAN KUMAR REDDY","BHONGIR","N/A","20-Jan-2025","98674"
"2243","Normal/Others","WS/MP18338/2024-2025/152415-Street lights","Telangana","YADADRI BHUVANAGIRI(DISTRICT COLLECTOR YADADRI BHUVANAGIRI_IDA)","PROVIDING OF STREET LIGHTS IN RAMUNIGUNDLA THANDAVILLAGE","CHAMALA KIRAN KUMAR REDDY","BHONGIR","N/A","20-Jan-2025","24596"
"2244","Normal/Others","WS/MP18338/2024-2025/152416-Street lights","Telangana","YADADRI BHUVANAGIRI(DISTRICT COLLECTOR YADADRI BHUVANAGIRI_IDA)","PROVIDING OF STREET LIGHTS IN RAAVI PAHAD VILLAGE","CHAMALA KIRAN KUMAR REDDY","BHONGIR","N/A","20-Jan-2025","20000"
"2245","Normal/Others","WS/MP18338/2024-2025/152417-Street lights","Telangana","YADADRI BHUVANAGIRI(DISTRICT COLLECTOR YADADRI BHUVANAGIRI_IDA)","PROVIDING OF STREET LIGHTS IN RAAVI PAHAD THANDA VILLAGE","CHAMALA KIRAN KUMAR REDDY","BHONGIR","N/A","20-Jan-2025","20000"
"2246","Normal/Others","WS/MP18338/2024-2025/152390-Street lights","Telangana","YADADRI BHUVANAGIRI(DISTRICT COLLECTOR YADADRI BHUVANAGIRI_IDA)","PROVIDING OF STREET LIGHTS IN BIBINAGAR TOWN","CHAMALA KIRAN KUMAR REDDY","BHONGIR","N/A","20-Jan-2025","150000"
"2247","Normal/Others","WS/MP18338/2024-2025/152389-Street lights","Telangana","YADADRI BHUVANAGIRI(DISTRICT COLLECTOR YADADRI BHUVANAGIRI_IDA)","PROVIDING OF STREET LIGHTS IN BATTUGUDEM VILLAGE","CHAMALA KIRAN KUMAR REDDY","BHONGIR","N/A","20-Jan-2025","50000"
"2248","Normal/Others","WS/MP18338/2024-2025/152418-Street lights","Telangana","YADADRI BHUVANAGIRI(DISTRICT COLLECTOR YADADRI BHUVANAGIRI_IDA)","PROVIDING OF STREET LIGHTS IN RUDRAVELLY VILLAGE","CHAMALA KIRAN KUMAR REDDY","BHONGIR","N/A","20-Jan-2025","35000"
"2249","Normal/Others","WS/MP18338/2024-2025/152419-Street lights","Telangana","YADADRI BHUVANAGIRI(DISTRICT COLLECTOR YADADRI BHUVANAGIRI_IDA)","PROVIDING OF STREET LIGHTS IN VENKIRYAL VILLAGE","CHAMALA KIRAN KUMAR REDDY","BHONGIR","N/A","20-Jan-2025","50000"
"2250","Normal/Others","WS/MP18338/2024-2025/152537-Street lights","Telangana","YADADRI BHUVANAGIRI(DISTRICT COLLECTOR YADADRI BHUVANAGIRI_IDA)","PROVIDING OF STREET LIGHTS IN MEDI THANDA VILLAGE","CHAMALA KIRAN KUMAR REDDY","BHONGIR","N/A","20-Jan-2025","24596"
"2251","Normal/Others","WS/MP18338/2024-2025/152540-Street lights","Telangana","YADADRI BHUVANAGIRI(DISTRICT COLLECTOR YADADRI BHUVANAGIRI_IDA)","PROVIDING OF STREET LIGHTS IN P B THANDA VILLAGE","CHAMALA KIRAN KUMAR REDDY","BHONGIR","N/A","20-Jan-2025","24596"
"2252","Normal/Others","WS/MP18338/2024-2025/152541-Street lights","Telangana","YADADRI BHUVANAGIRI(DISTRICT COLLECTOR YADADRI BHUVANAGIRI_IDA)","PROVIDING OF STREET LIGHTS IN YERRABETTI THANDA VILLAGE","CHAMALA KIRAN KUMAR REDDY","BHONGIR","N/A","20-Jan-2025","20000"
"2253","Normal/Others","WS/MP18338/2024-2025/152551-Street lights","Telangana","YADADRI BHUVANAGIRI(DISTRICT COLLECTOR YADADRI BHUVANAGIRI_IDA)","PROVIDING OF STREET LIGHTS IN CHINA RAVULAPALLY VILLAGE","CHAMALA KIRAN KUMAR REDDY","BHONGIR","N/A","20-Jan-2025","69043"
"2254","Normal/Others","WS/MP18253/2024-2025/136917-Construction of roads, link roads, pathways or any other road with or without drainage system","West Bengal","South 24 Parganas(DISTRICT MAGISTRATE SOUTH TWENTY FOUR PARGANAS_IDA)","CONSTRUCTION OF CONCRETE ROAD FROM CHAKRATIRTHA MAHA SAMSAN BATHING GHAR TO REST SHED","BAPI HALDAR","MATHURAPUR(SC)","Images","20-Jan-2025","418000"
"2255","Normal/Others","WS/MP18152/2024-2025/157862-Street lights","Punjab","FARIDKOT(DEPUTY COMMISSIONER FARIDKOT_IDA)","Installation of Street lights at Navan Mehmuana","SARABJEET SINGH KHALSA","FARIDKOT(SC)","N/A","07-Apr-2025","200000"
"2256","Normal/Others","WS/MP18176/2024-2025/146590-Providing CCTV camera system for security of public areas","Tamil Nadu","DINDIGUL(DISTRICT COLLECTOR DINDIGUL_IDA)","Providing CCTV camera system for security in Palani Municipality (CCTV Camera Maintanance Control: Deputy Superintentdent of police, Palani)","SACHITHANANTHAM R","DINDIGUL","N/A","21-Jan-2025","4999254"
"2257","Normal/Others","WS/MP761/2024-2025/164511-Construction of community centers and community halls","Telangana","NIZAMABAD(DISTRICT COLLECTOR NIZAMABAD_IDA)","Construction of Community Hall in Allakonda Munnurukapu Wada","Arvind Dharmapuri","NIZAMABAD","N/A","21-Jan-2025","400000"
"2258","Normal/Others","WS/MP18152/2024-2025/157865-Street lights","Punjab","FARIDKOT(DEPUTY COMMISSIONER FARIDKOT_IDA)","Installation of Street lights at Gram Panchayat Pakka no 4","SARABJEET SINGH KHALSA","FARIDKOT(SC)","N/A","07-Apr-2025","200000"
"2259","Normal/Others","WS/MP18152/2024-2025/137620-Installation of multi-gym equipment","Punjab","MOGA(Deputy Commissioner Moga)","Installation of fixed Indoor gym equipment","SARABJEET SINGH KHALSA","FARIDKOT(SC)","Images","02-Feb-2026","200000"
"2260","Normal/Others","WS/MP18152/2024-2025/141178-Installation of fixed garden gym equipment","Punjab","MOGA(Deputy Commissioner Moga)","Installation of fixed garden gym equipment","SARABJEET SINGH KHALSA","FARIDKOT(SC)","Images","10-Jul-2025","300000"
"2261","Normal/Others","WS/MP716/2024-2025/141394-Purchase of immovable sports equipment","Punjab","SRI MUKTSAR SAHIB(DEPUTY COMMISSIONER SRI MUKTSAR SAHIB_IDA)","Football Net & Sports Kit","Smt Harsimrat Kaur Badal","BHATINDA","N/A","10-Feb-2025","149983"
"2262","Normal/Others","WS/MP18152/2024-2025/141176-Installation of fixed garden gym equipment","Punjab","MOGA(Deputy Commissioner Moga)","Installation of fixed garden gym equipment","SARABJEET SINGH KHALSA","FARIDKOT(SC)","Images","07-Jul-2025","300000"
"2263","Normal/Others","WS/MP18152/2024-2025/141175-Installation of fixed garden gym equipment","Punjab","MOGA(Deputy Commissioner Moga)","Installation of fixed garden gym equipment","SARABJEET SINGH KHALSA","FARIDKOT(SC)","Images","07-Jul-2025","300000"
"2264","Normal/Others","WS/MP18152/2024-2025/141174-Installation of fixed garden gym equipment","Punjab","MOGA(Deputy Commissioner Moga)","Installation of fixed garden gym equipment","SARABJEET SINGH KHALSA","FARIDKOT(SC)","Images","08-Jul-2025","300000"
"2265","Normal/Others","WS/MP18152/2024-2025/141182-Installation of fixed garden gym equipment","Punjab","MOGA(Deputy Commissioner Moga)","Installation of fixed garden gym equipment","SARABJEET SINGH KHALSA","FARIDKOT(SC)","Images","07-Jul-2025","300000"
"2266","Normal/Others","WS/MP18152/2024-2025/157823-Purchase of mobile water tankers","Punjab","FARIDKOT(DEPUTY COMMISSIONER FARIDKOT_IDA)","Purchase of Steel mobile water tanker","SARABJEET SINGH KHALSA","FARIDKOT(SC)","N/A","07-Apr-2025","200000"
"2267","Normal/Others","WS/MP18152/2024-2025/157824-Purchase of mobile water tankers","Punjab","FARIDKOT(DEPUTY COMMISSIONER FARIDKOT_IDA)","Purchase of Steel mobile water tanker","SARABJEET SINGH KHALSA","FARIDKOT(SC)","N/A","07-Apr-2025","200000"
"2268","Normal/Others","WS/MP18152/2024-2025/157826-Purchase of mobile water tankers","Punjab","FARIDKOT(DEPUTY COMMISSIONER FARIDKOT_IDA)","Purchase of Steel mobile water tanker","SARABJEET SINGH KHALSA","FARIDKOT(SC)","N/A","07-Apr-2025","200000"
"2269","Normal/Others","WS/MP18152/2024-2025/157828-Purchase of mobile water tankers","Punjab","FARIDKOT(DEPUTY COMMISSIONER FARIDKOT_IDA)","Purchase of Steel mobile water tanker at Gram Panchayat Kothe Pakka No 1","SARABJEET SINGH KHALSA","FARIDKOT(SC)","N/A","07-Apr-2025","200000"
"2270","Normal/Others","WS/MP18152/2024-2025/157881-Street lights","Punjab","FARIDKOT(DEPUTY COMMISSIONER FARIDKOT_IDA)","Installation of Street lights at Shaheed Parminder Singh Nagar","SARABJEET SINGH KHALSA","FARIDKOT(SC)","N/A","07-Apr-2025","200000"
"2271","Normal/Others","WS/MP18152/2024-2025/157848-Street lights","Punjab","FARIDKOT(DEPUTY COMMISSIONER FARIDKOT_IDA)","Installation of Street lights","SARABJEET SINGH KHALSA","FARIDKOT(SC)","N/A","07-Apr-2025","200000"
"2272","Normal/Others","WS/MP18338/2024-2025/152517-Street lights","Telangana","YADADRI BHUVANAGIRI(DISTRICT COLLECTOR YADADRI BHUVANAGIRI_IDA)","PROVIDING OF STREET LIGHTS IN ANTHAMMAGUDEM VILLAGE","CHAMALA KIRAN KUMAR REDDY","BHONGIR","N/A","21-Jan-2025","99855"
"2273","Normal/Others","WS/MP18338/2024-2025/152536-Street lights","Telangana","YADADRI BHUVANAGIRI(DISTRICT COLLECTOR YADADRI BHUVANAGIRI_IDA)","PROVIDING OF STREET LIGHTS IN SAI NAGAR VILLAGE","CHAMALA KIRAN KUMAR REDDY","BHONGIR","N/A","21-Jan-2025","47364"
"2274","Normal/Others","WS/MP485/2024-2025/137232-Street lights","West Bengal","South 24 Parganas(DISTRICT MAGISTRATE SOUTH TWENTY FOUR PARGANAS_IDA)","Installation of Solar High Mast Light at Kotrakhali Bazar  Under Chunakhali GP","Pratima Mondal","JOYNAGAR(SC)","Images","21-Jan-2025","194344"
"2275","Normal/Others","WS/MP18031/2024-2025/143530-Purchase of books and periodicals for libraries/digitization of library books","Bihar","GAYA(DISTRICT PLANNING OFFICER GAYA_IDA)","purchase of books for school library. sanction five lacs for every school.","ABHAY KUMAR SINHA","AURANGABAD_BR","Images","22-Jan-2025","499385"
"2276","Normal/Others","WS/MP465/2024-2025/137492-Construction of roads, link roads, pathways or any other road with or without drainage system","Uttar Pradesh","UNNAO(DISTRICT MAGIISTRATE UNNAO_IDA)","??????? ??????? ??? ?? ????? ???? 8 ??? ????? ??????? ?? ?? ?? ???? ?? ?? ?? ?????????? ?????","Swami Sachchidanandhari Sakshi ji Maharaj","UNNAO","Images","16-Jan-2026","334804"
"2277","Normal/Others","WS/MP18031/2024-2025/143529-Purchase of books and periodicals for libraries/digitization of library books","Bihar","GAYA(DISTRICT PLANNING OFFICER GAYA_IDA)","purchase of books for school library. sanction five lacs for every school.","ABHAY KUMAR SINHA","AURANGABAD_BR","Images","22-Jan-2025","499385"
"2278","Normal/Others","WS/MP18031/2024-2025/143528-Purchase of books and periodicals for libraries/digitization of library books","Bihar","GAYA(DISTRICT PLANNING OFFICER GAYA_IDA)","purchase of books for school library. sanction five lacs for every school.","ABHAY KUMAR SINHA","AURANGABAD_BR","Images","22-Jan-2025","499385"
"2279","Normal/Others","WS/MP18031/2024-2025/143566-Purchase of books and periodicals for libraries/digitization of library books","Bihar","GAYA(DISTRICT PLANNING OFFICER GAYA_IDA)","purchase of books for school library. sanction of five lacs for every school","ABHAY KUMAR SINHA","AURANGABAD_BR","Images","22-Jan-2025","499385"
"2280","Normal/Others","WS/MP18031/2024-2025/143565-Purchase of books and periodicals for libraries/digitization of library books","Bihar","GAYA(DISTRICT PLANNING OFFICER GAYA_IDA)","purchase of books for school library. sanction of five lacs for every school","ABHAY KUMAR SINHA","AURANGABAD_BR","Images","22-Jan-2025","499385"
"2281","Normal/Others","WS/MP18309/2024-2025/157109-Construction of footpaths and pedestrian ways","Meghalaya","NORTH GARO HILLS(DEPUTY COMMISSIONER NORTH GARO HILLS RESUBELPARA_IDA)","Construction of footpath (earth work)","SALENG A SANGMA","TURA","Images","23-Apr-2026","200000"
"2282","Normal/Others","WS/MP18031/2024-2025/143564-Purchase of books and periodicals for libraries/digitization of library books","Bihar","GAYA(DISTRICT PLANNING OFFICER GAYA_IDA)","purchase of books for school library. sanction of five lacs for every school","ABHAY KUMAR SINHA","AURANGABAD_BR","Images","22-Jan-2025","499385"
"2283","Normal/Others","WS/MP18031/2024-2025/143563-Purchase of books and periodicals for libraries/digitization of library books","Bihar","GAYA(DISTRICT PLANNING OFFICER GAYA_IDA)","purchase of books for school library. sanction of five lacs for every school","ABHAY KUMAR SINHA","AURANGABAD_BR","Images","22-Jan-2025","499385"
"2284","Normal/Others","WS/MP18309/2024-2025/157113-Construction of footpaths and pedestrian ways","Meghalaya","NORTH GARO HILLS(DEPUTY COMMISSIONER NORTH GARO HILLS RESUBELPARA_IDA)","Construction of footpath (earth work)","SALENG A SANGMA","TURA","Images","19-Feb-2026","200000"
"2285","Normal/Others","WS/MP858/2024-2025/143989-Street lights","West Bengal","BIRBHUM(DISTRICT MAGISTRATE BIRBHUM_IDA)","Installation 2 no of highmast street light under chandidas nanoor gp.Executing Agency will be EO NANOOR PANCHAYAT SAMITY.","Asit Kumar Mal","BOLPUR(SC)","Images","22-Jan-2025","578914"
"2286","Normal/Others","WS/MP18031/2024-2025/143571-Purchase of books and periodicals for libraries/digitization of library books","Bihar","GAYA(DISTRICT PLANNING OFFICER GAYA_IDA)","purchase of books for school library. sanction of five lacs for every school","ABHAY KUMAR SINHA","AURANGABAD_BR","N/A","22-Jan-2025","499385"
"2287","Normal/Others","WS/MP18031/2024-2025/143574-Purchase of books and periodicals for libraries/digitization of library books","Bihar","GAYA(DISTRICT PLANNING OFFICER GAYA_IDA)","purchase of books for school library. sanction of five lacs for every school","ABHAY KUMAR SINHA","AURANGABAD_BR","Images","22-Jan-2025","499385"
"2288","Normal/Others","WS/MP761/2024-2025/167288-Construction of boundary walls of existing public and community buildings","Telangana","NIZAMABAD(DISTRICT COLLECTOR NIZAMABAD_IDA)","Construction of Boundary wall to Goshala near Ekachakreshwara Mandir","Arvind Dharmapuri","NIZAMABAD","N/A","22-Jan-2025","400000"
"2289","Normal/Others","WS/MP18031/2024-2025/143573-Purchase of books and periodicals for libraries/digitization of library books","Bihar","GAYA(DISTRICT PLANNING OFFICER GAYA_IDA)","purchase of books for school library. sanction of five lacs for every school","ABHAY KUMAR SINHA","AURANGABAD_BR","Images","22-Jan-2025","499385"
"2290","Normal/Others","WS/MP18031/2024-2025/143572-Purchase of books and periodicals for libraries/digitization of library books","Bihar","GAYA(DISTRICT PLANNING OFFICER GAYA_IDA)","purchase of books for school library. sanction of five lacs for every school","ABHAY KUMAR SINHA","AURANGABAD_BR","Images","22-Jan-2025","499385"
"2291","Normal/Others","WS/MP858/2024-2025/152246-Construction of roads, link roads, pathways or any other road with or without drainage system","West Bengal","BIRBHUM(DISTRICT MAGISTRATE BIRBHUM_IDA)","CONSTRUCTION OF CC ROAD FROM SHYAMA THANDAR HOUSE TO GUTUNI PAR, UNDER BARA SAOTA GP ,EXECUTING AGENCY WILL BE E.O. NANOOR PANCHAYET SAMITY.","Asit Kumar Mal","BOLPUR(SC)","Images","22-Jan-2025","498230"
"2292","Normal/Others","WS/MP18158/2024-2025/141824-Construction of toilet blocks","Punjab","PATIALA(DEPUTY COMMISSIONER PATIALA_IDA)","Construction of one toilet in Govt Middle School Fatehpur","DR DHARAMVIRA GANDHI","PATIALA","Images","27-Jan-2026","80000"
"2293","Normal/Others","WS/MP797/2024-2025/149463-Street lights","Uttar Pradesh","ETAH(DISTRICT MAGISTRATE ETAH_IDA)","Installation of an eight LED high mast light near Saruth Pachhaya Main Bazaar intersection under Aliganj assembly of my parliamentary constituency Farrukhabad in consultation with Pinku. 9536774407","Mukesh Rajput","FARRUKHABAD","N/A","13-May-2025","509926"
"2294","Normal/Others","WS/MP797/2024-2025/149464-Street lights","Uttar Pradesh","ETAH(DISTRICT MAGISTRATE ETAH_IDA)","?-	Installation of an eight LED high mast light near Parauli Main Bazaar intersection in consultation with Deepak Rajput under Aliganj assembly of my parliamentary constituency Farrukhabad. 9536170267","Mukesh Rajput","FARRUKHABAD","N/A","13-May-2025","509926"
"2295","Normal/Others","WS/MP797/2024-2025/149469-Street lights","Uttar Pradesh","ETAH(DISTRICT MAGISTRATE ETAH_IDA)","Installation of an eight LED high mast light near village Nagla Simra Tirahe in consultation with Mohit Kumar under Aliganj assembly of my parliamentary constituency Farrukhabad. 9634544087","Mukesh Rajput","FARRUKHABAD","N/A","13-May-2025","509926"
"2296","Normal/Others","WS/MP797/2024-2025/149468-Street lights","Uttar Pradesh","ETAH(DISTRICT MAGISTRATE ETAH_IDA)","Installation of an eight LED high mast light near Agaunapur Tiraha in consultation with Bisesh Shakya under Aliganj assembly of my parliamentary constituency Farrukhabad. 7017705364","Mukesh Rajput","FARRUKHABAD","N/A","13-May-2025","509926"
"2297","Normal/Others","WS/MP797/2024-2025/149467-Street lights","Uttar Pradesh","ETAH(DISTRICT MAGISTRATE ETAH_IDA)","Installation of an eight LED high mast light near Angaraiya Tirahe in consultation with Vipin Rajput under Aliganj assembly of my parliamentary constituency Farrukhabad. 9458678390","Mukesh Rajput","FARRUKHABAD","N/A","13-May-2025","509926"
"2298","Normal/Others","WS/MP797/2024-2025/149466-Street lights","Uttar Pradesh","ETAH(DISTRICT MAGISTRATE ETAH_IDA)","Installation of a high mast light with eight LEDs near Fagnaul Main Bazaar intersection under Aliganj assembly of my parliamentary constituency Farrukhabad in consultation with Satyapal. 8650588909","Mukesh Rajput","FARRUKHABAD","N/A","13-May-2025","509926"
"2299","Normal/Others","WS/MP18357/2024-2025/161989-Construction of roads, link roads, pathways or any other road with or without drainage system","Madhya Pradesh","ASHOKNAGAR(DISTRICT COLLECTOR ASHOKNAGAR_IDA)","Construction of CC Road","JYOTIRADITYA M. SCINDIA","GUNA","Images","31-Oct-2025","999722"
"2300","Normal/Others","WS/MP797/2024-2025/149465-Street lights","Uttar Pradesh","ETAH(DISTRICT MAGISTRATE ETAH_IDA)","Installation of a high mast light with eight LEDs near Dhumri Main Bazaar intersection under Aliganj assembly of my parliamentary constituency Farrukhabad in consultation with Vinod Kumar. 6398780065","Mukesh Rajput","FARRUKHABAD","N/A","13-May-2025","509926"
"2301","Normal/Others","WS/MP797/2024-2025/149470-Street lights","Uttar Pradesh","ETAH(DISTRICT MAGISTRATE ETAH_IDA)","Installation of an eight LED high mast light near Hanuman ji temple in Aghat in consultation with Shivrathan Lala under Aliganj assembly of my parliamentary constituency Farrukhabad. 9058567518","Mukesh Rajput","FARRUKHABAD","N/A","13-May-2025","509926"
"2302","Normal/Others","WS/MP797/2024-2025/149472-Street lights","Uttar Pradesh","ETAH(DISTRICT MAGISTRATE ETAH_IDA)","Installation of an eight LED high mast light near Hanuman ji temple in village Bilsad in consultation with Vijay Singh under Aliganj assembly of my parliamentary constituency Farrukhabad. 8923289123","Mukesh Rajput","FARRUKHABAD","N/A","13-May-2025","509926"
"2303","Normal/Others","WS/MP797/2024-2025/149471-Street lights","Uttar Pradesh","ETAH(DISTRICT MAGISTRATE ETAH_IDA)","Installation of an eight LED high mast light near Amroli Tirahe in consultation with Rajveer Sharma under Aliganj assembly of my parliamentary constituency Farrukhabad. 7017905364","Mukesh Rajput","FARRUKHABAD","N/A","13-May-2025","509926"
"2304","Normal/Others","WS/MP18108/2024-2025/163484-Construction of roads, link roads, pathways or any other road with or without drainage system","Madhya Pradesh","SAGAR(DISTRICT COLLECTOR SAGAR_IDA)","Gram Panchayat Luhari Ke Hawla Me Hawla Main Road Se Ramraja Ke ghar Ki or C.C.Road Nirman Hetu.","DR. LATA WANKHEDE","SAGAR","N/A","22-Oct-2025","496732"
"2305","Normal/Others","WS/MP18108/2024-2025/162814-Construction of roads, link roads, pathways or any other road with or without drainage system","Madhya Pradesh","SAGAR(DISTRICT COLLECTOR SAGAR_IDA)","Gram Panchayat Bhisa Me Lalsingh Ke ghar se Raghwendra Ke Ghar ki or C.C. Road Nirman Karya Hetu.","DR. LATA WANKHEDE","SAGAR","N/A","23-Oct-2025","499484"
"2306","Normal/Others","WS/MP18108/2024-2025/163485-Construction of roads, link roads, pathways or any other road with or without drainage system","Madhya Pradesh","SAGAR(DISTRICT COLLECTOR SAGAR_IDA)","Gram Panchayat Gambhiriya Hat Ke gram Pathariya Me Naresh Ke ghar Se Khel Maidan Ki or C.C. Road Nirman Karya Hetu.","DR. LATA WANKHEDE","SAGAR","N/A","23-Oct-2025","498503"
"2307","Normal/Others","WS/MP761/2024-2025/164515-Construction of community centers and community halls","Telangana","NIZAMABAD(DISTRICT COLLECTOR NIZAMABAD_IDA)","Construction of Community Hall in Vishwabrahmana Wada","Arvind Dharmapuri","NIZAMABAD","N/A","22-Jan-2025","300000"
"2308","Normal/Others","WS/MP858/2024-2025/152248-Construction of roads, link roads, pathways or any other road with or without drainage system","West Bengal","BIRBHUM(DISTRICT MAGISTRATE BIRBHUM_IDA)","CONSTRUCTION OF CC ROAD FROM AROZ SK HOUSE TO MILON SK HOUSE UNDER KIRNAHAR I GP, EXECUTING AGENCY WILL BE E.O . NANOOR PANCHAYET SAMITY.","Asit Kumar Mal","BOLPUR(SC)","Images","03-Mar-2025","498707"
"2309","Normal/Others","WS/MP18354/2024-2025/138490-Purchase of IT systems, including hardware and software for educational purposes","Chhattisgarh","SURGUJA(Collector Surguja_IDA)","Purchase of IT systems. including hardware and software for educational purposes Girls Higher Secondary School Salka","CHINTAMANI MAHARAJ","SARGUJA(ST)","Images","04-Feb-2025","999500"
"2310","Normal/Others","WS/MP18354/2024-2025/138488-Purchase of IT systems, including hardware and software for educational purposes","Chhattisgarh","SURGUJA(Collector Surguja_IDA)","Purchase of IT systems. including hardware and software for educational purposes Government Multipurpose Higher Secondary School Ambikapur","CHINTAMANI MAHARAJ","SARGUJA(ST)","Images","04-Feb-2025","999500"
"2311","Normal/Others","WS/MP18354/2024-2025/138487-Purchase of IT systems, including hardware and software for educational purposes","Chhattisgarh","SURGUJA(Collector Surguja_IDA)","Purchase of IT systems. including hardware and software for educational purposes Government Girls Higher Secondary School Darima","CHINTAMANI MAHARAJ","SARGUJA(ST)","Images","04-Feb-2025","999500"
"2312","Normal/Others","WS/MP18354/2024-2025/138486-Purchase of IT systems, including hardware and software for educational purposes","Chhattisgarh","SURGUJA(Collector Surguja_IDA)","Purchase of IT systems. including hardware and software for educational purposes Girls Higher Secondary School Sitapur","CHINTAMANI MAHARAJ","SARGUJA(ST)","Images","04-Feb-2025","999500"
"2313","Normal/Others","WS/MP661/2024-2025/137791-Construction of community centers and community halls","Maharashtra","PUNE(DISTRICT COLLECTOR PUNE_IDA)","Construction of community hall Near Maruti temple At Tokavade Tq. Khed Dist. Pune","Amol Ramsing Kolhe","SHIRUR","Images","23-Jan-2025",""
"2314","Normal/Others","WS/MP444/2024-2025/146489-Construction of bus-sheds or bus-stops","Madhya Pradesh","HARDA(District Collector Harda_IDA)","L.No. 184 Dt 07.10.2024 Gram Panchayat Railwa ke gram Railwa me","Durga Das Uikey","BETUL(ST)","Images","23-Jul-2025","259942"
"2315","Normal/Others","WS/MP743/2024-2025/143098-Purchase of smart boards, visual display units and projectors","Tamil Nadu","Kancheepuram(DISTRICT COLLECTOR KANCHEEPURAM_IDA)","Purchasing of smart class room equipment for Kammalampoondi Govt.Girls Hr.sec. School in Uthiramerur Panchayat Union. (Supply of smart class equipment 2 set)","Ganesan Selvam","KANCHEEPURAM(SC)","Images","23-Jan-2025","400000"
"2316","Normal/Others","WS/MP18354/2024-2025/161311-Installing tube-wells and borewells","Chhattisgarh","SURGUJA(Collector Surguja_IDA)","ARJUN KHET KE PAAS TUBEWELL","CHINTAMANI MAHARAJ","SARGUJA(ST)","Images","19-May-2025","179990"
"2317","Normal/Others","WS/MP743/2024-2025/143074-Purchase of smart boards, visual display units and projectors","Tamil Nadu","Kancheepuram(DISTRICT COLLECTOR KANCHEEPURAM_IDA)","Purchasing of smart class room equipment for Kaliyampoondi Govt.Girls.Hr.sec. School in Uthiramerur Panchayat Union. (Supply of smart class equipment 2 set)","Ganesan Selvam","KANCHEEPURAM(SC)","Images","23-Jan-2025","400000"
"2318","Normal/Others","WS/MP743/2024-2025/143073-Purchase of smart boards, visual display units and projectors","Tamil Nadu","Kancheepuram(DISTRICT COLLECTOR KANCHEEPURAM_IDA)","Purchasing of smart class room equipment for Salavakkam Govt.Hr.sec. School in Uthiramerur Panchayat Union. (Supply of smart class equipment 2 set)","Ganesan Selvam","KANCHEEPURAM(SC)","Images","23-Jan-2025","400000"
"2319","Normal/Others","WS/MP18101/2024-2025/149038-Purchase of mobile water tankers","Madhya Pradesh","CHHATARPUR(District Collector Chhatarpur_IDA)","GRAM PANCHAYT DHARMPURA ME PANI KE TANKER KI KHAREED","RAHUL SINGH LODHI","DAMOH","Images","06-Feb-2025","198723"
"2320","Normal/Others","WS/MP18101/2024-2025/149037-Purchase of mobile water tankers","Madhya Pradesh","CHHATARPUR(District Collector Chhatarpur_IDA)","GRAM PANCHAYT BERKHEDI ME PANI KE TANKER KI KHAREED","RAHUL SINGH LODHI","DAMOH","Images","06-Feb-2025","198723"
"2321","Normal/Others","WS/MP743/2024-2025/143072-Purchase of smart boards, visual display units and projectors","Tamil Nadu","Kancheepuram(DISTRICT COLLECTOR KANCHEEPURAM_IDA)","Purchasing of smart class room equipment for Manampathy Govt.Hr.sec. School in Uthiramerur Panchayat Union. (Supply of smart class equipment 2 set)","Ganesan Selvam","KANCHEEPURAM(SC)","Images","23-Jan-2025","400000"
"2322","Normal/Others","WS/MP18354/2024-2025/161305-Installing tube-wells and borewells","Chhattisgarh","SURGUJA(Collector Surguja_IDA)","MANIYAAR SAI KE KHET KE PAAS TUBEWELL","CHINTAMANI MAHARAJ","SARGUJA(ST)","Images","19-May-2025","179993"
"2323","Normal/Others","WS/MP18101/2024-2025/149028-Purchase of mobile water tankers","Madhya Pradesh","CHHATARPUR(District Collector Chhatarpur_IDA)","GRAM PANCHAYT MAHARAJGANJ ME PANI KE TANKER KI KHAREED","RAHUL SINGH LODHI","DAMOH","Images","06-Feb-2025","198723"
"2324","Normal/Others","WS/MP18354/2024-2025/161313-Installing tube-wells and borewells","Chhattisgarh","SURGUJA(Collector Surguja_IDA)","GRAM PANCHYAT DAWA KE SHYAM GUASHALA ME TUBEWELL","CHINTAMANI MAHARAJ","SARGUJA(ST)","Images","19-May-2025","179997"
"2325","Normal/Others","WS/MP18101/2024-2025/149031-Purchase of mobile water tankers","Madhya Pradesh","CHHATARPUR(District Collector Chhatarpur_IDA)","GRAM PANCHAYAT SURAJPURA KHURD ME PANI KE TANKER KI KHAREED","RAHUL SINGH LODHI","DAMOH","Images","06-Feb-2025","198723"
"2326","Normal/Others","WS/MP18354/2024-2025/161306-Installing tube-wells and borewells","Chhattisgarh","SURGUJA(Collector Surguja_IDA)","HEMANT RAJWADE KE GHAR KE PAAS TUBEWELL","CHINTAMANI MAHARAJ","SARGUJA(ST)","Images","19-May-2025","179990"
"2327","Normal/Others","WS/MP18101/2024-2025/149034-Purchase of mobile water tankers","Madhya Pradesh","CHHATARPUR(District Collector Chhatarpur_IDA)","GRAM PANCHAYT SURAJPURA KHURD ME PANI KE TANKER KI KHAREED","RAHUL SINGH LODHI","DAMOH","Images","06-Feb-2025","198723"
"2328","Normal/Others","WS/MP18354/2024-2025/161307-Installing tube-wells and borewells","Chhattisgarh","SURGUJA(Collector Surguja_IDA)","BHANDARPARA ME TUBEWELL","CHINTAMANI MAHARAJ","SARGUJA(ST)","Images","19-May-2025","179993"
"2329","Normal/Others","WS/MP18101/2024-2025/149040-Purchase of mobile water tankers","Madhya Pradesh","CHHATARPUR(District Collector Chhatarpur_IDA)","GRAM PANCHAYT MUDIYA ME PANI KE TANKER KI KHAREED","RAHUL SINGH LODHI","DAMOH","Images","06-Feb-2025","198723"
"2330","Normal/Others","WS/MP18101/2024-2025/149377-Purchase of mobile water tankers","Madhya Pradesh","CHHATARPUR(District Collector Chhatarpur_IDA)","GRAM PANCHAYT DEOPUR ME 5000 LTR PANI KE TANKER KI KHAREED","RAHUL SINGH LODHI","DAMOH","Images","06-Feb-2025","198723"
"2331","Normal/Others","WS/MP18354/2024-2025/161301-Installing tube-wells and borewells","Chhattisgarh","SURGUJA(Collector Surguja_IDA)","UDARI ROAD ME SUNIL KE KHET KE PAAS TUBEWELL","CHINTAMANI MAHARAJ","SARGUJA(ST)","Images","19-May-2025","179997"
"2332","Normal/Others","WS/MP18354/2024-2025/161302-Installing tube-wells and borewells","Chhattisgarh","SURGUJA(Collector Surguja_IDA)","GOVERNMENT HIGH SCHOOL PARSA KE PRANGAN ME TUBEWELL","CHINTAMANI MAHARAJ","SARGUJA(ST)","Images","19-May-2025","179990"
"2333","Normal/Others","WS/MP18354/2024-2025/161303-Installing tube-wells and borewells","Chhattisgarh","SURGUJA(Collector Surguja_IDA)","PRIMARY SCHOOL BHAKURA ME TUBEWELL","CHINTAMANI MAHARAJ","SARGUJA(ST)","Images","19-May-2025","179993"
"2334","Normal/Others","WS/MP18354/2024-2025/161304-Installing tube-wells and borewells","Chhattisgarh","SURGUJA(Collector Surguja_IDA)","GRAM CHHUHIPARA ME SUSHIL RAJWADE GHAR KE PAAS TUBEWELL","CHINTAMANI MAHARAJ","SARGUJA(ST)","Images","19-May-2025","179997"
"2335","Normal/Others","WS/MP18354/2024-2025/161312-Installing tube-wells and borewells","Chhattisgarh","SURGUJA(Collector Surguja_IDA)","GRAM PANCHYAT RAMPUR ME TUBEWELL","CHINTAMANI MAHARAJ","SARGUJA(ST)","Images","19-May-2025","179990"
"2336","Normal/Others","WS/MP18354/2024-2025/161298-Installing tube-wells and borewells","Chhattisgarh","SURGUJA(Collector Surguja_IDA)","KOSAMCHANWAR ME GAJANAD KHET KE PAS TUBEWELL","CHINTAMANI MAHARAJ","SARGUJA(ST)","Images","12-Aug-2025","179093"
"2337","Normal/Others","WS/MP18354/2024-2025/161309-Installing tube-wells and borewells","Chhattisgarh","SURGUJA(Collector Surguja_IDA)","AITHATENDU JHAADI LAKRA KE GHAR KE PAAS TUBEWELL","CHINTAMANI MAHARAJ","SARGUJA(ST)","Images","19-May-2025","179997"
"2338","Normal/Others","WS/MP18354/2024-2025/161299-Installing tube-wells and borewells","Chhattisgarh","SURGUJA(Collector Surguja_IDA)","BENDUWAPARA SUMAN GHAR KE PAS TUBEWELL","CHINTAMANI MAHARAJ","SARGUJA(ST)","Images","19-May-2025","179990"
"2339","Normal/Others","WS/MP18354/2024-2025/161300-Installing tube-wells and borewells","Chhattisgarh","SURGUJA(Collector Surguja_IDA)","BANSPAKER KE PAAS TUBEWELL","CHINTAMANI MAHARAJ","SARGUJA(ST)","Images","19-May-2025","179993"
"2340","Normal/Others","WS/MP18354/2024-2025/158242-Installing tube-wells and borewells","Chhattisgarh","SURGUJA(Collector Surguja_IDA)","GRAM PANCHYAT LAMGAON JANPAD BATULI KE HANUMAN MANDIR PRISAR KE PAS TUBEWELL","CHINTAMANI MAHARAJ","SARGUJA(ST)","Images","19-May-2025","179997"
"2341","Normal/Others","WS/MP18354/2024-2025/161310-Installing tube-wells and borewells","Chhattisgarh","SURGUJA(Collector Surguja_IDA)","MAHADEVPARA SOMARSAI GHAR KE PAAS TUBEWELL","CHINTAMANI MAHARAJ","SARGUJA(ST)","Images","19-May-2025","179990"
"2342","Normal/Others","WS/MP18354/2024-2025/158245-Installing hand pumps","Chhattisgarh","SURGUJA(Collector Surguja_IDA)","GRAM PANCHYAT BHADWAHI ME SAMAJ ASHRAM KE PAAS  HANDPUMP","CHINTAMANI MAHARAJ","SARGUJA(ST)","Images","19-May-2025","140981"
"2343","Normal/Others","WS/MP638/2024-2025/152513-Construction of buildings for community cultural activities","Madhya Pradesh","CHHATARPUR(District Collector Chhatarpur_IDA)","Saansad Chaupal","Virendra Kumar","TIKAMGARH(SC)","Images","19-Mar-2026","400000"
"2344","Normal/Others","WS/MP017/2024-2025/166512-Construction of community centers and community halls","Tamil Nadu","THIRUVALLUR(DISTRICT COLLECTOR TIRUVALLUR_IDA)","Construction of Multi Purpose Building at draupadi Amman Koil Street","S. Jagathrakshakan","ARAKKONAM","N/A","27-Jan-2025","1199072"
"2345","Normal/Others","WS/MP743/2024-2025/143071-Purchase of smart boards, visual display units and projectors","Tamil Nadu","Kancheepuram(DISTRICT COLLECTOR KANCHEEPURAM_IDA)","Purchasing of smart class room equipment for Pullalur Govt.Hr.sec. School in Walajabad Panchayat Union. (Supply of smart class equipment 2 set)","Ganesan Selvam","KANCHEEPURAM(SC)","Images","23-Jan-2025","400000"
"2346","Normal/Others","WS/MP381/2024-2025/153006-Construction of rooms and halls in school and colleges","Punjab","AMRITSAR(DEPUTY COMMISSIONER AMRITSAR_IDA)","CONSTRUCTION OF MULTI PUPOSE HALL AT SCHOOL OF EMINANCE KARAMPURA E- BLOCK RANJIT AVENUE ASR","Shri Gurjeet Singh Aujla","AMRITSAR","N/A","23-Jan-2025","500000"
"2347","Normal/Others","WS/MP743/2024-2025/143070-Purchase of smart boards, visual display units and projectors","Tamil Nadu","Kancheepuram(DISTRICT COLLECTOR KANCHEEPURAM_IDA)","Purchasing of smart class room equipment for Uthukadu VSA Govt.High School in Walajabad Panchayat Union. (Supply of smart class equipment 2 set)","Ganesan Selvam","KANCHEEPURAM(SC)","Images","23-Jan-2025","400000"
"2348","Normal/Others","WS/MP743/2024-2025/143097-Purchase of smart boards, visual display units and projectors","Tamil Nadu","Kancheepuram(DISTRICT COLLECTOR KANCHEEPURAM_IDA)","Purchasing of smart class room equipment for Thirumukkudal Govt.Hr.sec. School in Uthiramerur Panchayat Union. (Supply of smart class equipment 2 set)","Ganesan Selvam","KANCHEEPURAM(SC)","Images","23-Jan-2025","400000"
"2349","Normal/Others","WS/MP743/2024-2025/143099-Purchase of smart boards, visual display units and projectors","Tamil Nadu","Kancheepuram(DISTRICT COLLECTOR KANCHEEPURAM_IDA)","Purchasing of smart class room equipment for Anampakkam Govt.Hr.sec. School in Uthiramerur Panchayat Union. (Supply of smart class equipment 2 set)","Ganesan Selvam","KANCHEEPURAM(SC)","Images","23-Jan-2025","400000"
"2350","Normal/Others","WS/MP638/2024-2025/152514-Construction of buildings for community cultural activities","Madhya Pradesh","CHHATARPUR(District Collector Chhatarpur_IDA)","Saansad Chaupal Dhilapur","Virendra Kumar","TIKAMGARH(SC)","Images","05-Aug-2025","400000"
"2351","Normal/Others","WS/MP313/2024-2025/138570-Construction of boundary walls of existing public and community buildings","Arunachal Pradesh","EAST SIANG(Deputy Commisioner East Siang_IDA)","C/o Wall near Petrol Pump, Dura- Rengging in East Siang District","Shri Tapir Gao","ARUNACHAL EAST","N/A","23-Jan-2025","2500000"
"2352","Normal/Others","WS/MP313/2024-2025/138651-Construction of flood control embankments/ protection walls along riverbanks, hilltops, roadsides","Arunachal Pradesh","EAST SIANG(Deputy Commisioner East Siang_IDA)","FDR work at lepir mize agriculture area (arik), sibut Village in East Siang District","Shri Tapir Gao","ARUNACHAL EAST","N/A","23-Jan-2025","1000000"
"2353","Normal/Others","WS/MP18155/2024-2025/141713-Construction of roads, link roads, pathways or any other road with or without drainage system","Punjab","HOSHIARPUR(DEPUTY COMMISSIONER HOSHIARPUR_IDA)","Construction of Phirni","DR. RAJ KUMAR CHABBEWAL","HOSHIARPUR(SC)","N/A","10-Nov-2025","300000"
"2354","Normal/Others","WS/MP499/2024-2025/144947-Installing community drinking water plants","West Bengal","BIRBHUM(DISTRICT MAGISTRATE BIRBHUM_IDA)","Installation of Chilled Drinking water mechine, Rampurhat Jitendralal Vidya bhaban, P.O & P.S - Rampurhat","Smt Satabdi Roy (Banerjee)","BIRBHUM","Images","18-Mar-2025","249900"
"2355","Normal/Others","WS/MP013/2024-2025/151026-Construction of flood control embankments/ protection walls along riverbanks, hilltops, roadsides","Sikkim","Gangtok(DISTRICT COLLECTOR EAST DISTRICT_IDA)","Construction of protective wall near Ani Gumpa Takshe","Indra Hang Subba","SIKKIM","N/A","06-Nov-2025","499902"
"2356","Repair and Renovation","WS/MP013/2024-2025/137609-Construction of additional rooms and halls in the existing public and community building","Sikkim","Gangtok(DISTRICT COLLECTOR EAST DISTRICT_IDA)","Upgradation and repiar & restoration of Nawadaya SHG's envelope manufacturing plant","Indra Hang Subba","SIKKIM","N/A","06-Nov-2025","999539"
"2357","Normal/Others","WS/MP716/2024-2025/139506-Installing community drinking water plants","Punjab","BATHINDA(DEPUTY COMMISSIONER BHATINDA_IDA)","Installation of Water Motor of 7.5 hp","Smt Harsimrat Kaur Badal","BHATINDA","Images","31-Jan-2025","200000"
"2358","Normal/Others","WS/MP661/2024-2025/137790-Construction of community centers and community halls","Maharashtra","PUNE(DISTRICT COLLECTOR PUNE_IDA)","Construction of community hall near kalbhairv mandir At. Mandoshi Tq. Khed Dist. Pune.","Amol Ramsing Kolhe","SHIRUR","Images","24-Jan-2025",""
"2359","Normal/Others","WS/MP18023/2024-2025/147021-Construction of community centers and community halls","Assam","GOALPARA(Deputy Commissioner Goalpara_IDA)","Construction of open community hall at Sri Sri Niranjan Mahaprubhu Pith , Bakaitari.","BIJULI KALITA MEDHI","GUWAHATI","Images","27-Apr-2026","500000"
"2360","Normal/Others","WS/MP18021/2024-2025/143231-Construction of public libraries and reading rooms","Assam","GOALPARA(Deputy Commissioner Goalpara_IDA)","Construction & Renovation of Central Library cum Auditorium Hall at Jaleswar","RAKIBUL HUSSAIN","DHUBRI","Images","27-Apr-2026","500000"
"2361","Repair and Renovation","WS/MP243/2024-2025/141119-Lighting of public spaces","West Bengal","North 24 Parganas(DISTRICT MAGISTRATE NORTH TWENTY FOUR PARGANAS_IDA)","Highmast light","Kakoli Ghosh Dastidar","BARASAT","Images","25-Mar-2025","412911"
"2362","Normal/Others","WS/MP858/2024-2025/144000-Street lights","West Bengal","BIRBHUM(DISTRICT MAGISTRATE BIRBHUM_IDA)","Installation 2 no of highmast street light under UCHKARAN GP. Executing Agency will be EO NANOOR PANCHAYAT SAMITY.","Asit Kumar Mal","BOLPUR(SC)","Images","03-Mar-2025","578914"
"2363","Normal/Others","WS/MP18152/2024-2025/157883-Construction of rooms and halls in school and colleges","Punjab","FARIDKOT(DEPUTY COMMISSIONER FARIDKOT_IDA)","Construction of Mid day Meal Shed in Govt Middle school Machaki Khurd","SARABJEET SINGH KHALSA","FARIDKOT(SC)","N/A","07-Jan-2026","299155"
"2364","Normal/Others","WS/MP18211/2024-2025/145469-Construction of roads, link roads, pathways or any other road with or without drainage system","Uttar Pradesh","DEORIA(DISTRICT MAGISTRATE DEORIA)","Gram-Chaturbhujpur ke kurmi tola me pitch road se Akshaybar ke ghar tak 135 mtr. CC Road ka nirman","SHASHANK MANI","DEORIA","Images","20-Jul-2026","1201039"
"2365","Normal/Others","WS/MP18211/2024-2025/145468-Construction of roads, link roads, pathways or any other road with or without drainage system","Uttar Pradesh","DEORIA(DISTRICT MAGISTRATE DEORIA)","Gram-Khoraram pitch road se sabhalit vidhyalay tak 115 mtr. CC Road ka nirmaan","SHASHANK MANI","DEORIA","Images","18-Jul-2026","1227627"
"2366","Normal/Others","WS/MP18211/2024-2025/145463-Construction of roads, link roads, pathways or any other road with or without drainage system","Uttar Pradesh","DEORIA(DISTRICT MAGISTRATE DEORIA)","Gram-Pokharbhinda me Vinod Gond ke ghar se Padum ke ghar tak 135 mtr. CC Road ka nirmaan","SHASHANK MANI","DEORIA","Images","06-Aug-2026","934677"
"2367","Normal/Others","WS/MP18211/2024-2025/145467-Construction of roads, link roads, pathways or any other road with or without drainage system","Uttar Pradesh","DEORIA(DISTRICT MAGISTRATE DEORIA)","Gram-Sohsa me Ashok Rai ke ghar se Rama Yadav ke ghar tak 200 mtr. CC Road ka nirmaan","SHASHANK MANI","DEORIA","Images","20-Jul-2026","1445919"
"2368","Normal/Others","WS/MP18211/2024-2025/145465-Construction of roads, link roads, pathways or any other road with or without drainage system","Uttar Pradesh","DEORIA(DISTRICT MAGISTRATE DEORIA)","Gram-Dubauli me Kamla ke ghar se Chedi Yadav ke ghar tak 85 mtr. CC Road ka nirmaan","SHASHANK MANI","DEORIA","Images","06-Aug-2026","620027"
"2369","Normal/Others","WS/MP18211/2024-2025/145464-Construction of roads, link roads, pathways or any other road with or without drainage system","Uttar Pradesh","DEORIA(DISTRICT MAGISTRATE DEORIA)","Ward no.3 Mehda purva me Ajeet Verma ke makaan se Dinesh Ji, evam Ramjanak ke ghar tak 137 mtr. CC road ka nirmaan","SHASHANK MANI","DEORIA","Images","06-Aug-2026","897306"
"2370","Normal/Others","WS/MP18155/2024-2025/141702-Development of public parks","Punjab","HOSHIARPUR(DEPUTY COMMISSIONER HOSHIARPUR_IDA)","Construction of Park","DR. RAJ KUMAR CHABBEWAL","HOSHIARPUR(SC)","N/A","07-Jan-2026","200000"
"2371","Normal/Others","WS/MP18211/2024-2025/145466-Construction of roads, link roads, pathways or any other road with or without drainage system","Uttar Pradesh","DEORIA(DISTRICT MAGISTRATE DEORIA)","Gram-haraiya me Hanuman Ji ke mandir se Kali maa ke mandir tak 137 mtr. CC Road ka nirmaan","SHASHANK MANI","DEORIA","Images","18-Jul-2026","1191985"
"2372","Normal/Others","WS/MP18021/2024-2025/143237-Construction of rooms and facilities for hospitals, FWC , PHC Centers and ANM centers","Assam","GOALPARA(Deputy Commissioner Goalpara_IDA)","Construction of Boundary Wall at Joypur MPHC under Roumari GP","RAKIBUL HUSSAIN","DHUBRI","Images","27-Apr-2026","500000"
"2373","Normal/Others","WS/MP858/2024-2025/144008-Street lights","West Bengal","BIRBHUM(DISTRICT MAGISTRATE BIRBHUM_IDA)","Installation 2 no of highmast street light UNDER  kirnahar -II.Executing Agency will be EO NANOOR PANCHAYAT SAMITY.","Asit Kumar Mal","BOLPUR(SC)","Images","03-Mar-2025","578914"
"2374","Normal/Others","WS/MP18006/2024-2025/139526-Construction of toilet blocks","Andhra Pradesh","CHITTOOR(DISTRICT COLLECTOR CHITTOOR_IDA)","Construction of Toilets to Anganwadi School at Kammapalle HW, Village in Cherlopalli GP of Chittoor rural Mandal, Chittoor Constituency","DAGGUMALLA PRASADA RAO","CHITTOOR","Images","24-Jan-2025","250000"
"2375","Normal/Others","WS/MP858/2024-2025/144033-Street lights","West Bengal","BIRBHUM(DISTRICT MAGISTRATE BIRBHUM_IDA)","Installation 2 no of highmast light under DASKHAL GRAM -II GP,Executing Agency will be EO NANOOR PANCHAYAT SAMITY","Asit Kumar Mal","BOLPUR(SC)","Images","28-Feb-2025","578914"
"2376","Normal/Others","WS/MP761/2024-2025/167290-Construction of community centers and community halls","Telangana","NIZAMABAD(DISTRICT COLLECTOR NIZAMABAD_IDA)","Construction of Artisan shed near Neerugonda Hanuman Temple, Nagaram","Arvind Dharmapuri","NIZAMABAD","N/A","24-Jan-2025","400000"
"2377","Normal/Others","WS/MP858/2024-2025/144030-Street lights","West Bengal","BIRBHUM(DISTRICT MAGISTRATE BIRBHUM_IDA)","Installation 2 no of highmast light under kirnahar -I ,Executing Agency will be EO NANOOR PANCHAYAT SAMITY.","Asit Kumar Mal","BOLPUR(SC)","Images","03-Mar-2025","578914"
"2378","Normal/Others","WS/MP18173/2024-2025/137449-Construction of roads, link roads, pathways or any other road with or without drainage system","Tamil Nadu","TIRUVANNAMALAI(DISTRICT COLLECTOR TIRUVANNAMALAI_IDA)","Providing Cement Concrete Pavement Opposite Mariyamman Koil in Karam Panchayat","THARANIVENTHAN M S","ARANI","Images","25-Jan-2025","299970"
"2379","Normal/Others","WS/MP313/2024-2025/138262-Construction of roads, link roads, pathways or any other road with or without drainage system","Arunachal Pradesh","NAMSAI(Deputy Commisioner Namsai_IDA)","C/o Sand gravel road at Kungsung Village 2nd mile area in Namsai District","Shri Tapir Gao","ARUNACHAL EAST","Images","19-Jun-2025","1000000"
"2380","Normal/Others","WS/MP393/2024-2025/143045-Construction of buildings for community cultural activities","Tamil Nadu","SIVAGANGA(DISTRICT COLLECTOR SIVAGANGA_IDA)","Construction of (MPLADS 2023-24)Near Sivan Kovil Drama Stage in Alangudi Village, Alangudi Panchayat. Kallal Block","Shri Karti P Chidambaram","SIVAGANGA","Images","25-Jan-2025","849864"
"2381","Normal/Others","WS/MP18138/2024-2025/148102-Construction of boundary walls of existing public and community buildings","Mizoram","MAMIT(DEPUTY COMMISSIONER MAMIT)","Construction of Retaining Wall near B Laltluanga House","RICHARD VANLALHMANGAIHA","MIZORAM (ST)","N/A","24-Sep-2025","300000"
"2382","Normal/Others","WS/MP18138/2024-2025/148101-Construction of community centers and community halls","Mizoram","MAMIT(DEPUTY COMMISSIONER MAMIT)","Construction of MHIP House at Lengpui","RICHARD VANLALHMANGAIHA","MIZORAM (ST)","N/A","24-Sep-2025","700000"
"2383","Normal/Others","WS/MP18138/2024-2025/148106-Construction of roads, link roads, pathways or any other road with or without drainage system","Mizoram","MAMIT(DEPUTY COMMISSIONER MAMIT)","Construction of PCC flooring at Vaisamtlang , Lengpui venghlui","RICHARD VANLALHMANGAIHA","MIZORAM (ST)","N/A","24-Sep-2025","1000000"
"2384","Normal/Others","WS/MP18208/2024-2025/150095-Construction of roads, link roads, pathways or any other road with or without drainage system","Uttar Pradesh","BASTI(DISTRICT MAGISTRATE BASTI_IDA)","Construction work of C.C. road in Chandravati Devi Kanya Inter College, Beladi, next to Beladi crossing from Basti Nagar Marg, block Basti Sadar 250 metre","RAM PRASAD CHAUDHARY","BASTI","Images","23-Dec-2025","2372980"
"2385","Normal/Others","WS/MP18208/2024-2025/150096-Construction of roads, link roads, pathways or any other road with or without drainage system","Uttar Pradesh","BASTI(DISTRICT MAGISTRATE BASTI_IDA)","Construction work of C.C. road from Ram Suresh Yadav's house to Parasnath Dubey's garden in village Panchayat Pakdi Japati, Block Gaur 250 metre","RAM PRASAD CHAUDHARY","BASTI","Images","23-Dec-2025","2064410"
"2386","Normal/Others","WS/MP18208/2024-2025/150231-Construction of roads, link roads, pathways or any other road with or without drainage system","Uttar Pradesh","BASTI(DISTRICT MAGISTRATE BASTI_IDA)","Construction work of C.C. road from the house of Suresh Gupta (former Pradhan) to the house of Shiv Pujan in Gram Panchayat Marwatia Babu Revenue Village Nachana, Block Basti Sadar 100 metre","RAM PRASAD CHAUDHARY","BASTI","Images","23-Dec-2025","626226"
"2387","Normal/Others","WS/MP18208/2024-2025/150242-Construction of roads, link roads, pathways or any other road with or without drainage system","Uttar Pradesh","BASTI(DISTRICT MAGISTRATE BASTI_IDA)","Construction work of CC road in Harijan Awadi in Nagara Boudihar, Block Bankati 200 metre","RAM PRASAD CHAUDHARY","BASTI","Images","23-Dec-2025","2149370"
"2388","Normal/Others","WS/MP18208/2024-2025/150243-Construction of roads, link roads, pathways or any other road with or without drainage system","Uttar Pradesh","BASTI(DISTRICT MAGISTRATE BASTI_IDA)","Construction work of C.C. road from Vishunpurwa Hanumanganj main road to Degree College via Ram Sumer Chaudhary Intercollege, Block saltauwa gopalpur 100 metre","RAM PRASAD CHAUDHARY","BASTI","Images","24-Dec-2025","903408"
"2389","Normal/Others","WS/MP18208/2024-2025/150229-Construction of roads, link roads, pathways or any other road with or without drainage system","Uttar Pradesh","BASTI(DISTRICT MAGISTRATE BASTI_IDA)","Interlocking road construction work from Sukhai Chaudhary's house to Ram Suresh Chaudhary's house in village Jogia Judi Kuiya block saltaua gopalpur 100 metre","RAM PRASAD CHAUDHARY","BASTI","Images","23-Dec-2025","640622"
"2390","Normal/Others","WS/MP18208/2024-2025/150236-Construction of roads, link roads, pathways or any other road with or without drainage system","Uttar Pradesh","BASTI(DISTRICT MAGISTRATE BASTI_IDA)","Construction work of CC road from Pradhan Mantri Road to Nanhe's house in village Hatwa Bazar, Rudhauli Block 100 metre","RAM PRASAD CHAUDHARY","BASTI","Images","23-Dec-2025","638380"
"2391","Normal/Others","WS/MP18173/2024-2025/139197-Providing drains and gutters for public drainage","Tamil Nadu","TIRUVANNAMALAI(DISTRICT COLLECTOR TIRUVANNAMALAI_IDA)","Providing Side Drainage in Ward No.9 at Arani Municipality","THARANIVENTHAN M S","ARANI","Images","29-Jan-2025","998988"
"2392","Normal/Others","WS/MP18211/2024-2025/140375-Construction of roads, link roads, pathways or any other road with or without drainage system","Uttar Pradesh","DEORIA(DISTRICT MAGISTRATE DEORIA)","Gram - karanpururf pacafera vikas khand - Deoria me sampat ke makaan se Bhunel ke makaan ki or CC Road lagbhag - 115 mtr","SHASHANK MANI","DEORIA","Images","07-Aug-2025","989076"
"2393","Normal/Others","WS/MP18208/2024-2025/150235-Construction of roads, link roads, pathways or any other road with or without drainage system","Uttar Pradesh","BASTI(DISTRICT MAGISTRATE BASTI_IDA)","Construction work of C.C. road from the pich road to the house of Ram Subhag on the Gram Panchayat Kohrayan Pachauri Marg, block Parasrampur 100 metre","RAM PRASAD CHAUDHARY","BASTI","Images","23-Dec-2025","640858"
"2394","Normal/Others","WS/MP18211/2024-2025/140377-Construction of roads, link roads, pathways or any other road with or without drainage system","Uttar Pradesh","DEORIA(DISTRICT MAGISTRATE DEORIA)","Gram - Bhaisadabar, vikas khand - Pathardewa me Ramlaxman ke makaan se Shiv mandir ki or CC Road lagbhag 120 mtr","SHASHANK MANI","DEORIA","Images","07-Aug-2025","999106"
"2395","Normal/Others","WS/MP18208/2024-2025/150238-Construction of roads, link roads, pathways or any other road with or without drainage system","Uttar Pradesh","BASTI(DISTRICT MAGISTRATE BASTI_IDA)","Construction work of C.C. road from the house of Kanik Ram Yadav to the house of Satyadev Verma, Chhotelal Verma in village Raghavapur,  block Parasrampur 50 metre","RAM PRASAD CHAUDHARY","BASTI","Images","23-Dec-2025","326506"
"2396","Normal/Others","WS/MP18211/2024-2025/140378-Construction of roads, link roads, pathways or any other road with or without drainage system","Uttar Pradesh","DEORIA(DISTRICT MAGISTRATE DEORIA)","Gram - Turak Patti, vikas khand - pathardewa me Ramagya Yadav ke makaan se Banwari Sharma ke ghar se hote hue Basdila ki or CC Road lagbhag 110 mtr","SHASHANK MANI","DEORIA","Images","07-Aug-2025","978692"
"2397","Normal/Others","WS/MP18211/2024-2025/140379-Construction of roads, link roads, pathways or any other road with or without drainage system","Uttar Pradesh","DEORIA(DISTRICT MAGISTRATE DEORIA)","Gram - Tirmasahun, vikas khand - Pathardewa, me Hanuman Chowk se Yogendra Prasad ke ghar ki or CC Road lagbhag 115 mtr","SHASHANK MANI","DEORIA","Images","07-Aug-2025","989312"
"2398","Normal/Others","WS/MP18211/2024-2025/140381-Construction of roads, link roads, pathways or any other road with or without drainage system","Uttar Pradesh","DEORIA(DISTRICT MAGISTRATE DEORIA)","Gram - Baikunthpur, vikas khand - Rampur Karkhana me Ajeet ke ghar se Ramesh Yadav ke ghar ki or CC Road lagbhag 120 mtr","SHASHANK MANI","DEORIA","Images","07-Aug-2025","854674"
"2399","Normal/Others","WS/MP18208/2024-2025/150241-Construction of roads, link roads, pathways or any other road with or without drainage system","Uttar Pradesh","BASTI(DISTRICT MAGISTRATE BASTI_IDA)","Construction work of C.C. road from pitch road to Hublal Yadav's house in village Padri, block  Bakanti 200 metre","RAM PRASAD CHAUDHARY","BASTI","Images","23-Dec-2025","2027948"
"2400","Normal/Others","WS/MP18211/2024-2025/140380-Construction of roads, link roads, pathways or any other road with or without drainage system","Uttar Pradesh","DEORIA(DISTRICT MAGISTRATE DEORIA)","Gram - Pandey Chak, vikas khand - patherdewa me Praduman Pandey ke ghar se Avinash Chaubey ke ghar ki or CC Road lagbhag 135 mtr","SHASHANK MANI","DEORIA","Images","07-Aug-2025","944354"
"2401","Normal/Others","WS/MP18211/2024-2025/140382-Construction of roads, link roads, pathways or any other road with or without drainage system","Uttar Pradesh","DEORIA(DISTRICT MAGISTRATE DEORIA)","Gram - Kamdhenwa, vikas khand - Rampur Karkhana me Gopal ji ke khet se Paramhansh ji ke chez tak CC Road lagbhag 110 mtr","SHASHANK MANI","DEORIA","Images","07-Aug-2025","968898"
"2402","Normal/Others","WS/MP18102/2024-2025/160401-Construction of bus-sheds or bus-stops","Madhya Pradesh","DHAR(DISTRICT COLLECTOR DHAR_IDA)","piliyamota","SAVITRI THAKUR","DHAR(ST)","Images","10-Mar-2025","259942"
"2403","Normal/Others","WS/MP18102/2024-2025/160404-Construction of bus-sheds or bus-stops","Madhya Pradesh","DHAR(DISTRICT COLLECTOR DHAR_IDA)","kesharpura sulibayadi ashram ke pas","SAVITRI THAKUR","DHAR(ST)","Images","10-Mar-2025","259942"
"2404","Normal/Others","WS/MP18102/2024-2025/160438-Construction of bus-sheds or bus-stops","Madhya Pradesh","DHAR(DISTRICT COLLECTOR DHAR_IDA)","ratlam road sonu restrorent chouraha","SAVITRI THAKUR","DHAR(ST)","Images","10-Mar-2025","259942"
"2405","Normal/Others","WS/MP18102/2024-2025/160405-Construction of bus-sheds or bus-stops","Madhya Pradesh","DHAR(DISTRICT COLLECTOR DHAR_IDA)","ambasoti","SAVITRI THAKUR","DHAR(ST)","Images","10-Mar-2025","259942"
"2406","Normal/Others","WS/MP18102/2024-2025/160408-Construction of bus-sheds or bus-stops","Madhya Pradesh","DHAR(DISTRICT COLLECTOR DHAR_IDA)","bus sheds dewala","SAVITRI THAKUR","DHAR(ST)","Images","10-Mar-2025","259942"
"2407","Normal/Others","WS/MP18102/2024-2025/160394-Construction of bus-sheds or bus-stops","Madhya Pradesh","DHAR(DISTRICT COLLECTOR DHAR_IDA)","hai school jane ke raste par dharampuri road","SAVITRI THAKUR","DHAR(ST)","Images","10-Mar-2025","259942"
"2408","Normal/Others","WS/MP18102/2024-2025/159305-Construction of bus-sheds or bus-stops","Madhya Pradesh","DHAR(DISTRICT COLLECTOR DHAR_IDA)","palash chouraha","SAVITRI THAKUR","DHAR(ST)","Images","10-Mar-2025","259942"
"2409","Normal/Others","WS/MP18102/2024-2025/159303-Construction of bus-sheds or bus-stops","Madhya Pradesh","DHAR(DISTRICT COLLECTOR DHAR_IDA)","mandav road","SAVITRI THAKUR","DHAR(ST)","Images","10-Mar-2025","259942"
"2410","Normal/Others","WS/MP18102/2024-2025/159302-Construction of bus-sheds or bus-stops","Madhya Pradesh","DHAR(DISTRICT COLLECTOR DHAR_IDA)","gujari","SAVITRI THAKUR","DHAR(ST)","Images","10-Mar-2025","259942"
"2411","Normal/Others","WS/MP18102/2024-2025/159301-Construction of bus-sheds or bus-stops","Madhya Pradesh","DHAR(DISTRICT COLLECTOR DHAR_IDA)","faraspura","SAVITRI THAKUR","DHAR(ST)","Images","10-Mar-2025","259942"
"2412","Normal/Others","WS/MP18102/2024-2025/159299-Construction of bus-sheds or bus-stops","Madhya Pradesh","DHAR(DISTRICT COLLECTOR DHAR_IDA)","bagwaniya","SAVITRI THAKUR","DHAR(ST)","Images","10-Mar-2025","259942"
"2413","Normal/Others","WS/MP18102/2024-2025/159297-Construction of bus-sheds or bus-stops","Madhya Pradesh","DHAR(DISTRICT COLLECTOR DHAR_IDA)","sundrel","SAVITRI THAKUR","DHAR(ST)","Images","10-Mar-2025","259942"
"2414","Normal/Others","WS/MP18102/2024-2025/160410-Construction of bus-sheds or bus-stops","Madhya Pradesh","DHAR(DISTRICT COLLECTOR DHAR_IDA)","bus sheds dholahanuma","SAVITRI THAKUR","DHAR(ST)","Images","10-Mar-2025","259942"
"2415","Normal/Others","WS/MP18102/2024-2025/160412-Construction of bus-sheds or bus-stops","Madhya Pradesh","DHAR(DISTRICT COLLECTOR DHAR_IDA)","bus sheds jobat fata","SAVITRI THAKUR","DHAR(ST)","Images","10-Mar-2025","259942"
"2416","Normal/Others","WS/MP18102/2024-2025/160414-Construction of bus-sheds or bus-stops","Madhya Pradesh","DHAR(DISTRICT COLLECTOR DHAR_IDA)","bus sheds kashtbhanjan","SAVITRI THAKUR","DHAR(ST)","Images","10-Mar-2025","259942"
"2417","Normal/Others","WS/MP18102/2024-2025/160426-Construction of bus-sheds or bus-stops","Madhya Pradesh","DHAR(DISTRICT COLLECTOR DHAR_IDA)","bus sheds bus stand ringnod","SAVITRI THAKUR","DHAR(ST)","Images","10-Mar-2025","259942"
"2418","Normal/Others","WS/MP18102/2024-2025/160428-Construction of bus-sheds or bus-stops","Madhya Pradesh","DHAR(DISTRICT COLLECTOR DHAR_IDA)","jetpura tiraha indore ratlam road bus sheds","SAVITRI THAKUR","DHAR(ST)","Images","10-Mar-2025","259942"
"2419","Normal/Others","WS/MP18102/2024-2025/160429-Construction of bus-sheds or bus-stops","Madhya Pradesh","DHAR(DISTRICT COLLECTOR DHAR_IDA)","modi petrol pump ke pahle indore ahmdabad road bus shed","SAVITRI THAKUR","DHAR(ST)","Images","10-Mar-2025","259942"
"2420","Normal/Others","WS/MP18102/2024-2025/160432-Construction of bus-sheds or bus-stops","Madhya Pradesh","DHAR(DISTRICT COLLECTOR DHAR_IDA)","gulab chakkar  shyam dhabe ke samne","SAVITRI THAKUR","DHAR(ST)","Images","10-Mar-2025","259942"
"2421","Normal/Others","WS/MP444/2024-2025/149425-Construction of common work sheds/ common covered sitting area","Madhya Pradesh","HARDA(District Collector Harda_IDA)","L.No. 211 Dt. 23.10.2024 Police Line Harda me pared ground me Shahid Smarak ke baju me Shade nirman ward No. 32 Shahid Deepsingh Ward","Durga Das Uikey","BETUL(ST)","N/A","31-Dec-2025","1321924"
"2422","Normal/Others","WS/MP858/2024-2025/158016-Construction of roads, link roads, pathways or any other road with or without drainage system","West Bengal","BIRBHUM(DISTRICT MAGISTRATE BIRBHUM_IDA)","Construction of cc road from majhi pukur to Dhopabandhi par at Angora village, under uchkaron GP Executing Agency will be EO NANOOR PANCHAYAT SAMITY.","Asit Kumar Mal","BOLPUR(SC)","Images","28-Feb-2025","498811"
"2423","Normal/Others","WS/MP485/2024-2025/137225-Street lights","West Bengal","South 24 Parganas(DISTRICT MAGISTRATE SOUTH TWENTY FOUR PARGANAS_IDA)","Instalation of Electrically operated High-Mast Light at 7 No More under Amjhara GP","Pratima Mondal","JOYNAGAR(SC)","Images","27-Jan-2025","199374"
"2424","Normal/Others","WS/MP485/2024-2025/137226-Street lights","West Bengal","South 24 Parganas(DISTRICT MAGISTRATE SOUTH TWENTY FOUR PARGANAS_IDA)","Instalation of Electrically operated High-Mast Light at Amjhara Nerir More under Amjhara GP","Pratima Mondal","JOYNAGAR(SC)","Images","27-Jan-2025","199517"
"2425","Normal/Others","WS/MP18199/2024-2025/135923-Construction of roads, link roads, pathways or any other road with or without drainage system","Uttar Pradesh","AMBEDKAR NAGAR(DISTRICT MAGISTRATE AMBEDKAR NAGAR_IDA)","HILALPUR VISHNU KE GHA SE HAR DAYAL KE GHAR TAK CC KARYA DURI 140M","LALJI VERMA","AMBEDKAR NAGAR","N/A","27-Oct-2025","997443"
"2426","Normal/Others","WS/MP18199/2024-2025/135924-Providing drains and gutters for public drainage","Uttar Pradesh","AMBEDKAR NAGAR(DISTRICT MAGISTRATE AMBEDKAR NAGAR_IDA)","GRAM PANCHAYAT MUKUNDPUR ME KOLHUWA MAJARE SHRI VINOD VERMA KE GHAR SE GUDAIYA TALAB TAK NALI NIRMAN KARYA DURI 225M","LALJI VERMA","AMBEDKAR NAGAR","N/A","27-Oct-2025","1046028"
"2427","Normal/Others","WS/MP598/2024-2025/149648-Construction of roads, link roads, pathways or any other road with or without drainage system","Himachal Pradesh","SIRMAUR(DEPUTY COMMISSIONER SIRMOUR_IDA)","C/o Ambulance Road Main Road Bambal to Uperla Kandolani GP Bambal Executive Agency BDO Shillai","Suresh Kumar Kashyap","SHIMLA (SC)","N/A","17-Oct-2025","150000"
"2428","Normal/Others","WS/MP710/2024-2025/157150-Construction of roads, link roads, pathways or any other road with or without drainage system","Puducherry","Puducherry(PROJECT DIRECTOR RDA PUDUCHERRY_IDA)","Formation of Road for Dhanalakshmi Colony, kanakalapeta, Yanam, Puducherry","Vaithilingam Ve","Puducherry","N/A","28-Jan-2025","1820043"
"2429","Normal/Others","WS/MP499/2024-2025/160913-Purchase of furniture and fixtures for educational purposes","West Bengal","BIRBHUM(DISTRICT MAGISTRATE BIRBHUM_IDA)","Purchase of furniture and fixtures for education, Executive Agency - Head Master Sekedda High School.","Smt Satabdi Roy (Banerjee)","BIRBHUM","Images","22-Jul-2026","300000"
"2430","Normal/Others","WS/MP18328/2024-2025/149980-Construction of footpaths and pedestrian ways","Himachal Pradesh","CHAMBA(DEPUTY COMMISSIONER CHAMBA_IDA)","Laying of Interlock Tiles from Khatedpal Mandir to Jagdish Chand House Palan, in GP Poolan.Work Execute By:- BDO Bharmour","Kangana Ranaut","MANDI","N/A","13-May-2025","400000"
"2431","Normal/Others","WS/MP18043/2024-2025/140407-Construction of footpaths and pedestrian ways","Bihar","KAIMUR (BHABUA)(DISTRICT PLANNING OFFICER KAIMUR BHABUA_IDA)","Samudayik Bhawan ke school hote hue main road tak pcc nirman kary length 600 feet","MANOJ KUMAR","SASARAM(SC)","N/A","28-Jan-2025","883044"
"2432","Normal/Others","WS/MP18032/2024-2025/137009-Installing tube-wells and borewells","Bihar","KAIMUR (BHABUA)(DISTRICT PLANNING OFFICER KAIMUR BHABUA_IDA)","N/A","SUDHAKAR SINGH","BUXAR","N/A","28-Jan-2025","231640"
"2433","Normal/Others","WS/MP18032/2024-2025/137013-Construction of boundary walls of existing public and community buildings","Bihar","KAIMUR (BHABUA)(DISTRICT PLANNING OFFICER KAIMUR BHABUA_IDA)","Boundary wall of High School, Baijnath","SUDHAKAR SINGH","BUXAR","N/A","23-Aug-2025","495706"
"2434","Normal/Others","WS/MP484/2024-2025/155949-Street lights","West Bengal","KOLKATA(COMMISSIONER KOLKATA MUNICIPAL CORPORATION_IDA)","INSTALLATION OF STREET LIGHTING SYSTEM BY LED FITTINGS WITH POLES AT JAMES LONG SARANI IN WARD 123.","Mala Roy","KOLKATA DAKSHIN","Images","18-Jun-2025","493798"
"2435","Normal/Others","WS/MP18032/2024-2025/137001-Construction of community centers and community halls","Bihar","KAIMUR (BHABUA)(DISTRICT PLANNING OFFICER KAIMUR BHABUA_IDA)","Construction of community hall at Narhan","SUDHAKAR SINGH","BUXAR","N/A","16-Feb-2026","711037"
"2436","Normal/Others","WS/MP484/2024-2025/155956-Street lights","West Bengal","KOLKATA(COMMISSIONER KOLKATA MUNICIPAL CORPORATION_IDA)","INSTALLATION OF STREET LIGHTING SYSTEM BY LED FITTINGS WITH POLES AT SANTOSH ROY ROAD AND MOTILAL GUPTA ROAD IN WARD 123.","Mala Roy","KOLKATA DAKSHIN","Images","18-Jun-2025","495163"
"2437","Normal/Others","WS/MP18056/2024-2025/141640-Construction of roads, link roads, pathways or any other road with or without drainage system","Gujarat","MORBI(District collector Morbi_IDA)","Pavar Block work from Mahendrasinh Devubha House to Meldi Mataji Temple at Village Neknam","PARSHOTTAMBHAI RUPALA","RAJKOT","Images","28-Jan-2025","500000"
"2438","Normal/Others","WS/MP013/2024-2025/146441-Construction of flood control embankments/ protection walls along riverbanks, hilltops, roadsides","Sikkim","Gangtok(DISTRICT COLLECTOR EAST DISTRICT_IDA)","Construction of protective wall for village footpath near the house of Mr.P.T Bhutia at Middle Luing","Indra Hang Subba","SIKKIM","N/A","06-Nov-2025","3199986"
"2439","Normal/Others","WS/MP823/2024-2025/139551-Construction of buildings for crèches and anganwadies","West Bengal","NADIA(DISTRICT MAGISTRATE NADIA_IDA)","Construction of a ICDS Centre No 105 Near Nittyapada Roy  house at Nangla under Dogachhia GP, Nakashipara Block, Nadia.","Ms Mahua Moitra","KRISHNANAGAR","Images","31-Jan-2025","849349"
"2440","Normal/Others","WS/MP18253/2024-2025/141452-Installing tube-wells and borewells","West Bengal","South 24 Parganas(DISTRICT MAGISTRATE SOUTH TWENTY FOUR PARGANAS_IDA)","Sinking of tubewell at Nebutala near Panchanan Maity house.Dag No-2219,JL No-13","BAPI HALDAR","MATHURAPUR(SC)","N/A","01-Feb-2025","220585"
"2441","Normal/Others","WS/MP18235/2024-2025/144418-Construction of roads, link roads, pathways or any other road with or without drainage system","Uttar Pradesh","RAMPUR(DISTRICT MAGISTRATE RAMPUR_IDA)","CONSTRUCTION OF CC ROAD AND DRAIN FROM MADARSA TOWARDS  RIYASAT ’S HOUSE IN THE VILLAGE OF AHMADPUR BLOCK SAIDNAGAR (I.A. RED Rampur)","MOHIBBULLAH","RAMPUR","N/A","29-Jan-2025","323053"
"2442","Normal/Others","WS/MP18102/2024-2025/159148-Construction of community centers and community halls","Madhya Pradesh","DHAR(DISTRICT COLLECTOR DHAR_IDA)","punarvas sthal par ward 4 me manglik bhavan","SAVITRI THAKUR","DHAR(ST)","Images","30-Aug-2025","994284"
"2443","Normal/Others","WS/MP858/2024-2025/144031-Street lights","West Bengal","BIRBHUM(DISTRICT MAGISTRATE BIRBHUM_IDA)","Installation 2 no highmast light under DASKHAL GRAM GP, Executing Agency will be EO NANOOR PANCHAYAT SAMITY.","Asit Kumar Mal","BOLPUR(SC)","Images","03-Mar-2025","578914"
"2444","Normal/Others","WS/MP18173/2024-2025/137918-Construction of roads, link roads, pathways or any other road with or without drainage system","Tamil Nadu","TIRUVANNAMALAI(DISTRICT COLLECTOR TIRUVANNAMALAI_IDA)","Providing Cement Concrete Pavement at Pattankulam Vasantham 2nd Street at Athimalaipattu Panchayat","THARANIVENTHAN M S","ARANI","N/A","02-Apr-2026","499500"
"2445","Normal/Others","WS/MP18102/2024-2025/159147-Construction of community centers and community halls","Madhya Pradesh","DHAR(DISTRICT COLLECTOR DHAR_IDA)","gram lunhera me ward 17 me dhansingh ke ghar ke pas  samudaik bhavan nirman","SAVITRI THAKUR","DHAR(ST)","Images","23-Feb-2026","499405"
"2446","Normal/Others","WS/MP858/2024-2025/144003-Street lights","West Bengal","BIRBHUM(DISTRICT MAGISTRATE BIRBHUM_IDA)","Installation 2 no of highmast street light under jalandi GP,Executing AGENCY will be EO NANOOR PANCHAYAT SAMITY.","Asit Kumar Mal","BOLPUR(SC)","Images","03-Mar-2025","578914"
"2447","Normal/Others","WS/MP313/2024-2025/138768-Construction of roads, link roads, pathways or any other road with or without drainage system","Arunachal Pradesh","LOHIT(DEPUTY COMMISSIONER LOHIT_IDA)","C/o GSB Road at GK Glat Village under Wakro Circle in Lohit District","Shri Tapir Gao","ARUNACHAL EAST","Images","19-Jun-2025","1000000"
"2448","Normal/Others","WS/MP18218/2024-2025/149626-Construction of roads, link roads, pathways or any other road with or without drainage system","Uttar Pradesh","HAPUR(DISTRICT MAGISTRATE HAPUR_IDA)","CONSTRUCTION OF CC ROAD IN VILLAGE KARANPUR JATT (FROM HOUSE OF JAIKISHAN BABA TO PANCHAYAT BHAWAN)","ATUL GARG","GHAZIABAD","Images","11-Jun-2025","988479"
"2449","Normal/Others","WS/MP18218/2024-2025/149625-Construction of roads, link roads, pathways or any other road with or without drainage system","Uttar Pradesh","HAPUR(DISTRICT MAGISTRATE HAPUR_IDA)","CONSTRUCTION OF CC ROAD IN VILLAGE KARANPUR JATT (FROM HOUSE OF DHANPAL TO HOUSE OF DEVDAT SHARMA) DISTANCE 113 METERS","ATUL GARG","GHAZIABAD","Images","11-Jun-2025","983073"
"2450","Normal/Others","WS/MP485/2024-2025/137227-Street lights","West Bengal","South 24 Parganas(DISTRICT MAGISTRATE SOUTH TWENTY FOUR PARGANAS_IDA)","Instalation of Electrically operated High-Mast Light at Titkumar Hajir More under Amjhara GP","Pratima Mondal","JOYNAGAR(SC)","Images","28-Jan-2025","198613"
"2451","Normal/Others","WS/MP18359/2024-2025/146581-Construction of roads, link roads, pathways or any other road with or without drainage system","Uttar Pradesh","HAPUR(DISTRICT MAGISTRATE HAPUR_IDA)","Block garhmukteshwar ke Nayagaon Inayatpur mein Krishna Pal Pradhan Ji ki dukan se Horam ke Makan ki or 121 meter CC road evam nali Nirman (RED Hapur)","KANWAR SINGH TANWAR","AMROHA","N/A","30-Jan-2025","896871"
"2452","Normal/Others","WS/MP18359/2024-2025/146579-Construction of roads, link roads, pathways or any other road with or without drainage system","Uttar Pradesh","HAPUR(DISTRICT MAGISTRATE HAPUR_IDA)","Block Simbhaoli ke gram Dayanagar mein mukhya Marg se Omkar Singh ke Makan ki or 65 meter CC road evam nali Nirman (RED Hapur)","KANWAR SINGH TANWAR","AMROHA","Images","07-Feb-2025","461840"
"2453","Normal/Others","WS/MP18359/2024-2025/146577-Construction of roads, link roads, pathways or any other road with or without drainage system","Uttar Pradesh","HAPUR(DISTRICT MAGISTRATE HAPUR_IDA)","Block Simbhaoli ke gram Dhanpura mein Sunil ke Makan se Brahampal ke Makan ki or 93 meter CC road evam Nali Nirman (RED Hapur)","KANWAR SINGH TANWAR","AMROHA","Images","07-Feb-2025","620488"
"2454","Normal/Others","WS/MP18359/2024-2025/146578-Construction of roads, link roads, pathways or any other road with or without drainage system","Uttar Pradesh","HAPUR(DISTRICT MAGISTRATE HAPUR_IDA)","Block Simbhaoli ke gram High court mein mukhya Marg per Kailash ke Makan se Naresh ke Makan ki or 79 meter CC road evam Nali Nirman (RED Hapur)","KANWAR SINGH TANWAR","AMROHA","Images","07-Feb-2025","748154"
"2455","Normal/Others","WS/MP18359/2024-2025/146580-Construction of roads, link roads, pathways or any other road with or without drainage system","Uttar Pradesh","HAPUR(DISTRICT MAGISTRATE HAPUR_IDA)","Block Simbhaoli ke gram Mukteshwara mein Bhagat Singh ke Makan se Dhiraj ke Makan ki or 114 meter CC road evam  nali Nirman (RED Hapur)","KANWAR SINGH TANWAR","AMROHA","Images","07-Feb-2025","818009"
"2456","Normal/Others","WS/MP329/2024-2025/158915-Improvement of electricity distribution infrastructure","Haryana","BHIWANI(DC Cum Nodal Officer MPLADS Bhiwani)","Shifting of 11KV Jhanwari AP feeder passing over the JBDM School of Village Saral (Total cost 89000/- already released Rs. 43000/- balance amount 46000/-, Rs 43000/- already recommend by Hob'ble MP Dharambir Singh 17th Lok Sabha Letter No. LN/MP329/2023-2024/8 dated 18.09.2023)","Shri  Dharambir Singh","BHIWANI MAHENDRAGARH","N/A","12-Dec-2025","46000"
"2457","Normal/Others","WS/MP18121/2024-2025/146649-Providing drains and gutters for public drainage","Maharashtra","JALGAON(DISTRICT COLLECTOR JALGAON_IDA)","Construction of RCC drain from the house of Mr. Bapu Kamble to the house of Ayub Rasul Khan in the slum area on Ghat Road, Chalisgaon city","SMITA UDAY WAGH","JALGAON","Images","29-Jan-2025","699000"
"2458","Normal/Others","WS/MP761/2024-2025/167981-Construction of boundary walls of existing public and community buildings","Telangana","NIZAMABAD(DISTRICT COLLECTOR NIZAMABAD_IDA)","Construction of Boundary wall to existing community hall in Yadava Wada","Arvind Dharmapuri","NIZAMABAD","N/A","29-Jan-2025","300000"
"2459","Normal/Others","WS/MP423/2024-2025/138448-Construction of roads, link roads, pathways or any other road with or without drainage system","West Bengal","South 24 Parganas(DISTRICT MAGISTRATE SOUTH TWENTY FOUR PARGANAS_IDA)","Construction of C.C road from H/O Ayesh Pramanik towards Ghuna Naru's House. (69 mtr)","Shri Abhishek Banerjee","DIAMOND HARBOUR","Images","29-Jan-2025","235581"
"2460","Normal/Others","WS/MP423/2024-2025/138452-Construction of roads, link roads, pathways or any other road with or without drainage system","West Bengal","South 24 Parganas(DISTRICT MAGISTRATE SOUTH TWENTY FOUR PARGANAS_IDA)","Construction of C.C road from Jora Kali Mandir towards H/O Laxman Das at Gotberia. (42 mtr)","Shri Abhishek Banerjee","DIAMOND HARBOUR","Images","07-Feb-2025","149635"
"2461","Normal/Others","WS/MP18250/2024-2025/139002-Construction of water tanks","West Bengal","North 24 Parganas(DISTRICT MAGISTRATE NORTH TWENTY FOUR PARGANAS_IDA)","Installation of 5 nos. Arsenic Free Water Tank at different places under Hasnabad Block (SL.No. 1 to 5)","SK NURUL ISLAM","BASIRHAT","Images","27-Aug-2026","1749119"
"2462","Normal/Others","WS/MP640/2024-2025/157591-Construction of culverts and bridges","Madhya Pradesh","MANDLA(DISTRICT COLLECTOR MANDLA_IDA)","Gram arauli ke tadta nala me pulia nirman karya.","Faggan Singh Kulaste","MANDLA(ST)","Images","06-Jul-2025","500000"
"2463","Normal/Others","WS/MP18108/2024-2025/162827-Construction of roads, link roads, pathways or any other road with or without drainage system","Madhya Pradesh","SAGAR(DISTRICT COLLECTOR SAGAR_IDA)","Gram Panchayat Mothi Me Aganwadi kendra no. 02 se parikshat patel ke makan ki or C.C. Road Nirman Karya Hetu.","DR. LATA WANKHEDE","SAGAR","N/A","29-Oct-2025","500000"
"2464","Normal/Others","WS/MP18165/2024-2025/141159-Providing drains and gutters for public drainage","Rajasthan","JAIPUR(DISTRICT COLLECTOR JAIPUR_IDA)","bagru vidhansabha ka ward no. 104 ka rameshwar colony tonk road ma civir line nirman","MANJU SHARMA","JAIPUR","Images","19-Feb-2026","612876"
"2465","Normal/Others","WS/MP640/2024-2025/158766-Construction of roads, link roads, pathways or any other road with or without drainage system","Madhya Pradesh","MANDLA(DISTRICT COLLECTOR MANDLA_IDA)","sukal ke ghar se muktidham (Stap Dem) tak CC road nirman.","Faggan Singh Kulaste","MANDLA(ST)","Images","09-Nov-2025","499823"
"2466","Normal/Others","WS/MP640/2024-2025/158762-Construction of culverts and bridges","Madhya Pradesh","MANDLA(DISTRICT COLLECTOR MANDLA_IDA)","gram panchayat khohri , janpad panchyat mandla ke gram khohri me Chhatar ke ghar se sukhlal ke ghar tak cc road .","Faggan Singh Kulaste","MANDLA(ST)","Images","08-Dec-2025","500000"
"2467","Normal/Others","WS/MP640/2024-2025/158761-Construction of culverts and bridges","Madhya Pradesh","MANDLA(DISTRICT COLLECTOR MANDLA_IDA)","Gram Salhe Danda me puliya nirman.","Faggan Singh Kulaste","MANDLA(ST)","Images","09-Nov-2025","499306"
"2468","Normal/Others","WS/MP313/2024-2025/151644-Construction of boundary walls of existing public and community buildings","Arunachal Pradesh","EAST SIANG(Deputy Commisioner East Siang_IDA)","C/o Retaining wall at Ruksin in East Siang District","Shri Tapir Gao","ARUNACHAL EAST","N/A","31-Jan-2025","1000000"
"2469","Normal/Others","WS/MP18338/2024-2025/156134-Street lights","Telangana","YADADRI BHUVANAGIRI(DISTRICT COLLECTOR YADADRI BHUVANAGIRI_IDA)","PROVIDING OF STREET LIGHTS IN VALUTHANDA","CHAMALA KIRAN KUMAR REDDY","BHONGIR","N/A","29-Jan-2025","100000"
"2470","Normal/Others","WS/MP18338/2024-2025/155961-Street lights","Telangana","YADADRI BHUVANAGIRI(DISTRICT COLLECTOR YADADRI BHUVANAGIRI_IDA)","PROVIDING OF STREET LIGHTS IN PEDDA PARVATHAPURAM VILLAGE","CHAMALA KIRAN KUMAR REDDY","BHONGIR","N/A","29-Jan-2025","100000"
"2471","Normal/Others","WS/MP18338/2024-2025/155960-Street lights","Telangana","YADADRI BHUVANAGIRI(DISTRICT COLLECTOR YADADRI BHUVANAGIRI_IDA)","PROVIDING OF STREET LIGHTS IN PYARARAM VILLAGE","CHAMALA KIRAN KUMAR REDDY","BHONGIR","N/A","29-Jan-2025","100000"
"2472","Normal/Others","WS/MP18338/2024-2025/155958-Street lights","Telangana","YADADRI BHUVANAGIRI(DISTRICT COLLECTOR YADADRI BHUVANAGIRI_IDA)","PROVIDING OF STREET LIGHTS IN LAXMITHANDA VILLAGE","CHAMALA KIRAN KUMAR REDDY","BHONGIR","N/A","29-Jan-2025","100000"
"2473","Normal/Others","WS/MP18338/2024-2025/155957-Street lights","Telangana","YADADRI BHUVANAGIRI(DISTRICT COLLECTOR YADADRI BHUVANAGIRI_IDA)","PROVIDING OF STREET LIGHTS IN TIRUMALAGIRI VILLAGE","CHAMALA KIRAN KUMAR REDDY","BHONGIR","N/A","29-Jan-2025","100000"
"2474","Normal/Others","WS/MP18338/2024-2025/155962-Street lights","Telangana","YADADRI BHUVANAGIRI(DISTRICT COLLECTOR YADADRI BHUVANAGIRI_IDA)","PROVIDING OF STREET LIGHTS IN NAGINENIPALLY VILLAGE","CHAMALA KIRAN KUMAR REDDY","BHONGIR","N/A","29-Jan-2025","100000"
"2475","Normal/Others","WS/MP18338/2024-2025/156131-Street lights","Telangana","YADADRI BHUVANAGIRI(DISTRICT COLLECTOR YADADRI BHUVANAGIRI_IDA)","PROVIDING OF STREET LIGHTS IN BADDU THANDA","CHAMALA KIRAN KUMAR REDDY","BHONGIR","N/A","29-Jan-2025","100000"
"2476","Normal/Others","WS/MP18338/2024-2025/156132-Street lights","Telangana","YADADRI BHUVANAGIRI(DISTRICT COLLECTOR YADADRI BHUVANAGIRI_IDA)","PROVIDING OF STREET LIGHTS IN RAMOJI NAYAK THANDA","CHAMALA KIRAN KUMAR REDDY","BHONGIR","N/A","29-Jan-2025","100000"
"2477","Normal/Others","WS/MP18338/2024-2025/156133-Street lights","Telangana","YADADRI BHUVANAGIRI(DISTRICT COLLECTOR YADADRI BHUVANAGIRI_IDA)","PROVIDING OF STREET LIGHTS IN SANGYA THANDA","CHAMALA KIRAN KUMAR REDDY","BHONGIR","N/A","29-Jan-2025","100000"
"2478","Normal/Others","WS/MP18338/2024-2025/155954-Street lights","Telangana","YADADRI BHUVANAGIRI(DISTRICT COLLECTOR YADADRI BHUVANAGIRI_IDA)","PROVIDING OF STREET LIGHTS IN PEDDATHANDA VILLAGE","CHAMALA KIRAN KUMAR REDDY","BHONGIR","N/A","29-Jan-2025","100000"
"2479","Normal/Others","WS/MP18338/2024-2025/155955-Street lights","Telangana","YADADRI BHUVANAGIRI(DISTRICT COLLECTOR YADADRI BHUVANAGIRI_IDA)","PROVIDING OF STREET LIGHTS IN GOLLAGUDEM VILLAGE","CHAMALA KIRAN KUMAR REDDY","BHONGIR","N/A","29-Jan-2025","100000"
"2480","Normal/Others","WS/MP18338/2024-2025/156130-Street lights","Telangana","YADADRI BHUVANAGIRI(DISTRICT COLLECTOR YADADRI BHUVANAGIRI_IDA)","PROVIDING OF STREET LIGHTS IN BEELYA THANDA","CHAMALA KIRAN KUMAR REDDY","BHONGIR","N/A","29-Jan-2025","100000"
"2481","Normal/Others","WS/MP18338/2024-2025/154602-Street lights","Telangana","YADADRI BHUVANAGIRI(DISTRICT COLLECTOR YADADRI BHUVANAGIRI_IDA)","PROVIDING OF STREET LIGHTS IN CHILLAPURAM VILLAGE","CHAMALA KIRAN KUMAR REDDY","BHONGIR","N/A","30-Jan-2025","99906"
"2482","Normal/Others","WS/MP18338/2024-2025/148629-Street lights","Telangana","YADADRI BHUVANAGIRI(DISTRICT COLLECTOR YADADRI BHUVANAGIRI_IDA)","Providing of LED Street Lights in Malkapur village","CHAMALA KIRAN KUMAR REDDY","BHONGIR","N/A","30-Jan-2025","99906"
"2483","Normal/Others","WS/MP18338/2024-2025/149941-Street lights","Telangana","YADADRI BHUVANAGIRI(DISTRICT COLLECTOR YADADRI BHUVANAGIRI_IDA)","Providing of LED Street Lights in Dharmojigudem (V)","CHAMALA KIRAN KUMAR REDDY","BHONGIR","N/A","30-Jan-2025","99906"
"2484","Normal/Others","WS/MP18338/2024-2025/148628-Street lights","Telangana","YADADRI BHUVANAGIRI(DISTRICT COLLECTOR YADADRI BHUVANAGIRI_IDA)","Providing of LED high mast Lights 2Nos in Telangana Residential School in Sarvel Village","CHAMALA KIRAN KUMAR REDDY","BHONGIR","N/A","30-Jan-2025","299956"
"2485","Normal/Others","WS/MP18338/2024-2025/149944-Street lights","Telangana","YADADRI BHUVANAGIRI(DISTRICT COLLECTOR YADADRI BHUVANAGIRI_IDA)","Providing of LED Street Lights in Masidgudem (V)","CHAMALA KIRAN KUMAR REDDY","BHONGIR","N/A","30-Jan-2025","99906"
"2486","Normal/Others","WS/MP18338/2024-2025/149945-Street lights","Telangana","YADADRI BHUVANAGIRI(DISTRICT COLLECTOR YADADRI BHUVANAGIRI_IDA)","Providing of LED Street Lights in Nagaram (V)","CHAMALA KIRAN KUMAR REDDY","BHONGIR","N/A","30-Jan-2025","99906"
"2487","Normal/Others","WS/MP18338/2024-2025/148455-Street lights","Telangana","YADADRI BHUVANAGIRI(DISTRICT COLLECTOR YADADRI BHUVANAGIRI_IDA)","Providing of LED Street Lights in Narayanapur village","CHAMALA KIRAN KUMAR REDDY","BHONGIR","N/A","30-Jan-2025","199812"
"2488","Normal/Others","WS/MP18338/2024-2025/148456-Street lights","Telangana","YADADRI BHUVANAGIRI(DISTRICT COLLECTOR YADADRI BHUVANAGIRI_IDA)","Providing of LED Street Lights in Puttapaka village","CHAMALA KIRAN KUMAR REDDY","BHONGIR","N/A","30-Jan-2025","99906"
"2489","Normal/Others","WS/MP18338/2024-2025/149942-Street lights","Telangana","YADADRI BHUVANAGIRI(DISTRICT COLLECTOR YADADRI BHUVANAGIRI_IDA)","Providing of LED Street Lights in  Gundlabavi (V)","CHAMALA KIRAN KUMAR REDDY","BHONGIR","N/A","30-Jan-2025","99906"
"2490","Normal/Others","WS/MP18338/2024-2025/149943-Street lights","Telangana","YADADRI BHUVANAGIRI(DISTRICT COLLECTOR YADADRI BHUVANAGIRI_IDA)","Providing of LED Street Lights in Peepal Pahad (V)","CHAMALA KIRAN KUMAR REDDY","BHONGIR","N/A","30-Jan-2025","99906"
"2491","Normal/Others","WS/MP18006/2024-2025/146806-Construction of roads, link roads, pathways or any other road with or without drainage system","Andhra Pradesh","CHITTOOR(DISTRICT COLLECTOR CHITTOOR_IDA)","Laying CC Road from D.No: 43-60 to D.No: 43-65 in Gandla Kothuru, 21st Division, Kukkalapalli of Chittoor Municipal Corporation.","DAGGUMALLA PRASADA RAO","CHITTOOR","Images","30-Jan-2025","490556"
"2492","Normal/Others","WS/MP18235/2024-2025/144419-Construction of roads, link roads, pathways or any other road with or without drainage system","Uttar Pradesh","RAMPUR(DISTRICT MAGISTRATE RAMPUR_IDA)","CONSTRUCTION OF CC ROAD AND DRAIN FROM SULEMAN’S HOUSE TOWARDS  RIYASAT ’S HOUSE IN THE VILLAGE OF AHMADPUR BLOCK SAIDNAGAR (I.A. RED Rampur)","MOHIBBULLAH","RAMPUR","N/A","30-Jan-2025","585781"
"2493","Normal/Others","WS/MP18309/2024-2025/158770-Construction of footpaths and pedestrian ways","Meghalaya","NORTH GARO HILLS(DEPUTY COMMISSIONER NORTH GARO HILLS RESUBELPARA_IDA)","footpath from pwd road to benilla k sangma land (earth work)","SALENG A SANGMA","TURA","N/A","08-Aug-2025","200000"
"2494","Normal/Others","WS/	 MP620/2024-2025/133301-Construction of buildings for community cultural activities","Karnataka","DHARWAD(DEPUTY COMMISSIONER DHARWAR_IDA)","Construction of Cultural Bhavan at Kundagol TQ, Chickgungal Village ST Colony, Pry No.202","Pralhad Venkatesh Joshi","DHARWAD","Images","03-Feb-2025","398009"
"2495","Normal/Others","WS/MP18309/2024-2025/157112-Construction of footpaths and pedestrian ways","Meghalaya","NORTH GARO HILLS(DEPUTY COMMISSIONER NORTH GARO HILLS RESUBELPARA_IDA)","Construction of footpath (earth work)","SALENG A SANGMA","TURA","N/A","08-Aug-2025","200000"
"2496","Normal/Others","WS/MP18309/2024-2025/157111-Construction of footpaths and pedestrian ways","Meghalaya","NORTH GARO HILLS(DEPUTY COMMISSIONER NORTH GARO HILLS RESUBELPARA_IDA)","Construction of footpaths at Daram Mangtu","SALENG A SANGMA","TURA","N/A","08-Aug-2025","200000"
"2497","Normal/Others","WS/MP18309/2024-2025/157110-Construction of footpaths and pedestrian ways","Meghalaya","NORTH GARO HILLS(DEPUTY COMMISSIONER NORTH GARO HILLS RESUBELPARA_IDA)","Construction of footpaths (earth work)","SALENG A SANGMA","TURA","N/A","08-Aug-2025","200000"
"2498","Normal/Others","WS/MP18338/2024-2025/152460-Street lights","Telangana","YADADRI BHUVANAGIRI(DISTRICT COLLECTOR YADADRI BHUVANAGIRI_IDA)","PROVIDING OF STREET LIGHTS IN JAMMAPUR VILLAGE","CHAMALA KIRAN KUMAR REDDY","BHONGIR","N/A","30-Jan-2025","25000"
"2499","Normal/Others","WS/MP18338/2024-2025/152451-Street lights","Telangana","YADADRI BHUVANAGIRI(DISTRICT COLLECTOR YADADRI BHUVANAGIRI_IDA)","PROVIDING OF STREET LIGHTS IN BALAMPALLY VILLAGE","CHAMALA KIRAN KUMAR REDDY","BHONGIR","N/A","30-Jan-2025","50000"
"2500","Normal/Others","WS/MP499/2024-2025/144950-Construction of roads, link roads, pathways or any other road with or without drainage system","West Bengal","BIRBHUM(DISTRICT MAGISTRATE BIRBHUM_IDA)","Construction of C.C. Road, G.P - Fulur,Sainthia , from Baidyanath Chowdhury house to Bataspur pry school, Mouja- Bataspur, J.L - 132, Dag- 630 - 621","Smt Satabdi Roy (Banerjee)","BIRBHUM","N/A","29-May-2025","247087"
"2501","Normal/Others","WS/MP499/2024-2025/138127-Construction of roads, link roads, pathways or any other road with or without drainage system","West Bengal","BIRBHUM(DISTRICT MAGISTRATE BIRBHUM_IDA)","at Abdul Majid house to sk Eliyam house, Mouja- Bataspur, J.L- 132, Dag- 556 to 156, G.P- Fulur, Sainthia","Smt Satabdi Roy (Banerjee)","BIRBHUM","N/A","28-May-2025","495551"
"2502","Normal/Others","WS/MP18159/2024-2025/145789-Construction of public libraries and reading rooms","Rajasthan","ALWAR(DISTRICT COLLECTOR ALWAR_IDA)","Construction work of library room With verandah in Government Higher Secondary School, Dhadholi. G.P. Dhadholi, P.S. Ramgarh (Alwar)","BHUPENDER YADAV","ALWAR","Images","12-Jun-2025","968337"
"2503","Normal/Others","WS/MP499/2024-2025/138128-Construction of roads, link roads, pathways or any other road with or without drainage system","West Bengal","BIRBHUM(DISTRICT MAGISTRATE BIRBHUM_IDA)","From sk Nur Alam house to Nur Haque house, Mouja- Baharapur, J.L- 119, Dag- 396 to 399, G.P- Fulur, Sainthia.","Smt Satabdi Roy (Banerjee)","BIRBHUM","N/A","28-May-2025","247699"
"2504","Normal/Others","WS/MP18357/2024-2025/160268-Construction of roads, link roads, pathways or any other road with or without drainage system","Madhya Pradesh","SHIVPURI(District Collector Shivpuri_IDA)","Construction of CC Road","JYOTIRADITYA M. SCINDIA","GUNA","N/A","23-Jun-2025","1000000"
"2505","Normal/Others","WS/MP18338/2024-2025/152448-Street lights","Telangana","YADADRI BHUVANAGIRI(DISTRICT COLLECTOR YADADRI BHUVANAGIRI_IDA)","PROVIDING OF STREET LIGHTS IN ANAJIPURAM VILLAGE","CHAMALA KIRAN KUMAR REDDY","BHONGIR","N/A","30-Jan-2025","72747"
"2506","Normal/Others","WS/MP18338/2024-2025/152475-Street lights","Telangana","YADADRI BHUVANAGIRI(DISTRICT COLLECTOR YADADRI BHUVANAGIRI_IDA)","PROVIDING OF STREET LIGHTS IN TAJPURAM VILLAGE","CHAMALA KIRAN KUMAR REDDY","BHONGIR","N/A","30-Jan-2025","20000"
"2507","Normal/Others","WS/MP18338/2024-2025/152480-Street lights","Telangana","YADADRI BHUVANAGIRI(DISTRICT COLLECTOR YADADRI BHUVANAGIRI_IDA)","PROVIDING OF STREET LIGHTS IN WADAPARTHY VILLAGE","CHAMALA KIRAN KUMAR REDDY","BHONGIR","N/A","30-Jan-2025","50000"
"2508","Normal/Others","WS/MP18338/2024-2025/152547-Street lights","Telangana","YADADRI BHUVANAGIRI(DISTRICT COLLECTOR YADADRI BHUVANAGIRI_IDA)","PROVIDING OF STREET LIGHTS IN AKUTHOTABAVI THANDA VILLAGE","CHAMALA KIRAN KUMAR REDDY","BHONGIR","N/A","30-Jan-2025","50000"
"2509","Normal/Others","WS/MP18338/2024-2025/152467-Street lights","Telangana","YADADRI BHUVANAGIRI(DISTRICT COLLECTOR YADADRI BHUVANAGIRI_IDA)","PROVIDING OF STREET LIGHTS IN NANDANAM VILLAGE","CHAMALA KIRAN KUMAR REDDY","BHONGIR","N/A","30-Jan-2025","69043"
"2510","Normal/Others","WS/MP18338/2024-2025/152465-Street lights","Telangana","YADADRI BHUVANAGIRI(DISTRICT COLLECTOR YADADRI BHUVANAGIRI_IDA)","PROVIDING OF STREET LIGHTS IN NAGIREDDYPALLY VILLAGE","CHAMALA KIRAN KUMAR REDDY","BHONGIR","N/A","30-Jan-2025","87562"
"2511","Normal/Others","WS/MP18109/2024-2025/164953-Development of playground","Madhya Pradesh","SINGRAULI(District Collector Singrauli_IDA)","GRAM PANCHAYAT BODA KHUTA ME GOVT PS KURKATVA ME KHEL MAIDAN SAMATALIKARAN WORK","DR. RAJESH MISHRA","SIDHI","N/A","12-Jun-2025","2494838"
"2512","Normal/Others","WS/MP18338/2024-2025/152464-Street lights","Telangana","YADADRI BHUVANAGIRI(DISTRICT COLLECTOR YADADRI BHUVANAGIRI_IDA)","PROVIDING OF STREET LIGHTS IN MUTHYALAPALLY VILLAGE","CHAMALA KIRAN KUMAR REDDY","BHONGIR","N/A","30-Jan-2025","24596"
"2513","Normal/Others","WS/MP18159/2024-2025/145791-Construction of public libraries and reading rooms","Rajasthan","ALWAR(DISTRICT COLLECTOR ALWAR_IDA)","Construction work of library room with verandah in Mahatma Gandhi Vidyalaya, Bagar Meo. G.P. Bagar Meo P.S. Ramgarh (Alwar)","BHUPENDER YADAV","ALWAR","Images","24-Sep-2025","998015"
"2514","Normal/Others","WS/MP18338/2024-2025/152459-Street lights","Telangana","YADADRI BHUVANAGIRI(DISTRICT COLLECTOR YADADRI BHUVANAGIRI_IDA)","PROVIDING OF STREET LIGHTS IN HANMAPUR VILLAGE","CHAMALA KIRAN KUMAR REDDY","BHONGIR","N/A","30-Jan-2025","50000"
"2515","Normal/Others","WS/MP18338/2024-2025/152477-Street lights","Telangana","YADADRI BHUVANAGIRI(DISTRICT COLLECTOR YADADRI BHUVANAGIRI_IDA)","PROVIDING OF STREET LIGHTS IN VEERAPALLY VILLAGE","CHAMALA KIRAN KUMAR REDDY","BHONGIR","N/A","30-Jan-2025","50000"
"2516","Normal/Others","WS/MP18338/2024-2025/152481-Street lights","Telangana","YADADRI BHUVANAGIRI(DISTRICT COLLECTOR YADADRI BHUVANAGIRI_IDA)","PROVIDING OF STREET LIGHTS IN YERRAMBELLI VILLAGE","CHAMALA KIRAN KUMAR REDDY","BHONGIR","N/A","30-Jan-2025","50000"
"2517","Normal/Others","WS/MP18338/2024-2025/152549-Street lights","Telangana","YADADRI BHUVANAGIRI(DISTRICT COLLECTOR YADADRI BHUVANAGIRI_IDA)","PROVIDING OF STREET LIGHTS IN MANNEVARIPAMPU VILLAGE","CHAMALA KIRAN KUMAR REDDY","BHONGIR","N/A","30-Jan-2025","22224"
"2518","Normal/Others","WS/MP18338/2024-2025/152476-Street lights","Telangana","YADADRI BHUVANAGIRI(DISTRICT COLLECTOR YADADRI BHUVANAGIRI_IDA)","PROVIDING OF STREET LIGHTS IN TUKKAPURAM VILLAGE","CHAMALA KIRAN KUMAR REDDY","BHONGIR","N/A","30-Jan-2025","50000"
"2519","Normal/Others","WS/MP18338/2024-2025/152462-Street lights","Telangana","YADADRI BHUVANAGIRI(DISTRICT COLLECTOR YADADRI BHUVANAGIRI_IDA)","PROVIDING OF STREET LIGHTS IN KUNOOR VILLAGE","CHAMALA KIRAN KUMAR REDDY","BHONGIR","N/A","30-Jan-2025","70375"
"2520","Normal/Others","WS/MP18338/2024-2025/152457-Street lights","Telangana","YADADRI BHUVANAGIRI(DISTRICT COLLECTOR YADADRI BHUVANAGIRI_IDA)","PROVIDING OF STREET LIGHTS IN GOUSE NAGAR VILLAGE","CHAMALA KIRAN KUMAR REDDY","BHONGIR","N/A","30-Jan-2025","69043"
"2521","Normal/Others","WS/MP18338/2024-2025/152461-Street lights","Telangana","YADADRI BHUVANAGIRI(DISTRICT COLLECTOR YADADRI BHUVANAGIRI_IDA)","PROVIDING OF STREET LIGHTS IN KESARAM VILLAGE","CHAMALA KIRAN KUMAR REDDY","BHONGIR","N/A","30-Jan-2025","69043"
"2522","Normal/Others","WS/MP18338/2024-2025/152466-Street lights","Telangana","YADADRI BHUVANAGIRI(DISTRICT COLLECTOR YADADRI BHUVANAGIRI_IDA)","PROVIDING OF STREET LIGHTS IN NAMATHPALLY VILLAGE","CHAMALA KIRAN KUMAR REDDY","BHONGIR","N/A","30-Jan-2025","69043"
"2523","Normal/Others","WS/MP18338/2024-2025/152472-Street lights","Telangana","YADADRI BHUVANAGIRI(DISTRICT COLLECTOR YADADRI BHUVANAGIRI_IDA)","PROVIDING OF STREET LIGHTS IN REDDINAIKTHANDA VILLAGE","CHAMALA KIRAN KUMAR REDDY","BHONGIR","N/A","30-Jan-2025","28299"
"2524","Normal/Others","WS/MP18338/2024-2025/152468-Street lights","Telangana","YADADRI BHUVANAGIRI(DISTRICT COLLECTOR YADADRI BHUVANAGIRI_IDA)","PROVIDING OF STREET LIGHTS IN PACHARLABODU THANDA VILLAGE","CHAMALA KIRAN KUMAR REDDY","BHONGIR","N/A","30-Jan-2025","28299"
"2525","Normal/Others","WS/MP18338/2024-2025/152458-Street lights","Telangana","YADADRI BHUVANAGIRI(DISTRICT COLLECTOR YADADRI BHUVANAGIRI_IDA)","PROVIDING OF STREET LIGHTS IN GANGASANIPALLY VILLAGE","CHAMALA KIRAN KUMAR REDDY","BHONGIR","N/A","30-Jan-2025","50000"
"2526","Normal/Others","WS/MP761/2024-2025/169168-Street lights","Telangana","NIZAMABAD(DISTRICT COLLECTOR NIZAMABAD_IDA)","Providing LED High Mast light near Village Chourasta","Arvind Dharmapuri","NIZAMABAD","N/A","30-Jan-2025","134761"
"2527","Normal/Others","WS/MP18338/2024-2025/152454-Street lights","Telangana","YADADRI BHUVANAGIRI(DISTRICT COLLECTOR YADADRI BHUVANAGIRI_IDA)","PROVIDING OF STREET LIGHTS IN BANDA SOMARAM VILLAGE","CHAMALA KIRAN KUMAR REDDY","BHONGIR","N/A","30-Jan-2025","72474"
"2528","Normal/Others","WS/MP761/2024-2025/169170-Street lights","Telangana","NIZAMABAD(DISTRICT COLLECTOR NIZAMABAD_IDA)","Providing LED High Mast  light near Village Chourasta ,Chakradhar Thanda","Arvind Dharmapuri","NIZAMABAD","N/A","30-Jan-2025","134570"
"2529","Normal/Others","WS/MP761/2024-2025/169171-Street lights","Telangana","NIZAMABAD(DISTRICT COLLECTOR NIZAMABAD_IDA)","Providing LED High Mast light near Village Chourasta, Mallaram","Arvind Dharmapuri","NIZAMABAD","N/A","30-Jan-2025","134798"
"2530","Normal/Others","WS/MP18338/2024-2025/152449-Street lights","Telangana","YADADRI BHUVANAGIRI(DISTRICT COLLECTOR YADADRI BHUVANAGIRI_IDA)","PROVIDING OF STREET LIGHTS IN ANANTHARAM VILLAGE","CHAMALA KIRAN KUMAR REDDY","BHONGIR","N/A","30-Jan-2025","72747"
"2531","Normal/Others","WS/MP710/2024-2025/152566-Construction of boundary walls of existing public and community buildings","Puducherry","Puducherry(PROJECT DIRECTOR RDA PUDUCHERRY_IDA)","Providing M.S.Grill around Multipurpose Hall near temple at Jeeva Nagar in Kamaraj Nagar Constituency","Vaithilingam Ve","Puducherry","Images","01-Feb-2025","350000"
"2532","Normal/Others","WS/MP761/2024-2025/169173-Street lights","Telangana","NIZAMABAD(DISTRICT COLLECTOR NIZAMABAD_IDA)","Providing LED High Mast light near Village Chourasta Gandhi nagar","Arvind Dharmapuri","NIZAMABAD","N/A","30-Jan-2025","134570"
"2533","Normal/Others","WS/MP761/2024-2025/169174-Street lights","Telangana","NIZAMABAD(DISTRICT COLLECTOR NIZAMABAD_IDA)","Providing LED High Mast light near Village Chourasta","Arvind Dharmapuri","NIZAMABAD","N/A","30-Jan-2025","134607"
"2534","Normal/Others","WS/MP761/2024-2025/169175-Street lights","Telangana","NIZAMABAD(DISTRICT COLLECTOR NIZAMABAD_IDA)","Providing LED High Mast light near Anantha Padmanabha swamy temple, Malkapur A","Arvind Dharmapuri","NIZAMABAD","N/A","30-Jan-2025","134761"
"2535","Normal/Others","WS/MP761/2024-2025/169185-Street lights","Telangana","NIZAMABAD(DISTRICT COLLECTOR NIZAMABAD_IDA)","Providing LED High Mast light near Venkateshwara Aalayam, Thirmanpally in Indalwai Mandal","Arvind Dharmapuri","NIZAMABAD","N/A","30-Jan-2025","134583"
"2536","Normal/Others","WS/MP761/2024-2025/169183-Street lights","Telangana","NIZAMABAD(DISTRICT COLLECTOR NIZAMABAD_IDA)","Providing LED High Mast light near Mallikarjuna Mandir","Arvind Dharmapuri","NIZAMABAD","N/A","30-Jan-2025","134583"
"2537","Normal/Others","WS/MP761/2024-2025/169186-Street lights","Telangana","NIZAMABAD(DISTRICT COLLECTOR NIZAMABAD_IDA)","Providing LED High Mast light near Das House","Arvind Dharmapuri","NIZAMABAD","N/A","30-Jan-2025","134583"
"2538","Normal/Others","WS/MP761/2024-2025/169182-Street lights","Telangana","NIZAMABAD(DISTRICT COLLECTOR NIZAMABAD_IDA)","Providing LED High Mast light near yadava Sangham, Yellareddy pally in Indalwai Mandal","Arvind Dharmapuri","NIZAMABAD","N/A","30-Jan-2025","134583"
"2539","Normal/Others","WS/MP761/2024-2025/169189-Street lights","Telangana","NIZAMABAD(DISTRICT COLLECTOR NIZAMABAD_IDA)","Providing LED High Mast light near GP building","Arvind Dharmapuri","NIZAMABAD","N/A","30-Jan-2025","134583"
"2540","Normal/Others","WS/MP761/2024-2025/169179-Street lights","Telangana","NIZAMABAD(DISTRICT COLLECTOR NIZAMABAD_IDA)","Providing LED High Mast light near Peddamma temple","Arvind Dharmapuri","NIZAMABAD","N/A","30-Jan-2025","135000"
"2541","Normal/Others","WS/MP761/2024-2025/169177-Street lights","Telangana","NIZAMABAD(DISTRICT COLLECTOR NIZAMABAD_IDA)","Providing LED High Mast light near Ramalayam","Arvind Dharmapuri","NIZAMABAD","N/A","30-Jan-2025","135000"
"2542","Normal/Others","WS/MP761/2024-2025/169176-Street lights","Telangana","NIZAMABAD(DISTRICT COLLECTOR NIZAMABAD_IDA)","Providing LED High Mast light near Market","Arvind Dharmapuri","NIZAMABAD","N/A","30-Jan-2025","135000"
"2543","Normal/Others","WS/MP18338/2024-2025/152463-Street lights","Telangana","YADADRI BHUVANAGIRI(DISTRICT COLLECTOR YADADRI BHUVANAGIRI_IDA)","PROVIDING OF STREET LIGHTS IN MUTHIREDDIGUDEM VILLAGE","CHAMALA KIRAN KUMAR REDDY","BHONGIR","N/A","30-Jan-2025","35000"
"2544","Normal/Others","WS/MP18338/2024-2025/152455-Street lights","Telangana","YADADRI BHUVANAGIRI(DISTRICT COLLECTOR YADADRI BHUVANAGIRI_IDA)","PROVIDING OF STREET LIGHTS IN BASWAPURAM VILLAGE","CHAMALA KIRAN KUMAR REDDY","BHONGIR","N/A","30-Jan-2025","50000"
"2545","Normal/Others","WS/MP18338/2024-2025/152456-Street lights","Telangana","YADADRI BHUVANAGIRI(DISTRICT COLLECTOR YADADRI BHUVANAGIRI_IDA)","PROVIDING OF STREET LIGHTS IN CHEEMALA KONDURU VILLAGE","CHAMALA KIRAN KUMAR REDDY","BHONGIR","N/A","30-Jan-2025","98674"
"2546","Normal/Others","WS/MP18338/2024-2025/152470-Street lights","Telangana","YADADRI BHUVANAGIRI(DISTRICT COLLECTOR YADADRI BHUVANAGIRI_IDA)","PROVIDING OF STREET LIGHTS IN RAMACHANDRAPURAM VILLAGE","CHAMALA KIRAN KUMAR REDDY","BHONGIR","N/A","30-Jan-2025","25927"
"2547","Normal/Others","WS/MP18338/2024-2025/152469-Street lights","Telangana","YADADRI BHUVANAGIRI(DISTRICT COLLECTOR YADADRI BHUVANAGIRI_IDA)","PROVIDING OF STREET LIGHTS IN PENCHIKALAPAHAD VILLAGE","CHAMALA KIRAN KUMAR REDDY","BHONGIR","N/A","30-Jan-2025","28299"
"2548","Normal/Others","WS/MP18338/2024-2025/152479-Street lights","Telangana","YADADRI BHUVANAGIRI(DISTRICT COLLECTOR YADADRI BHUVANAGIRI_IDA)","PROVIDING OF STREET LIGHTS IN WADAIGUDEM VILLAGE","CHAMALA KIRAN KUMAR REDDY","BHONGIR","N/A","30-Jan-2025","28299"
"2549","Normal/Others","WS/MP18155/2024-2025/141709-Providing drains and gutters for public drainage","Punjab","HOSHIARPUR(DEPUTY COMMISSIONER HOSHIARPUR_IDA)","Disposal of Sullage water","DR. RAJ KUMAR CHABBEWAL","HOSHIARPUR(SC)","N/A","10-Nov-2025","300000"
"2550","Normal/Others","WS/MP18199/2024-2025/135932-Construction of roads, link roads, pathways or any other road with or without drainage system","Uttar Pradesh","AMBEDKAR NAGAR(DISTRICT MAGISTRATE AMBEDKAR NAGAR_IDA)","GRAM SARANGPUR BALINWA RAJAITRAM SHARMA KE GHAR SE SHIVRAM VERMA KE GHAR TAK INTERLOCKING KARYA 70M","LALJI VERMA","AMBEDKAR NAGAR","N/A","06-Nov-2025","334853"
"2551","Normal/Others","WS/MP18199/2024-2025/135928-Construction of roads, link roads, pathways or any other road with or without drainage system","Uttar Pradesh","AMBEDKAR NAGAR(DISTRICT MAGISTRATE AMBEDKAR NAGAR_IDA)","PRATAVIPUR-SRAVAN CHHETRA PICH MARG SE BAHORIKPUR SARHAD TAK MITTI AND KHADANJA KARYA DURI 600M","LALJI VERMA","AMBEDKAR NAGAR","N/A","07-Feb-2026","1344467"
"2552","Normal/Others","WS/MP18221/2024-2025/140982-Lighting of public spaces","Uttar Pradesh","KANPUR DEHAT(DISTRICT MAGISTRATE KANPUR DEHAT_IDA)","MS pole with LED semi High Mast Light","NARAYAN DAS AHIRWAR","JALAUN(SC)","Images","21-Aug-2025","238871.64"
"2553","Normal/Others","WS/MP313/2024-2025/156672-Construction of culverts and bridges","Arunachal Pradesh","EAST SIANG(Deputy Commisioner East Siang_IDA)","C/o Culvert at 12th Mile near WRC field in East Siang District","Shri Tapir Gao","ARUNACHAL EAST","N/A","31-Jan-2025","1000000"
"2554","Normal/Others","WS/MP18006/2024-2025/134703-Construction of roads, link roads, pathways or any other road with or without drainage system","Andhra Pradesh","CHITTOOR(DISTRICT COLLECTOR CHITTOOR_IDA)","Upgradation of Road from Madhavaram Village to Company Indlu of Madhavaram GP","DAGGUMALLA PRASADA RAO","CHITTOOR","Images","31-Jan-2025","499993"
"2555","Normal/Others","WS/MP858/2024-2025/142023-Street lights","West Bengal","BIRBHUM(DISTRICT MAGISTRATE BIRBHUM_IDA)","Installation of LED street light (60watt)from labpur Sastinagar Bus Stop to Laghata Rail Sub-Way via Labpur New Bus Stand (Lenth 2.75km) Executing Agency will be EO LABPUR PANCHAYAT SAMITY.","Asit Kumar Mal","BOLPUR(SC)","Images","22-Jul-2026","5215848"
"2556","Normal/Others","WS/MP423/2024-2025/137555-Construction of roads, link roads, pathways or any other road with or without drainage system","West Bengal","South 24 Parganas(DISTRICT MAGISTRATE SOUTH TWENTY FOUR PARGANAS_IDA)","Construction of CC Road at Lokhipur from H/O Mostakin Laskar to H/O Asmaul Laskar via H/O Ansar Laskar & Faruq Gazi. (161.57 mtr.)","Shri Abhishek Banerjee","DIAMOND HARBOUR","Images","04-Feb-2025","299997"
"2557","Normal/Others","WS/MP18102/2024-2025/159275-Construction of community centers and community halls","Madhya Pradesh","DHAR(DISTRICT COLLECTOR DHAR_IDA)","gram shahpura me samudaik bhavan nirman","SAVITRI THAKUR","DHAR(ST)","Images","09-Mar-2026","600000"
"2558","Normal/Others","WS/MP18176/2024-2025/142553-Construction of public libraries and reading rooms","Tamil Nadu","DINDIGUL(DISTRICT COLLECTOR DINDIGUL_IDA)","Construction of public libraries BUILDING @ Kolumakondan Near periyar ninaivu kattitam arukil nulaga kattitam","SACHITHANANTHAM R","DINDIGUL","Images","10-Mar-2026","1483160"
"2559","Normal/Others","WS/MP418/2024-2025/153919-Setting up of laboratories","Bihar","ARARIA(DISTRICT PLANNING OFFICER ARARIA_IDA)","Purchase of  Equipment and furniture/accessories for setting up Laboratories as per enclosed list in following schools/institutions: 1 UCHCH MADHYAMIK VIDYALAY , KAROR DIGHLI","Pradeep Kumar Singh","ARARIA","N/A","24-Apr-2025","2475000"
"2560","Normal/Others","WS/MP418/2024-2025/153918-Setting up of laboratories","Bihar","ARARIA(DISTRICT PLANNING OFFICER ARARIA_IDA)","Purchase of  Equipment and furniture/accessories for setting up Laboratories as per enclosed list in following schools/institutions: 1 +2 Girls High School  KALIYAGANJ Plasi","Pradeep Kumar Singh","ARARIA","N/A","20-Jun-2025","2475000"
"2561","Normal/Others","WS/MP858/2024-2025/152245-Construction of roads, link roads, pathways or any other road with or without drainage system","West Bengal","BIRBHUM(DISTRICT MAGISTRATE BIRBHUM_IDA)","CONSTRUCTION OF CC ROAD FROM JINNA SK TO ASAI SK HOUSE UNDER JALANDI GP ,EXECUTING AGENCY WILL BE E.O. NANOOR PANCHAYET SAMITY.","Asit Kumar Mal","BOLPUR(SC)","Images","03-Mar-2025","498105"
"2562","Normal/Others","WS/MP418/2024-2025/153937-Setting up of laboratories","Bihar","ARARIA(DISTRICT PLANNING OFFICER ARARIA_IDA)","Purchase of  Equipment and furniture/accessories for setting up Laboratories as per enclosed list in following schools/institutions: 1 U.M.S.BHAG PARWAHA fORBISGANJ","Pradeep Kumar Singh","ARARIA","N/A","24-Jun-2025","2475000"
"2563","Normal/Others","WS/MP418/2024-2025/153939-Setting up of laboratories","Bihar","ARARIA(DISTRICT PLANNING OFFICER ARARIA_IDA)","Purchase of Equipment and furniture/accessories for setting up Laboratories as per enclosed list in following schools/institutions: 1 UCHCH MADHYAMIK VIDYALYA,  BATURBARI Araria","Pradeep Kumar Singh","ARARIA","N/A","24-Jun-2025","2475000"
"2564","Normal/Others","WS/MP418/2024-2025/153938-Setting up of laboratories","Bihar","ARARIA(DISTRICT PLANNING OFFICER ARARIA_IDA)","Purchase of  Equipment and furniture/accessories for setting up Laboratories as per enclosed list in following schools/institutions: 1 +2 U.M.S. BARHARA  Raniganj","Pradeep Kumar Singh","ARARIA","N/A","24-Jun-2025","2475000"
"2565","Normal/Others","WS/MP418/2024-2025/153944-Setting up of laboratories","Bihar","ARARIA(DISTRICT PLANNING OFFICER ARARIA_IDA)","Purchase of  Equipment and furniture/accessories for setting up Laboratories as per enclosed list in following schools/institutions: 1 +2 Mahatma Gandhi Smarak High Schoo ARARIA R.S","Pradeep Kumar Singh","ARARIA","N/A","24-Jun-2025","2475000"
"2566","Normal/Others","WS/MP858/2024-2025/144005-Street lights","West Bengal","BIRBHUM(DISTRICT MAGISTRATE BIRBHUM_IDA)","Installation 2 no of hihgmast light under THUPSARA GP ,Executing Agency will be EO NANOOR PANCHAYAT SAMITY.","Asit Kumar Mal","BOLPUR(SC)","Images","03-Mar-2025","578914"
"2567","Normal/Others","WS/MP418/2024-2025/153943-Setting up of laboratories","Bihar","ARARIA(DISTRICT PLANNING OFFICER ARARIA_IDA)","Purchase of  Equipment and furniture/accessories for setting up Laboratories as per enclosed list in following schools/institutions: 1 +2 High School Araria","Pradeep Kumar Singh","ARARIA","N/A","03-Jul-2025","2475000"
"2568","Normal/Others","WS/MP18108/2024-2025/165754-Construction of roads, link roads, pathways or any other road with or without drainage system","Madhya Pradesh","SAGAR(DISTRICT COLLECTOR SAGAR_IDA)","Gram Panchayat Badkua me Ramesh Rajak ke ghar se Bundela Baba ki or C.C. Road nirman Karya hetu.","DR. LATA WANKHEDE","SAGAR","Images","27-Feb-2026","499856"
"2569","Normal/Others","WS/MP418/2024-2025/153942-Setting up of laboratories","Bihar","ARARIA(DISTRICT PLANNING OFFICER ARARIA_IDA)","Purchase of  Equipment and furniture/accessories for setting up Laboratories as per enclosed list in following schools/institutions: 1 +2 Girls High School Araria","Pradeep Kumar Singh","ARARIA","N/A","03-Jul-2025","2475000"
"2570","Normal/Others","WS/MP858/2024-2025/144001-Street lights","West Bengal","BIRBHUM(DISTRICT MAGISTRATE BIRBHUM_IDA)","Installation 2no highmast street light at NAWANAGAR KADDA, EXCUTING AGENCY WILL BE ,EO NANOOR PANCHAYAT SAMITY.","Asit Kumar Mal","BOLPUR(SC)","Images","03-Mar-2025","578914"
"2571","Normal/Others","WS/MP716/2024-2025/142657-Construction of shelters for animals","Punjab","MANSA(DEPUTY COMMISSIONER MANSA_IDA)","Construction of Shed in Panchayati Jagha","Smt Harsimrat Kaur Badal","BHATINDA","Images","30-Aug-2025","200000"
"2572","Normal/Others","WS/MP716/2024-2025/142666-Fitting of Sitting RCC Benches in Public Places","Punjab","MANSA(DEPUTY COMMISSIONER MANSA_IDA)","RCC Bench","Smt Harsimrat Kaur Badal","BHATINDA","Images","21-Aug-2025","99998"
"2573","Normal/Others","WS/MP716/2024-2025/142670-Installing community drinking water plants","Punjab","MANSA(DEPUTY COMMISSIONER MANSA_IDA)","Installing Submersible Motor in Makhan Singh s/o Shankar Singh Street","Smt Harsimrat Kaur Badal","BHATINDA","Images","30-Aug-2025","65000"
"2574","Normal/Others","WS/MP18221/2024-2025/140984-Lighting of public spaces","Uttar Pradesh","KANPUR DEHAT(DISTRICT MAGISTRATE KANPUR DEHAT_IDA)","MS pole with LED semi High Mast Light","NARAYAN DAS AHIRWAR","JALAUN(SC)","Images","21-Aug-2025","238871.64"
"2575","Normal/Others","WS/MP18221/2024-2025/140985-Lighting of public spaces","Uttar Pradesh","KANPUR DEHAT(DISTRICT MAGISTRATE KANPUR DEHAT_IDA)","MS pole with LED semi High Mast Light","NARAYAN DAS AHIRWAR","JALAUN(SC)","Images","21-Aug-2025","238871.64"
"2576","Normal/Others","WS/MP18221/2024-2025/140983-Lighting of public spaces","Uttar Pradesh","KANPUR DEHAT(DISTRICT MAGISTRATE KANPUR DEHAT_IDA)","MS pole with LED semi High Mast Light","NARAYAN DAS AHIRWAR","JALAUN(SC)","Images","21-Aug-2025","238871.64"
"2577","Normal/Others","WS/MP18221/2024-2025/140991-Lighting of public spaces","Uttar Pradesh","KANPUR DEHAT(DISTRICT MAGISTRATE KANPUR DEHAT_IDA)","MS pole with LED semi High Mast Light","NARAYAN DAS AHIRWAR","JALAUN(SC)","Images","21-Aug-2025","238871.64"
"2578","Normal/Others","WS/MP18221/2024-2025/140990-Lighting of public spaces","Uttar Pradesh","KANPUR DEHAT(DISTRICT MAGISTRATE KANPUR DEHAT_IDA)","MS pole with LED semi High Mast Light","NARAYAN DAS AHIRWAR","JALAUN(SC)","Images","21-Aug-2025","238871.64"
"2579","Normal/Others","WS/MP18221/2024-2025/140989-Lighting of public spaces","Uttar Pradesh","KANPUR DEHAT(DISTRICT MAGISTRATE KANPUR DEHAT_IDA)","MS pole with LED semi High Mast Light","NARAYAN DAS AHIRWAR","JALAUN(SC)","Images","21-Aug-2025","238871.64"
"2580","Normal/Others","WS/MP18221/2024-2025/140988-Lighting of public spaces","Uttar Pradesh","KANPUR DEHAT(DISTRICT MAGISTRATE KANPUR DEHAT_IDA)","MS pole with LED semi High Mast Light","NARAYAN DAS AHIRWAR","JALAUN(SC)","Images","21-Aug-2025","238871.64"
"2581","Normal/Others","WS/MP18221/2024-2025/140987-Lighting of public spaces","Uttar Pradesh","KANPUR DEHAT(DISTRICT MAGISTRATE KANPUR DEHAT_IDA)","MS pole with LED semi High Mast Light","NARAYAN DAS AHIRWAR","JALAUN(SC)","Images","21-Aug-2025","238871.64"
"2582","Normal/Others","WS/MP18221/2024-2025/140999-Lighting of public spaces","Uttar Pradesh","KANPUR DEHAT(DISTRICT MAGISTRATE KANPUR DEHAT_IDA)","MS Pole with LED semi High Mast Light","NARAYAN DAS AHIRWAR","JALAUN(SC)","Images","21-Aug-2025","238871.64"
"2583","Normal/Others","WS/MP18221/2024-2025/140998-Lighting of public spaces","Uttar Pradesh","KANPUR DEHAT(DISTRICT MAGISTRATE KANPUR DEHAT_IDA)","MS Pole with LED semi High Mast Light","NARAYAN DAS AHIRWAR","JALAUN(SC)","Images","21-Aug-2025","238871.64"
"2584","Normal/Others","WS/MP18221/2024-2025/140997-Lighting of public spaces","Uttar Pradesh","KANPUR DEHAT(DISTRICT MAGISTRATE KANPUR DEHAT_IDA)","MS Pole with LED semi High Mast Light","NARAYAN DAS AHIRWAR","JALAUN(SC)","Images","21-Aug-2025","238871.64"
"2585","Normal/Others","WS/MP18221/2024-2025/140996-Lighting of public spaces","Uttar Pradesh","KANPUR DEHAT(DISTRICT MAGISTRATE KANPUR DEHAT_IDA)","MS Pole with LED semi High Mast Light","NARAYAN DAS AHIRWAR","JALAUN(SC)","Images","21-Aug-2025","238871.64"
"2586","Normal/Others","WS/MP18221/2024-2025/140995-Lighting of public spaces","Uttar Pradesh","KANPUR DEHAT(DISTRICT MAGISTRATE KANPUR DEHAT_IDA)","MS Pole with LED semi High Mast Light","NARAYAN DAS AHIRWAR","JALAUN(SC)","Images","21-Aug-2025","238871.64"
"2587","Normal/Others","WS/MP18221/2024-2025/140994-Lighting of public spaces","Uttar Pradesh","KANPUR DEHAT(DISTRICT MAGISTRATE KANPUR DEHAT_IDA)","MS Pole with LED semi High Mast Light","NARAYAN DAS AHIRWAR","JALAUN(SC)","Images","21-Aug-2025","238871.64"
"2588","Normal/Others","WS/MP18221/2024-2025/141002-Lighting of public spaces","Uttar Pradesh","KANPUR DEHAT(DISTRICT MAGISTRATE KANPUR DEHAT_IDA)","MS Pole with LED semi High Mast Light","NARAYAN DAS AHIRWAR","JALAUN(SC)","Images","21-Aug-2025","238871.64"
"2589","Normal/Others","WS/MP18221/2024-2025/141001-Lighting of public spaces","Uttar Pradesh","KANPUR DEHAT(DISTRICT MAGISTRATE KANPUR DEHAT_IDA)","MS Pole with LED semi High Mast Light","NARAYAN DAS AHIRWAR","JALAUN(SC)","Images","21-Aug-2025","238871.64"
"2590","Normal/Others","WS/MP18221/2024-2025/141000-Lighting of public spaces","Uttar Pradesh","KANPUR DEHAT(DISTRICT MAGISTRATE KANPUR DEHAT_IDA)","MS Pole with LED semi High Mast Light","NARAYAN DAS AHIRWAR","JALAUN(SC)","Images","21-Aug-2025","238871.64"
"2591","Normal/Others","WS/MP18221/2024-2025/141003-Lighting of public spaces","Uttar Pradesh","KANPUR DEHAT(DISTRICT MAGISTRATE KANPUR DEHAT_IDA)","MS Pole with LED semi High Mast Light","NARAYAN DAS AHIRWAR","JALAUN(SC)","Images","21-Aug-2025","238871.64"
"2592","Normal/Others","WS/MP18324/2024-2025/151496-Construction of roads, link roads, pathways or any other road with or without drainage system","Gujarat","AMRELI(DISTRICT COLLECTOR AMRELI_IDA)","Block paving near Gatrad Mataji's wadi in Lakhapadar village","BHARATBHAI MANUBHAI SUTARIYA","AMRELI","Images","28-Jul-2025","500000"
"2593","Normal/Others","WS/MP432/2024-2025/167568-Construction of boundary walls of existing public and community buildings","Himachal Pradesh","KANGRA(DEPUTY COMMISSIONER KANGRA_IDA)","Construction of protection wall near the land of Shri Tilak, Neha Minhas, Anil Sharma etc. in Village Matt, GP Sungal, Block Palampur","Anurag Singh Thakur","HAMIRPUR_HP","N/A","26-Mar-2025","500000"
"2594","Normal/Others","WS/MP18253/2024-2025/141447-Installing tube-wells and borewells","West Bengal","South 24 Parganas(DISTRICT MAGISTRATE SOUTH TWENTY FOUR PARGANAS_IDA)","Sinking of tubewell at Ganeshpur near Sk. Samsur house.Dag No-7299,JL No-11","BAPI HALDAR","MATHURAPUR(SC)","N/A","06-Feb-2025","221889"
"2595","Normal/Others","WS/MP384/2024-2025/150664-Construction of common work sheds/ common covered sitting area","Rajasthan","BIKANER(DISTRICT COLLECTOR BIKANER_IDA)","Sant Sri Ladhunath Ji Maharaj ki Samadhi ke paas tin shed nirman karya Masoori, Panchayat Samiti Nokha ; Working Agency :  Gram Panchayat Masoori","Shri Arjun Ram Meghwal","BIKANER(SC)","Images","07-Jul-2025","1918700"
"2596","Normal/Others","WS/MP716/2024-2025/141819-Purchase of mobile water tankers","Punjab","BATHINDA(DEPUTY COMMISSIONER BHATINDA_IDA)","Stainless steel Mobile Water Tank with fire fighting equipment (Capacity 5000 Liter)","Smt Harsimrat Kaur Badal","BHATINDA","N/A","24-Sep-2025","400000"
"2597","Normal/Others","WS/MP18359/2024-2025/146980-Construction of roads, link roads, pathways or any other road with or without drainage system","Uttar Pradesh","AMROHA(DISTRICT MAGISTRATE JYOTIBAPHULE NAGAR_IDA)","Vikaskhand Joya ke gram Manjhauli mein Jagdish ke Makan se Kiran Pal ke  manak ki aor CC road evam nali Nirman (Impliment Agency PCCD Amroha)","KANWAR SINGH TANWAR","AMROHA","Images","10-May-2025","1232868"
"2598","Normal/Others","WS/MP18359/2024-2025/146979-Construction of roads, link roads, pathways or any other road with or without drainage system","Uttar Pradesh","AMROHA(DISTRICT MAGISTRATE JYOTIBAPHULE NAGAR_IDA)","Vikaskhand Gajroula ke gram Sultanther mein Mevaram ke Makan se Chhote ke Makan ki aor CC road evam nali Nirman (Impliment Agency PCCD Amroha)","KANWAR SINGH TANWAR","AMROHA","Images","10-May-2025","1490672"
"2599","Normal/Others","WS/MP18359/2024-2025/146978-Construction of roads, link roads, pathways or any other road with or without drainage system","Uttar Pradesh","AMROHA(DISTRICT MAGISTRATE JYOTIBAPHULE NAGAR_IDA)","Vikaskhand Gajroula ke gram Dagarpuri mein Sunil ke Makan se Chandi Lal ke Makan ki aor road evam nali Nirman (Impliment Agency PCCD Amroha)","KANWAR SINGH TANWAR","AMROHA","Images","10-May-2025","1046405"
"2600","Normal/Others","WS/MP18359/2024-2025/146977-Construction of roads, link roads, pathways or any other road with or without drainage system","Uttar Pradesh","AMROHA(DISTRICT MAGISTRATE JYOTIBAPHULE NAGAR_IDA)","Vikaskhand Gajroula ke gram Khuganwali mein ballu ke Makan se sompal ke Makan ki aor CC road evam nali Nirman (Impliment Agency PCCD Amroha)","KANWAR SINGH TANWAR","AMROHA","Images","10-May-2025","889003"
"2601","Normal/Others","WS/MP18359/2024-2025/146976-Construction of roads, link roads, pathways or any other road with or without drainage system","Uttar Pradesh","AMROHA(DISTRICT MAGISTRATE JYOTIBAPHULE NAGAR_IDA)","Vikaskhand Gangeshwari ke gram Augarpur mein  Ankit ke Makan se Satish ke Makan per hote hue Amarjeet ke Makan ki aor CC road evam nali Nirman (Impliment Agency PCCD Amroha)","KANWAR SINGH TANWAR","AMROHA","Images","10-May-2025","1180173"
"2602","Normal/Others","WS/MP18359/2024-2025/146975-Construction of roads, link roads, pathways or any other road with or without drainage system","Uttar Pradesh","AMROHA(DISTRICT MAGISTRATE JYOTIBAPHULE NAGAR_IDA)","Vikaskhand Gangeshwari ke gram Nanai Lisra mein Savita Pradhan ke Makan se Devendra ki dukaan, Sanjiv ke Makan per hote hue mukhya Marg ki aor CC road evam nali Nirman (Impliment Agency PCCD Amroha)","KANWAR SINGH TANWAR","AMROHA","Images","10-May-2025","1389000"
"2603","Normal/Others","WS/MP18359/2024-2025/146985-Construction of roads, link roads, pathways or any other road with or without drainage system","Uttar Pradesh","AMROHA(DISTRICT MAGISTRATE JYOTIBAPHULE NAGAR_IDA)","Vikaskhand Hasanpur ke gram Bijnoura mein Ramkesh ki dukaan se khajaan ke Makan ki aor CC road evam nali Nirman (Impliment Agency PCCD Amroha)","KANWAR SINGH TANWAR","AMROHA","Images","13-May-2025","1492916"
"2604","Normal/Others","WS/MP18359/2024-2025/146984-Construction of roads, link roads, pathways or any other road with or without drainage system","Uttar Pradesh","AMROHA(DISTRICT MAGISTRATE JYOTIBAPHULE NAGAR_IDA)","Vikaskhand Hasanpur ke gram Bhekanpur sarki mein mukhya Marg per Omdatt Gurjar ke makan se Mohit ke makan ki aor CC road evam nari Nirman (Impliment Agency PCCD Amroha)","KANWAR SINGH TANWAR","AMROHA","Images","13-May-2025","1072067"
"2605","Normal/Others","WS/MP18359/2024-2025/146983-Construction of roads, link roads, pathways or any other road with or without drainage system","Uttar Pradesh","AMROHA(DISTRICT MAGISTRATE JYOTIBAPHULE NAGAR_IDA)","Vikaskhand Hasanpur ke gram Mirzapur mein Gaurav Sharma ke Makan se chauk per hote hue chandrasen ke Makan ki aor CC road evam nali Nirman (Impliment Agency PCCD Amroha)","KANWAR SINGH TANWAR","AMROHA","Images","13-May-2025","1358966"
"2606","Normal/Others","WS/MP18359/2024-2025/146982-Construction of roads, link roads, pathways or any other road with or without drainage system","Uttar Pradesh","AMROHA(DISTRICT MAGISTRATE JYOTIBAPHULE NAGAR_IDA)","Vikaskhand Hasanpur ke gram Heskhera me Kamal Kasana ke Makan se Satpal ke Makan per hote hue talab ki aor CC road evam nari Nirman (Impliment Agency PCCD Amroha)","KANWAR SINGH TANWAR","AMROHA","Images","13-May-2025","1358975"
"2607","Normal/Others","WS/MP18359/2024-2025/146981-Construction of roads, link roads, pathways or any other road with or without drainage system","Uttar Pradesh","AMROHA(DISTRICT MAGISTRATE JYOTIBAPHULE NAGAR_IDA)","Vikaskhand Joya ke gram Umar Mohammadpur Majra Manak Jodi mein Satveer ki chakki se Gajendra ke ghar hote hue Anil ke gher ki aor CC road nali Nirman (Impliment Agency PCCD Amroha)","KANWAR SINGH TANWAR","AMROHA","Images","13-May-2025","854724"
"2608","Normal/Others","WS/MP579/2024-2025/146435-Construction of common work sheds/ common covered sitting area","Gujarat","ANAND(District Collector ANAND_IDA)","Kathana Game Mahadev Mandir Pase Rain Basera nu Kam","Mitesh Rameshbhai Bakabhai Patel","ANAND","N/A","16-Jul-2025","199725"
"2609","Normal/Others","WS/MP18108/2024-2025/162831-Construction of roads, link roads, pathways or any other road with or without drainage system","Madhya Pradesh","SAGAR(DISTRICT COLLECTOR SAGAR_IDA)","Gram Panchayat Ranipura Me Tikaram Sen ke ghar se dalchand yadav ke ghar ki or C.C. Road Nirman Karya hetu.","DR. LATA WANKHEDE","SAGAR","N/A","23-Oct-2025","500000"
"2610","Normal/Others","WS/MP761/2024-2025/169207-Street lights","Telangana","NIZAMABAD(DISTRICT COLLECTOR NIZAMABAD_IDA)","Providing LED High Mast light near Hanuman Mandir","Arvind Dharmapuri","NIZAMABAD","N/A","03-Feb-2025","134836"
"2611","Normal/Others","WS/MP761/2024-2025/169205-Street lights","Telangana","NIZAMABAD(DISTRICT COLLECTOR NIZAMABAD_IDA)","Providing LED High Mast light in Kalpole Thanda","Arvind Dharmapuri","NIZAMABAD","N/A","03-Feb-2025","134798"
"2612","Normal/Others","WS/MP761/2024-2025/169204-Street lights","Telangana","NIZAMABAD(DISTRICT COLLECTOR NIZAMABAD_IDA)","Providing LED High Mast light in Bhairapur Thanda","Arvind Dharmapuri","NIZAMABAD","N/A","03-Feb-2025","134721"
"2613","Normal/Others","WS/MP18229/2024-2025/143077-Construction of roads, link roads, pathways or any other road with or without drainage system","Uttar Pradesh","MEERUT(DISTRICT MAGISTRATE MEERUT_IDA)","bhdoli me mastram se ompal v satpal tk tiles","ARUN GOVIL","MEERUT","N/A","16-Jun-2025","721908"
"2614","Normal/Others","WS/MP761/2024-2025/169203-Street lights","Telangana","NIZAMABAD(DISTRICT COLLECTOR NIZAMABAD_IDA)","Providing LED High Mast light in SC Wada","Arvind Dharmapuri","NIZAMABAD","N/A","03-Feb-2025","134645"
"2615","Normal/Others","WS/MP18229/2024-2025/143081-Construction of roads, link roads, pathways or any other road with or without drainage system","Uttar Pradesh","MEERUT(DISTRICT MAGISTRATE MEERUT_IDA)","paswara me naresh chaudhary  se jagvir tak tiles","ARUN GOVIL","MEERUT","N/A","16-Jun-2025","720870"
"2616","Normal/Others","WS/MP761/2024-2025/169202-Street lights","Telangana","NIZAMABAD(DISTRICT COLLECTOR NIZAMABAD_IDA)","Providing LED High Mast light near Beerappa Temple","Arvind Dharmapuri","NIZAMABAD","N/A","03-Feb-2025","134761"
"2617","Normal/Others","WS/MP761/2024-2025/169209-Street lights","Telangana","NIZAMABAD(DISTRICT COLLECTOR NIZAMABAD_IDA)","Providing LED High Mast light near Hanuman Mandir","Arvind Dharmapuri","NIZAMABAD","N/A","03-Feb-2025","134761"
"2618","Normal/Others","WS/MP761/2024-2025/169197-Street lights","Telangana","NIZAMABAD(DISTRICT COLLECTOR NIZAMABAD_IDA)","Providing LED High Mast light near GP building","Arvind Dharmapuri","NIZAMABAD","N/A","03-Feb-2025","134583"
"2619","Normal/Others","WS/MP381/2024-2025/147219-Construction of New Building","Punjab","AMRITSAR(DEPUTY COMMISSIONER AMRITSAR_IDA)","DEVELOPMENT WORKS IN COURT AND BAR COMPLEX","Shri Gurjeet Singh Aujla","AMRITSAR","N/A","03-Feb-2025","1000000"
"2620","Normal/Others","WS/MP761/2024-2025/169178-Street lights","Telangana","NIZAMABAD(DISTRICT COLLECTOR NIZAMABAD_IDA)","Providing LED High Mast light near Ramalayam","Arvind Dharmapuri","NIZAMABAD","N/A","03-Feb-2025","135000"
"2621","Normal/Others","WS/MP18338/2024-2025/153005-Street lights","Telangana","NALGONDA(DISTRICT COLLECTOR NALGONDA)","PROVIDING OF STREET LIGHTS IN CHINA THUMALAGUDEM VILLAGE","CHAMALA KIRAN KUMAR REDDY","BHONGIR","Images","03-Feb-2025","299716"
"2622","Normal/Others","WS/MP710/2024-2025/152568-Construction of rooms and halls in school and colleges","Puducherry","Puducherry(PROJECT DIRECTOR RDA PUDUCHERRY_IDA)","Balance work of Construction of additional class room at Hussainia Government High School, Neravy, Karaikal","Vaithilingam Ve","Puducherry","N/A","03-Feb-2025","624835"
"2623","Normal/Others","WS/MP18219/2024-2025/152232-Construction of rooms and halls in school and colleges","Uttar Pradesh","HAMIRPUR(DISTRICT MAGISTRATE HAMIRPUR_2)","deshrani rajput mhavidyalay jarakhar me bhavan nirman hetu","AJENDRA SINGH LODHI","HAMIRPUR_UP","Images","03-Feb-2025","2486220"
"2624","Normal/Others","WS/MP18006/2024-2025/141766-Construction of rooms and halls in school and colleges","Andhra Pradesh","CHITTOOR(DISTRICT COLLECTOR CHITTOOR_IDA)","Construction of compound wall at Mothuranganapalle MPP School (West-South Side) at G.D.Nellore in G.D.Nellore Mandal.","DAGGUMALLA PRASADA RAO","CHITTOOR","Images","04-Feb-2025","399765"
"2625","Normal/Others","WS/MP18206/2024-2025/144185-Lighting of public spaces","Uttar Pradesh","CHITRAKOOT(DISTRICT MAGISTRATE CHITRAKOOT_IDA)","gram panchayat Amanpur me devi ji ke mandir ke paas sarwjanik sthan par high mast light sthapna karya","KRISHNA DEVI SHIVSHANKER PATEL","BANDA","Images","24-Apr-2025","226584"
"2626","Normal/Others","WS/MP552/2024-2025/135975-Fitting of Sitting RCC Benches in Public Places","Bihar","PURBI CHAMPARAN(DISTRICT PLANNING OFFICER MOTHIHARI EAST CHAMPARAN_IDA)","MOTIHARI NAGAR NIGAM KSHETRA KE BENGALI BHAIYON KE COLONY ME PUBLIC PLACE PAR RCC BENCHO KA NIRMAN EWAM ADHISHTHAPAN KARYA.","Radha Mohan Singh","PURVI CHAMPARAN","Images","06-Feb-2026","1250000"
"2627","Normal/Others","WS/MP18176/2024-2025/139946-Construction of buildings for crèches and anganwadies","Tamil Nadu","DINDIGUL(DISTRICT COLLECTOR DINDIGUL_IDA)","CONSTRUCTION OF Kullalagundu @ Kalladipatty ANGANWADI BUILDING","SACHITHANANTHAM R","DINDIGUL","N/A","23-Apr-2025","1652193"
"2628","Normal/Others","WS/MP18206/2024-2025/144189-Lighting of public spaces","Uttar Pradesh","CHITRAKOOT(DISTRICT MAGISTRATE CHITRAKOOT_IDA)","gram panchayat Chak Jafar me hanuman mandir ke paas sarwjanik sthan par high mast light sthapna karya","KRISHNA DEVI SHIVSHANKER PATEL","BANDA","Images","24-Apr-2025","226584"
"2629","Normal/Others","WS/MP18206/2024-2025/144184-Lighting of public spaces","Uttar Pradesh","CHITRAKOOT(DISTRICT MAGISTRATE CHITRAKOOT_IDA)","gram panchayat Ahira me tirahe ke pass sarwjanik sthan par high mast light sthapna karya","KRISHNA DEVI SHIVSHANKER PATEL","BANDA","Images","24-Apr-2025","226584"
"2630","Normal/Others","WS/MP18004/2024-2025/157507-Street lights","Andhra Pradesh","Alluri Sitharama Raju(DISTRICT COLLECTOR ALLURI SITHARAMARAJU_IDA)","purchase of street lights","Gumma Thanuja Rani","ARAKU(ST)","Images","04-Feb-2025","1394400"
"2631","Normal/Others","WS/MP18206/2024-2025/144197-Lighting of public spaces","Uttar Pradesh","CHITRAKOOT(DISTRICT MAGISTRATE CHITRAKOOT_IDA)","gram panchayat Karwi Mafi ke majra sonepur me sc/st basti ke  paas sarwjanik sthan par high mast light sthapna karya","KRISHNA DEVI SHIVSHANKER PATEL","BANDA","Images","24-Apr-2025","226584"
"2632","Normal/Others","WS/MP18206/2024-2025/144196-Lighting of public spaces","Uttar Pradesh","CHITRAKOOT(DISTRICT MAGISTRATE CHITRAKOOT_IDA)","gram panchayat Karwi Mafi ke majra manoharganj dashrath maurya ka purawa me  sarwjanik sthan par high mast light sthapna karya","KRISHNA DEVI SHIVSHANKER PATEL","BANDA","Images","24-Apr-2025","226584"
"2633","Normal/Others","WS/MP18043/2024-2025/140418-Construction of roads, link roads, pathways or any other road with or without drainage system","Bihar","ROHTAS(District Planning Officer Rohtas_IDA)","Nainakon gav me purv Phokhrara se Shiv mandir tak pcc nirman kary length 500 feet","MANOJ KUMAR","SASARAM(SC)","Images","21-May-2025","867850"
"2634","Normal/Others","WS/MP858/2024-2025/134462-Street lights","West Bengal","BIRBHUM(DISTRICT MAGISTRATE BIRBHUM_IDA)","Installation of high mast light at somsha,Executing Agency wil be EO sainthia panchayet samity.","Asit Kumar Mal","BOLPUR(SC)","Images","26-Jun-2025","482916"
"2635","Normal/Others","WS/MP761/2024-2025/168960-Street lights","Telangana","NIZAMABAD(DISTRICT COLLECTOR NIZAMABAD_IDA)","Providing LED High Mast light near Rajamani House Chourasta, Palda (V)","Arvind Dharmapuri","NIZAMABAD","N/A","04-Feb-2025","134532"
"2636","Normal/Others","WS/MP761/2024-2025/168954-Street lights","Telangana","NIZAMABAD(DISTRICT COLLECTOR NIZAMABAD_IDA)","Providing LED High Mast light near Hanuman Temple Laxmapur GP, Malkapur A (V) Nizamabad Rural (M)","Arvind Dharmapuri","NIZAMABAD","N/A","04-Feb-2025","134721"
"2637","Normal/Others","WS/MP761/2024-2025/169180-Street lights","Telangana","NIZAMABAD(DISTRICT COLLECTOR NIZAMABAD_IDA)","Providing LED High Mast light near Honnajipet Chourasta, Honnajipet (V) Dharpally (M)","Arvind Dharmapuri","NIZAMABAD","N/A","04-Feb-2025","135000"
"2638","Normal/Others","WS/MP484/2024-2025/166837-Construction of roads, link roads, pathways or any other road with or without drainage system","West Bengal","KOLKATA(COMMISSIONER KOLKATA MUNICIPAL CORPORATION_IDA)","SUPPLY AND INSTALLATION OF NEW GUARD RAIL AT BOTH SIDE OF KALI TEMPLE ROAD IN WARD NO 083, BOROUGH-VIII","Mala Roy","KOLKATA DAKSHIN","Images","05-Feb-2026","1869878"
"2639","Normal/Others","WS/MP761/2024-2025/169181-Street lights","Telangana","NIZAMABAD(DISTRICT COLLECTOR NIZAMABAD_IDA)","Providing LED High Mast light near Odderajula Vadakattu, Rekulapally (V), Dharpally (M)","Arvind Dharmapuri","NIZAMABAD","N/A","04-Feb-2025","135000"
"2640","Normal/Others","WS/MP761/2024-2025/169172-Street lights","Telangana","NIZAMABAD(DISTRICT COLLECTOR NIZAMABAD_IDA)","Providing LED High Mast light near Village Chourasta Kothapet, Malkapur (M) Nizamabad rural (M)","Arvind Dharmapuri","NIZAMABAD","N/A","04-Feb-2025","134683"
"2641","Normal/Others","WS/MP18043/2024-2025/140460-Construction of roads, link roads, pathways or any other road with or without drainage system","Bihar","KAIMUR (BHABUA)(DISTRICT PLANNING OFFICER KAIMUR BHABUA_IDA)","Tarawan ke men road se nahar tak pcc nirman kary length 1000 feet","MANOJ KUMAR","SASARAM(SC)","N/A","13-Jan-2026","1463390"
"2642","Normal/Others","WS/MP18004/2024-2025/157508-Street lights","Andhra Pradesh","Alluri Sitharama Raju(DISTRICT COLLECTOR ALLURI SITHARAMARAJU_IDA)","purchase of street lights","Gumma Thanuja Rani","ARAKU(ST)","Images","04-Feb-2025","1394400"
"2643","Normal/Others","WS/MP18210/2024-2025/164779-Lighting of public spaces","Uttar Pradesh","CHANDAULI(DISTRICT MAGISTRATE CHANDAULI_IDA)","Supply and installation of LED semi high mast lights at 25 different places in district Chandauli (as per list enclosed).","VIRENDRA SINGH","CHANDAULI","Images","19-Jun-2025","6100000"
"2644","Normal/Others","WS/MP18069/2024-2025/163035-Construction of roads, link roads, pathways or any other road with or without drainage system","Himachal Pradesh","CHAMBA(DEPUTY COMMISSIONER CHAMBA_IDA)","Construction of Pucca Path at Gagla to Kesho House.","RAJEEV BHARDWAJ","KANGRA","N/A","15-May-2025","200000"
"2645","Normal/Others","WS/MP720/2024-2025/145396-Construction of public irrigation facilities","Rajasthan","CHITTORGARH(DISTRICT COLLECTOR CHITTORGARH_IDA)","BHATVADA MAHADEV JANDOLYA ME GAT NIRMAN KARYA","Chandra Prakash Joshi","CHITTORGARH","Images","24-Mar-2025","455122"
"2646","Normal/Others","WS/MP499/2024-2025/138132-Construction of roads, link roads, pathways or any other road with or without drainage system","West Bengal","BIRBHUM(DISTRICT MAGISTRATE BIRBHUM_IDA)","at Gokulpur Primary School to Nur Danga, J.L- 130, Dag- 733- 609, G.P- Noapara, Nalhati -II","Smt Satabdi Roy (Banerjee)","BIRBHUM","Images","13-Mar-2025","993182"
"2647","Normal/Others","WS/MP499/2024-2025/138133-Construction of roads, link roads, pathways or any other road with or without drainage system","West Bengal","BIRBHUM(DISTRICT MAGISTRATE BIRBHUM_IDA)","from Ataur house to Mukul ration Shop house, Vill- Kumarsanda, G.P- Nowapara, J.L- 109, Dag- 1037-1033, Nalhati - II","Smt Satabdi Roy (Banerjee)","BIRBHUM","Images","13-Mar-2025","249613"
"2648","Normal/Others","WS/MP18069/2024-2025/163040-Construction of roads, link roads, pathways or any other road with or without drainage system","Himachal Pradesh","CHAMBA(DEPUTY COMMISSIONER CHAMBA_IDA)","construction of pucca path at Kethunda to Pargola.","RAJEEV BHARDWAJ","KANGRA","N/A","15-May-2025","148722"
"2649","Normal/Others","WS/MP18336/2024-2025/147584-Construction of community centers and community halls","Chhattisgarh","Balodabazar-Bhatapara(Collector Baloda Bazar_IDA)","HALL NIRMAN- VIPRA VATIKA SMRITI BALMIKI SHUKLA BHAWAN KE PASS SAMUDAYIK BHAWAN ME HALL NIRMAN","BRIJMOHAN AGRAWAL","RAIPUR","Images","15-Jul-2025","1000000"
"2650","Normal/Others","WS/MP582/2024-2025/149783-Construction of footpaths and pedestrian ways","Gujarat","SURAT(DISTRICT COLLECTOR SURAT_IDA)","Paver block work at the cremation ground at Ranakpore Village, Taluka Mangarol, District Surat","Prabhubhai Nagarbhai Vasava","BARDOLI(ST)","N/A","28-Feb-2025","500000"
"2651","Normal/Others","WS/MP18006/2024-2025/146745-Installing tube-wells and borewells","Andhra Pradesh","CHITTOOR(DISTRICT COLLECTOR CHITTOOR_IDA)","Providing New Borewell at Pabbamchenu Mitta of Eguva Kamma Kandriga GP in SR Puram Mandal of GD Nellore Constituency.","DAGGUMALLA PRASADA RAO","CHITTOOR","Images","05-Feb-2025","185505"
"2652","Normal/Others","WS/MP650/2024-2025/153959-Installing tube-wells and borewells","Madhya Pradesh","INDORE(DISTRICT COLLECTOR INDORE_IDA)","Motor pump installation work with tube well mining for public use, including recharge pit, in  Nehru Nagar Back side of Sheetgrag, near Prajapati Matke Rau  Nagar Parishad Rau Ward 5 VS RAU District indore","Shankar Lalwani","INDORE","Images","06-Feb-2025","427245"
"2653","Normal/Others","WS/MP18004/2024-2025/152145-Street lights","Andhra Pradesh","Alluri Sitharama Raju(DISTRICT COLLECTOR ALLURI SITHARAMARAJU_IDA)","purchase of street lights","Gumma Thanuja Rani","ARAKU(ST)","Images","05-Feb-2025","1394400"
"2654","Normal/Others","WS/MP18158/2024-2025/141777-Construction of toilet blocks","Punjab","PATIALA(DEPUTY COMMISSIONER PATIALA_IDA)","Construction of two female toilets in Freedom Fighter Ujagar Singh Govt High Smart School Nardu","DR DHARAMVIRA GANDHI","PATIALA","Images","05-Aug-2025","150000"
"2655","Normal/Others","WS/MP18377/2024-2025/152271-Street lights","Uttar Pradesh","BAREILLY(DISTRICT MAGISTRAE BAREILLY_IDA)","NAWABGANJ - BHADPURA BLOCK KE 39 GRAM ME STREET LIGHTS","CHHATRA PAL SINGH GANGWAR","BAREILLY","N/A","13-Sep-2025","854043"
"2656","Normal/Others","WS/MP18377/2024-2025/152276-Street lights","Uttar Pradesh","BAREILLY(DISTRICT MAGISTRAE BAREILLY_IDA)","NAWABGANJ - BHADPURA BLOCK KE 39 GRAM ME STREET LIGHTS","CHHATRA PAL SINGH GANGWAR","BAREILLY","N/A","13-Sep-2025","512316"
"2657","Normal/Others","WS/MP18377/2024-2025/152275-Street lights","Uttar Pradesh","BAREILLY(DISTRICT MAGISTRAE BAREILLY_IDA)","NAWABGANJ - BHADPURA BLOCK KE 39 GRAM ME STREET LIGHTS","CHHATRA PAL SINGH GANGWAR","BAREILLY","N/A","13-Sep-2025","854043"
"2658","Normal/Others","WS/MP18377/2024-2025/152274-Street lights","Uttar Pradesh","BAREILLY(DISTRICT MAGISTRAE BAREILLY_IDA)","NAWABGANJ - BHADPURA BLOCK KE 39 GRAM ME STREET LIGHTS","CHHATRA PAL SINGH GANGWAR","BAREILLY","N/A","13-Sep-2025","854043"
"2659","Normal/Others","WS/MP582/2024-2025/137326-Lighting of public spaces","Gujarat","SURAT(DISTRICT COLLECTOR SURAT_IDA)","the following facility work regarding placing electricity pole near the field in front of the P.S., fixing till commissioning 11.00 M.T.R.G.I. Tuber Light Poles with 150 Volt 6 Flooded LEDs Lights Attachment and Leader with 1 Year Maintenance Work Nos.1, at Vav village Near temple Taluka Kamrej, District Surat","Prabhubhai Nagarbhai Vasava","BARDOLI(ST)","Images","09-Apr-2025","191980"
"2660","Normal/Others","WS/MP18377/2024-2025/152272-Street lights","Uttar Pradesh","BAREILLY(DISTRICT MAGISTRAE BAREILLY_IDA)","NAWABGANJ - BHADPURA BLOCK KE 39 GRAM ME STREET LIGHTS","CHHATRA PAL SINGH GANGWAR","BAREILLY","N/A","13-Sep-2025","683234"
"2661","Normal/Others","WS/MP18377/2024-2025/152292-Street lights","Uttar Pradesh","BAREILLY(DISTRICT MAGISTRAE BAREILLY_IDA)","VIKAS KHAND BHOJIPURA KI GRAM PANCHAYAT ME 21 STREET LIGHT","CHHATRA PAL SINGH GANGWAR","BAREILLY","N/A","13-Sep-2025","854043"
"2662","Normal/Others","WS/MP18377/2024-2025/152294-Street lights","Uttar Pradesh","BAREILLY(DISTRICT MAGISTRAE BAREILLY_IDA)","VIKAS KHAND BHOJIPURA KI GRAM PANCHAYAT ME 21 STREET LIGHT","CHHATRA PAL SINGH GANGWAR","BAREILLY","N/A","13-Sep-2025","854043"
"2663","Normal/Others","WS/MP18377/2024-2025/152293-Street lights","Uttar Pradesh","BAREILLY(DISTRICT MAGISTRAE BAREILLY_IDA)","VIKAS KHAND BHOJIPURA KI GRAM PANCHAYAT ME 21 STREET LIGHT","CHHATRA PAL SINGH GANGWAR","BAREILLY","N/A","13-Sep-2025","854043"
"2664","Normal/Others","WS/MP582/2024-2025/137329-Lighting of public spaces","Gujarat","SURAT(DISTRICT COLLECTOR SURAT_IDA)","The following facility work regarding placing electricity pole near the field in front of the P.S., fixing till commissioning 11.00 M.T.R.G.I. Tuber Light Poles with 150 Volt 6 Flooded LEDs Lights Attachment and Leader with 1 Year Maintenance Work Nos.1, at karajn village Near Dudh mandli Taluka Kamrej, District Surat","Prabhubhai Nagarbhai Vasava","BARDOLI(ST)","Images","09-Apr-2025","191980"
"2665","Normal/Others","WS/MP18377/2024-2025/152295-Street lights","Uttar Pradesh","BAREILLY(DISTRICT MAGISTRAE BAREILLY_IDA)","VIKAS KHAND BHOJIPURA KI GRAM PANCHAYAT ME 21 STREET LIGHT","CHHATRA PAL SINGH GANGWAR","BAREILLY","N/A","13-Sep-2025","341617"
"2666","Normal/Others","WS/MP582/2024-2025/137330-Lighting of public spaces","Gujarat","SURAT(DISTRICT COLLECTOR SURAT_IDA)","The following facility work regarding placing electricity pole near the field in front of the P.S., fixing till commissioning 11.00 M.T.R.G.I. Tuber Light Poles with 150 Volt 6 Flooded LEDs Lights Attachment and Leader with 1 Year Maintenance Work Nos.1, at Navi pardi village Near primary school Taluka Kamrej, District Surat","Prabhubhai Nagarbhai Vasava","BARDOLI(ST)","Images","09-Apr-2025","191980"
"2667","Normal/Others","WS/MP18377/2024-2025/152296-Street lights","Uttar Pradesh","BAREILLY(DISTRICT MAGISTRAE BAREILLY_IDA)","VIKAS KHAND BHOJIPURA KI GRAM PANCHAYAT ME 21 STREET LIGHT","CHHATRA PAL SINGH GANGWAR","BAREILLY","N/A","13-Sep-2025","683234"
"2668","Normal/Others","WS/MP582/2024-2025/137331-Lighting of public spaces","Gujarat","SURAT(DISTRICT COLLECTOR SURAT_IDA)","The following facility work regarding placing electricity pole near the field in front of the P.S., fixing till commissioning 11.00 M.T.R.G.I. Tuber Light Poles with 150 Volt 6 Flooded LEDs Lights Attachment and Leader with 1 Year Maintenance Work Nos.1, at Vihan village Near BOB Bank Taluka Kamrej, District Surat","Prabhubhai Nagarbhai Vasava","BARDOLI(ST)","Images","09-Apr-2025","191980"
"2669","Normal/Others","WS/MP582/2024-2025/137332-Lighting of public spaces","Gujarat","SURAT(DISTRICT COLLECTOR SURAT_IDA)","The following facility work regarding placing electricity pole near the field in front of the P.S., fixing till commissioning 11.00 M.T.R.G.I. Tuber Light Poles with 150 Volt 6 Flooded LEDs Lights Attachment and Leader with 1 Year Maintenance Work Nos.1, at Navi pardi village Near primary health center Taluka Kamrej, District Surat","Prabhubhai Nagarbhai Vasava","BARDOLI(ST)","Images","09-Apr-2025","191980"
"2670","Normal/Others","WS/MP18158/2024-2025/141790-Construction of toilet blocks","Punjab","PATIALA(DEPUTY COMMISSIONER PATIALA_IDA)","Construction of two toilets in Govt Senior Secondary School Bhedwal","DR DHARAMVIRA GANDHI","PATIALA","Images","19-Feb-2026","150000"
"2671","Normal/Others","WS/MP18158/2024-2025/141789-Construction of toilet blocks","Punjab","PATIALA(DEPUTY COMMISSIONER PATIALA_IDA)","Construction of two toilets in Govt High School Lalochi","DR DHARAMVIRA GANDHI","PATIALA","Images","23-Jan-2026","150000"
"2672","Normal/Others","WS/MP18159/2024-2025/145788-Construction of public libraries and reading rooms","Rajasthan","ALWAR(DISTRICT COLLECTOR ALWAR_IDA)","Construction work of library room With verandah in Government Higher Secondary School, Jatpur. G.P. Jatpur, P.S. Ramgarh (Alwar)","BHUPENDER YADAV","ALWAR","Images","02-Aug-2025","998844"
"2673","Normal/Others","WS/MP18100/2024-2025/165086-Construction of roads, link roads, pathways or any other road with or without drainage system","Madhya Pradesh","CHHINDWARA(DISTRICT COLLECTOR CHHINDWARA_IDA)","Constraction of CC Road at Keria Gp Jhiria Chourai","BUNTY VIVEK SAHU","CHHINDWARA","N/A","22-Jan-2026","250000"
"2674","Normal/Others","WS/MP18100/2024-2025/165088-Construction of buildings for community cultural activities","Madhya Pradesh","CHHINDWARA(DISTRICT COLLECTOR CHHINDWARA_IDA)","Constraction of munch at Khamariya Gp Ghodawadi Chourai","BUNTY VIVEK SAHU","CHHINDWARA","N/A","22-Jan-2026","50000"
"2675","Normal/Others","WS/MP18100/2024-2025/165090-Construction of roads, link roads, pathways or any other road with or without drainage system","Madhya Pradesh","CHHINDWARA(DISTRICT COLLECTOR CHHINDWARA_IDA)","Constraction of Pevar Block Road at Hardua Mall Gp Simariya kalan Chourai","BUNTY VIVEK SAHU","CHHINDWARA","N/A","22-Jan-2026","250000"
"2676","Normal/Others","WS/MP18173/2024-2025/137452-Construction of roads, link roads, pathways or any other road with or without drainage system","Tamil Nadu","TIRUVANNAMALAI(DISTRICT COLLECTOR TIRUVANNAMALAI_IDA)","Providing Cement Concrete Pavement near Ponniyamman Koil in Chitharukavur Panchayat","THARANIVENTHAN M S","ARANI","Images","05-Feb-2025","199940"
"2677","Normal/Others","WS/MP761/2024-2025/166719-Construction of community centers and community halls","Telangana","Jagitial(DISTRICT COLLECTOR JAGTIAL_IDA)","Construction of Community hall in Swarana, Rajitha, Rathnabharana Wada , Virat Nagar Ailapur road","Arvind Dharmapuri","NIZAMABAD","N/A","19-Aug-2025","356881"
"2678","Normal/Others","WS/MP18311/2024-2025/143260-Installation of fixed garden gym equipment","Punjab","RUPNAGAR(DEPUTY COMMISSIONER ROOPNAGAR_IDA)","Installation of fixed garden gym equipment at village chhota Daudpur","MALVINDER SINGH KANG","ANANDPUR SAHIB","Images","26-Mar-2025","200000"
"2679","Normal/Others","WS/MP858/2024-2025/158025-Construction of roads, link roads, pathways or any other road with or without drainage system","West Bengal","BIRBHUM(DISTRICT MAGISTRATE BIRBHUM_IDA)","Construction CC Road from Sukur sk house to Momin sk house via Eidgha moidan at PAPURI VILLAGE under Charkalgram GP , Executing Agency will be EO NANOOR PANCHAYAT SAMITY.","Asit Kumar Mal","BOLPUR(SC)","Images","28-Feb-2025","999598"
"2680","Normal/Others","WS/MP18004/2024-2025/152096-Street lights","Andhra Pradesh","Alluri Sitharama Raju(DISTRICT COLLECTOR ALLURI SITHARAMARAJU_IDA)","purchase of street lights","Gumma Thanuja Rani","ARAKU(ST)","Images","05-Feb-2025","1394400"
"2681","Normal/Others","WS/MP18004/2024-2025/152141-Street lights","Andhra Pradesh","Alluri Sitharama Raju(DISTRICT COLLECTOR ALLURI SITHARAMARAJU_IDA)","purchase of street lights","Gumma Thanuja Rani","ARAKU(ST)","Images","05-Feb-2025","1394400"
"2682","Normal/Others","WS/MP18199/2024-2025/135929-Construction of roads, link roads, pathways or any other road with or without drainage system","Uttar Pradesh","AMBEDKAR NAGAR(DISTRICT MAGISTRATE AMBEDKAR NAGAR_IDA)","RAM NAGAR JAMDARA HAMID KE GHAR SE AAS MOHAMMAD KE KHET TAK CC KARYA DURI 150M","LALJI VERMA","AMBEDKAR NAGAR","N/A","12-Jan-2026","982828"
"2683","Normal/Others","WS/MP18199/2024-2025/135927-Construction of roads, link roads, pathways or any other road with or without drainage system","Uttar Pradesh","AMBEDKAR NAGAR(DISTRICT MAGISTRATE AMBEDKAR NAGAR_IDA)","BAHORIKPUR SABANA PICH MARG SE RAM CHANDAR YADAV ENT BHATTA TAK KHADANJA KARYA DURI 400M","LALJI VERMA","AMBEDKAR NAGAR","N/A","07-Feb-2026","817011"
"2684","Trust and Society","WS/MP18064/2024-2025/166030-Construction of boundary walls of existing public and community buildings","Haryana","REWARI(District Commissioner Rewari)","Construction and repair of boundry wall, repair and renovation of Shri Bhagwat Bhakti Ashram Trust Society Rampura Rewari","NAVEEN JINDAL","KURUKSHETRA","Images","12-Feb-2026","2500000"
"2685","Normal/Others","WS/MP761/2024-2025/172569-Street lights","Telangana","NIZAMABAD(DISTRICT COLLECTOR NIZAMABAD_IDA)","Providing LED High Mast light near Bhagath Singh statue, Mugpal (V). (M)","Arvind Dharmapuri","NIZAMABAD","N/A","06-Feb-2025","134761"
"2686","Normal/Others","WS/MP777/2024-2025/173161-Construction of roads, link roads, pathways or any other road with or without drainage system","Uttar Pradesh","BULANDSHAHR(DISTRICT MAGISTRATE BULANDSHAHR_IDA)","Gram Bada Block Arniya me Devi Mandir Se Lekar Samadhi ki or interlockin g v nali nirman  Length 100 Mtr","Mahesh Sharma","GAUTAM BUDDHA NAGAR","Images","26-Mar-2025","887203"
"2687","Normal/Others","WS/MP777/2024-2025/173098-Construction of roads, link roads, pathways or any other road with or without drainage system","Uttar Pradesh","BULANDSHAHR(DISTRICT MAGISTRATE BULANDSHAHR_IDA)","Gram Chola Block Sikandrab ad me Rakesh ke makaan se Maansing h ke makaan tak interlockin g v naali nirman 120 Mtr","Mahesh Sharma","GAUTAM BUDDHA NAGAR","Images","26-Mar-2025","1088183"
"2688","Normal/Others","WS/MP777/2024-2025/173100-Construction of roads, link roads, pathways or any other road with or without drainage system","Uttar Pradesh","BULANDSHAHR(DISTRICT MAGISTRATE BULANDSHAHR_IDA)","Gram Nagla Badouda Block Sikandrab ad men Satyapalk e makaan se indrapal ki Deri ki yor interlockin g v naali nirman 127 Mtr","Mahesh Sharma","GAUTAM BUDDHA NAGAR","Images","20-Sep-2025","1077092"
"2689","Normal/Others","WS/MP777/2024-2025/173099-Construction of roads, link roads, pathways or any other road with or without drainage system","Uttar Pradesh","BULANDSHAHR(DISTRICT MAGISTRATE BULANDSHAHR_IDA)","Gram Rasoolpur Rithauli Block Sikandrab ad men Suresh ke makaan se vikki Fauji ke makan ki yor interlockin g evam naali nirman 100 Mtr","Mahesh Sharma","GAUTAM BUDDHA NAGAR","Images","26-Mar-2025","915877"
"2690","Normal/Others","WS/MP777/2024-2025/173102-Construction of roads, link roads, pathways or any other road with or without drainage system","Uttar Pradesh","BULANDSHAHR(DISTRICT MAGISTRATE BULANDSHAHR_IDA)","Gram Hasanpur Baksua Block Sikandrab ad men main road se satish ke makaan ki yor interlocking v naali nirman 105 Mtr","Mahesh Sharma","GAUTAM BUDDHA NAGAR","Images","13-Aug-2025","960548"
"2691","Normal/Others","WS/MP777/2024-2025/173101-Construction of roads, link roads, pathways or any other road with or without drainage system","Uttar Pradesh","BULANDSHAHR(DISTRICT MAGISTRATE BULANDSHAHR_IDA)","Gram Mohammadpur Kehri Block Sikandrabad men kunwarpal ke ghar se main road tak CC v naali nirman 90 Mtr","Mahesh Sharma","GAUTAM BUDDHA NAGAR","Images","13-Aug-2025","782461"
"2692","Normal/Others","WS/MP777/2024-2025/173103-Construction of roads, link roads, pathways or any other road with or without drainage system","Uttar Pradesh","BULANDSHAHR(DISTRICT MAGISTRATE BULANDSHAHR_IDA)","Gram Masauta men Dr Natrapal Sharma ki Baithak se Sodharan Sharma ke gher tak v satveer ki baithak se Vinod ke ghar tak v moja ke ghar se vachaspati ke ghar tak v Shankar Master ke ghar se Rajendra Sharma ke ghar tak interlockin g v naali nirman 160 Mtr","Mahesh Sharma","GAUTAM BUDDHA NAGAR","Images","13-Aug-2025","796503"
"2693","Normal/Others","WS/MP777/2024-2025/173108-Construction of roads, link roads, pathways or any other road with or without drainage system","Uttar Pradesh","BULANDSHAHR(DISTRICT MAGISTRATE BULANDSHAHR_IDA)","Gram Sunpeda block Sikandrab ad me nahar Sunpuda Marg se Panchayat ki yor interlockin g v Naali nirman 25 Mtr","Mahesh Sharma","GAUTAM BUDDHA NAGAR","Images","26-Mar-2025","242710"
"2694","Normal/Others","WS/MP777/2024-2025/173110-Construction of roads, link roads, pathways or any other road with or without drainage system","Uttar Pradesh","BULANDSHAHR(DISTRICT MAGISTRATE BULANDSHAHR_IDA)","Gram Bodah Block Sikandrab ad me Shamshan ghat ke paas kharanje se jayveer ke gher tak interlockin g road nirman 50 Mtr","Mahesh Sharma","GAUTAM BUDDHA NAGAR","Images","13-Aug-2025","249338"
"2695","Normal/Others","WS/MP777/2024-2025/173109-Construction of roads, link roads, pathways or any other road with or without drainage system","Uttar Pradesh","BULANDSHAHR(DISTRICT MAGISTRATE BULANDSHAHR_IDA)","Gram Arniya Kamalpur Block Sikandrab ad me Momraj ke makaan se Gyanvend ra ke gher tak interlockin g v naali nirman 93 Mtr","Mahesh Sharma","GAUTAM BUDDHA NAGAR","Images","13-Aug-2025","609013"
"2696","Normal/Others","WS/MP777/2024-2025/173106-Construction of roads, link roads, pathways or any other road with or without drainage system","Uttar Pradesh","BULANDSHAHR(DISTRICT MAGISTRATE BULANDSHAHR_IDA)","Gram Oledha Block Bulandsha hr me Shiri ke makaan se Soraj Singh ke makaan ki yor interlockin g v naali nirman 60 Mtr","Mahesh Sharma","GAUTAM BUDDHA NAGAR","Images","13-Aug-2025","579588"
"2697","Normal/Others","WS/MP777/2024-2025/173105-Construction of roads, link roads, pathways or any other road with or without drainage system","Uttar Pradesh","BULANDSHAHR(DISTRICT MAGISTRATE BULANDSHAHR_IDA)","Gram Shekhpur Block Sikandrab ad me Kuldeep ke makaan se Devi ke makaan ki yor interlockin g v naali 117 Mtr","Mahesh Sharma","GAUTAM BUDDHA NAGAR","Images","26-Mar-2025","1059077"
"2698","Normal/Others","WS/MP777/2024-2025/173107-Construction of roads, link roads, pathways or any other road with or without drainage system","Uttar Pradesh","BULANDSHAHR(DISTRICT MAGISTRATE BULANDSHAHR_IDA)","Gram Saloni Urf Rauni Block Sikandrab ad me Jaipal Master ji ke ghar se Primary School ki yor CC road v naali nirman 105 Mtr","Mahesh Sharma","GAUTAM BUDDHA NAGAR","Images","13-Aug-2025","797601"
"2699","Normal/Others","WS/MP777/2024-2025/173111-Construction of roads, link roads, pathways or any other road with or without drainage system","Uttar Pradesh","BULANDSHAHR(DISTRICT MAGISTRATE BULANDSHAHR_IDA)","Gram Ashadei Urf Prangarh men Krishnapal lke makaan se thansingh ke ghar ki yor interlockin g sadak nirman 36 Mtr","Mahesh Sharma","GAUTAM BUDDHA NAGAR","Images","26-Mar-2025","331803"
"2700","Normal/Others","WS/MP777/2024-2025/173160-Construction of roads, link roads, pathways or any other road with or without drainage system","Uttar Pradesh","BULANDSHAHR(DISTRICT MAGISTRATE BULANDSHAHR_IDA)","Gram Arniya Maujpur Block Khurja me Siyaram ke Ghar se Bhawan Singh ke Ghar ki or interlockin g v nali nirman  length 85 Mtr","Mahesh Sharma","GAUTAM BUDDHA NAGAR","Images","13-Aug-2025","832740"
"2701","Normal/Others","WS/MP777/2024-2025/173162-Construction of roads, link roads, pathways or any other road with or without drainage system","Uttar Pradesh","BULANDSHAHR(DISTRICT MAGISTRATE BULANDSHAHR_IDA)","Gram Hamirpur Block Arniya me main road se Rambabu de Ghar ki or interlockin g v nali nirman  Length 140 Mtr","Mahesh Sharma","GAUTAM BUDDHA NAGAR","Images","26-Mar-2025","815068"
"2702","Normal/Others","WS/MP777/2024-2025/173163-Construction of roads, link roads, pathways or any other road with or without drainage system","Uttar Pradesh","BULANDSHAHR(DISTRICT MAGISTRATE BULANDSHAHR_IDA)","Gram Sarawa Dadupur Block Khurja me Dilshad ke makaan se Ramjani ke makaan ki or interlockin g v nali nirman  Length 120 Mtr","Mahesh Sharma","GAUTAM BUDDHA NAGAR","Images","26-Mar-2025","863483"
"2703","Normal/Others","WS/MP18220/2024-2025/157406-Construction of cycle tracks, cycle stand and segregated non-motorized vehicle (NMV) lanes","Uttar Pradesh","HATHRAS(DISTRICT MAGISTRATE HATHRAS_IDA)","Gram Hasanpurbaru Block Sehpau mai Hariom kai nohrai se Ambedkar Park ki taraf 140 meeter sadak ka Interlocking work.","ANOOP PRADHAN BALMIKI","HATHRAS (SC)","N/A","27-Mar-2025","1287572"
"2704","Normal/Others","WS/MP777/2024-2025/173165-Construction of roads, link roads, pathways or any other road with or without drainage system","Uttar Pradesh","BULANDSHAHR(DISTRICT MAGISTRATE BULANDSHAHR_IDA)","Nizampur Block Khurja me Chokha ke Ghar se Sanjeev ke Ghar ki or interlockin g v nail nirmaan Length 100 Mtr","Mahesh Sharma","GAUTAM BUDDHA NAGAR","Images","26-Mar-2025","733218"
"2705","Normal/Others","WS/MP777/2024-2025/173164-Construction of roads, link roads, pathways or any other road with or without drainage system","Uttar Pradesh","BULANDSHAHR(DISTRICT MAGISTRATE BULANDSHAHR_IDA)","Yusufpur Malgousa block Arniya me Masjid se lekar Kalu khan ke Ghar ki or interlockin g v nail nirman Length 100 Mtr","Mahesh Sharma","GAUTAM BUDDHA NAGAR","Images","13-Aug-2025","946045"
"2706","Normal/Others","WS/MP777/2024-2025/173167-Construction of roads, link roads, pathways or any other road with or without drainage system","Uttar Pradesh","BULANDSHAHR(DISTRICT MAGISTRATE BULANDSHAHR_IDA)","Parori Block khurja me Devi mandir se Ramesh Dhobi ke Ghar ki or interlocking karya length 120 Mtr","Mahesh Sharma","GAUTAM BUDDHA NAGAR","Images","13-Aug-2025","919987"
"2707","Normal/Others","WS/MP777/2024-2025/173171-Construction of roads, link roads, pathways or any other road with or without drainage system","Uttar Pradesh","BULANDSHAHR(DISTRICT MAGISTRATE BULANDSHAHR_IDA)","Gram Dharpa chuharpur block khurja me Bhanu Pratap Singh ki Chakki se Jai Shiv Baba ke Gate ko or Interlocking karya Length 131 Mtr","Mahesh Sharma","GAUTAM BUDDHA NAGAR","Images","26-Mar-2025","792197"
"2708","Normal/Others","WS/MP777/2024-2025/173166-Construction of roads, link roads, pathways or any other road with or without drainage system","Uttar Pradesh","BULANDSHAHR(DISTRICT MAGISTRATE BULANDSHAHR_IDA)","Deenaul block Khurja me Shiv mandir Chowk se lekar Bhikari Lal Sharma ke Ghar ki or interlocking v nail nirman  Length 95 Mtr","Mahesh Sharma","GAUTAM BUDDHA NAGAR","Images","26-Mar-2025","924954"
"2709","Normal/Others","WS/MP777/2024-2025/173169-Construction of roads, link roads, pathways or any other road with or without drainage system","Uttar Pradesh","BULANDSHAHR(DISTRICT MAGISTRATE BULANDSHAHR_IDA)","Gram Mubarikpur block Khurja me Pakki sadak se Sukhveer putra Babu ke ghar ki or interlockin g karya Length 110 Mtr","Mahesh Sharma","GAUTAM BUDDHA NAGAR","Images","26-Mar-2025","849705"
"2710","Normal/Others","WS/MP777/2024-2025/173168-Construction of roads, link roads, pathways or any other road with or without drainage system","Uttar Pradesh","BULANDSHAHR(DISTRICT MAGISTRATE BULANDSHAHR_IDA)","Gram Inayatpur Urf Madhupura Block khurja me Debu ke ghar se Kukku ke ghar ki or interlocking v nail karya Length 94 Mtr","Mahesh Sharma","GAUTAM BUDDHA NAGAR","Images","26-Mar-2025","468291"
"2711","Normal/Others","WS/MP777/2024-2025/173104-Construction of roads, link roads, pathways or any other road with or without drainage system","Uttar Pradesh","BULANDSHAHR(DISTRICT MAGISTRATE BULANDSHAHR_IDA)","Gram Samkola Block Gulaothi men Bhagirath ke ghar se Ashok Vidhuri ke ghar ki yor CC road v naali nirman 60 Mtr","Mahesh Sharma","GAUTAM BUDDHA NAGAR","Images","13-Aug-2025","518582"
"2712","Normal/Others","WS/MP18206/2024-2025/144202-Lighting of public spaces","Uttar Pradesh","CHITRAKOOT(DISTRICT MAGISTRATE CHITRAKOOT_IDA)","gram panchayat Mau B me sc/st basti ke chaurahe ke paas  sarwjanik sthan par high mast light sthapna karya","KRISHNA DEVI SHIVSHANKER PATEL","BANDA","Images","24-Apr-2025","226584"
"2713","Normal/Others","WS/MP18206/2024-2025/144200-Lighting of public spaces","Uttar Pradesh","CHITRAKOOT(DISTRICT MAGISTRATE CHITRAKOOT_IDA)","gram panchayat Lodhia Khurd me mandir ke paas sarwjanik sthan par high mast light sthapna karya","KRISHNA DEVI SHIVSHANKER PATEL","BANDA","Images","16-Jun-2025","226584"
"2714","Normal/Others","WS/MP18206/2024-2025/144199-Lighting of public spaces","Uttar Pradesh","CHITRAKOOT(DISTRICT MAGISTRATE CHITRAKOOT_IDA)","gram panchayat Khutaha me panchayat bhawan ke paas sarwjanik sthan par high mast light sthapna karya","KRISHNA DEVI SHIVSHANKER PATEL","BANDA","Images","24-Apr-2025","226584"
"2715","Normal/Others","WS/MP18206/2024-2025/144210-Lighting of public spaces","Uttar Pradesh","CHITRAKOOT(DISTRICT MAGISTRATE CHITRAKOOT_IDA)","gram panchayat Rasin ke majra mahadewan me sc/st basti ke paas sarwjanik sthan par high mast light sthapna karya","KRISHNA DEVI SHIVSHANKER PATEL","BANDA","Images","16-Jun-2025","226584"
"2716","Normal/Others","WS/MP18206/2024-2025/144209-Lighting of public spaces","Uttar Pradesh","CHITRAKOOT(DISTRICT MAGISTRATE CHITRAKOOT_IDA)","gram panchayat Ram Tekawa me sc/st basti ke chaurahe ke paas sarwjanik sthan par high mast light sthapna karya","KRISHNA DEVI SHIVSHANKER PATEL","BANDA","Images","24-Apr-2025","226584"
"2717","Normal/Others","WS/MP18206/2024-2025/144208-Lighting of public spaces","Uttar Pradesh","CHITRAKOOT(DISTRICT MAGISTRATE CHITRAKOOT_IDA)","gram panchayat Path Raudi me chauhan dhaba ke paas sarwjanik sthan par high mast light sthapna karya","KRISHNA DEVI SHIVSHANKER PATEL","BANDA","Images","24-Apr-2025","226584"
"2718","Normal/Others","WS/MP18206/2024-2025/144207-Lighting of public spaces","Uttar Pradesh","CHITRAKOOT(DISTRICT MAGISTRATE CHITRAKOOT_IDA)","gram panchayat Paikaura Mafi me primary vidyalaya ke pass sc/st basti ke sarwjanik sthan par high mast light sthapna karya","KRISHNA DEVI SHIVSHANKER PATEL","BANDA","Images","24-Apr-2025","226584"
"2719","Normal/Others","WS/MP18206/2024-2025/144206-Lighting of public spaces","Uttar Pradesh","CHITRAKOOT(DISTRICT MAGISTRATE CHITRAKOOT_IDA)","gram panchayat Pahara ke chitrkoot chauraha ke paas sc/st basti ke sarwjanik sthan par high mast light sthapna karya","KRISHNA DEVI SHIVSHANKER PATEL","BANDA","Images","24-Apr-2025","226584"
"2720","Normal/Others","WS/MP18206/2024-2025/144205-Lighting of public spaces","Uttar Pradesh","CHITRAKOOT(DISTRICT MAGISTRATE CHITRAKOOT_IDA)","gram panchayat Pahara bhikhampur me devi ji ke mandir ke paas  sarwjanik sthan par high mast light sthapna karya","KRISHNA DEVI SHIVSHANKER PATEL","BANDA","Images","24-Apr-2025","226584"
"2721","Normal/Others","WS/MP18206/2024-2025/144216-Lighting of public spaces","Uttar Pradesh","CHITRAKOOT(DISTRICT MAGISTRATE CHITRAKOOT_IDA)","gram panchayat Bankat me kumharan basti chauraha ke paas sarwjanik sthan par high mast light sthapna karya","KRISHNA DEVI SHIVSHANKER PATEL","BANDA","Images","16-Jun-2025","226584"
"2722","Normal/Others","WS/MP18206/2024-2025/144215-Lighting of public spaces","Uttar Pradesh","CHITRAKOOT(DISTRICT MAGISTRATE CHITRAKOOT_IDA)","gram panchayat Pahadi Bujurg ke hardauli chaurahe ke  paas sc/st basti ke sarwjanik sthan par high mast light sthapna karya","KRISHNA DEVI SHIVSHANKER PATEL","BANDA","Images","16-Jun-2025","226584"
"2723","Normal/Others","WS/MP18206/2024-2025/144214-Lighting of public spaces","Uttar Pradesh","CHITRAKOOT(DISTRICT MAGISTRATE CHITRAKOOT_IDA)","gram panchayat Pahadi Bujurg me chakaundh socity ke paas  sarwjanik sthan par high mast light sthapna karya","KRISHNA DEVI SHIVSHANKER PATEL","BANDA","Images","16-Jun-2025","226584"
"2724","Normal/Others","WS/MP18206/2024-2025/144213-Lighting of public spaces","Uttar Pradesh","CHITRAKOOT(DISTRICT MAGISTRATE CHITRAKOOT_IDA)","gram panchayat Sheo Rampur me station road tirahe ke paas  sarwjanik sthan par high mast light sthapna karya","KRISHNA DEVI SHIVSHANKER PATEL","BANDA","Images","16-Jun-2025","226584"
"2725","Normal/Others","WS/MP18206/2024-2025/144212-Lighting of public spaces","Uttar Pradesh","CHITRAKOOT(DISTRICT MAGISTRATE CHITRAKOOT_IDA)","gram panchayat Ripurwa Mafi me tirahe ke paas sarwjanik sthan par high mast light sthapna karya","KRISHNA DEVI SHIVSHANKER PATEL","BANDA","Images","24-Apr-2025","226584"
"2726","Normal/Others","WS/MP18206/2024-2025/144211-Lighting of public spaces","Uttar Pradesh","CHITRAKOOT(DISTRICT MAGISTRATE CHITRAKOOT_IDA)","gram panchayat Rasin me tirahe ke paas sarwjanik sthan par high mast light sthapna karya","KRISHNA DEVI SHIVSHANKER PATEL","BANDA","Images","24-Apr-2025","226584"
"2727","Normal/Others","WS/MP18206/2024-2025/144222-Lighting of public spaces","Uttar Pradesh","CHITRAKOOT(DISTRICT MAGISTRATE CHITRAKOOT_IDA)","gram panchayat Lamiyari me chandrika devi ke sthan ke paas sarwjanik sthan par high mast light sthapna karya","KRISHNA DEVI SHIVSHANKER PATEL","BANDA","N/A","16-Jun-2025","226584"
"2728","Normal/Others","WS/MP18206/2024-2025/144223-Lighting of public spaces","Uttar Pradesh","CHITRAKOOT(DISTRICT MAGISTRATE CHITRAKOOT_IDA)","gram panchayat Khutaha me Foolchandra Singh Patel ke makan ke paas  sarwjanik sthan par high mast light sthapna karya","KRISHNA DEVI SHIVSHANKER PATEL","BANDA","Images","24-Apr-2025","226584"
"2729","Normal/Others","WS/MP18206/2024-2025/144227-Lighting of public spaces","Uttar Pradesh","CHITRAKOOT(DISTRICT MAGISTRATE CHITRAKOOT_IDA)","gram panchayat Pathara Mani me Shivkumar ke makan ke paas sc/st basti ke sarwjanik sthan par high mast light sthapna karya","KRISHNA DEVI SHIVSHANKER PATEL","BANDA","Images","16-Jun-2025","226584"
"2730","Normal/Others","WS/MP18206/2024-2025/144217-Lighting of public spaces","Uttar Pradesh","CHITRAKOOT(DISTRICT MAGISTRATE CHITRAKOOT_IDA)","gram panchayat Chilli Mal Banger me  sarwjanik sthan par high mast light sthapna karya","KRISHNA DEVI SHIVSHANKER PATEL","BANDA","Images","16-Jun-2025","226584"
"2731","Normal/Others","WS/MP18206/2024-2025/144186-Lighting of public spaces","Uttar Pradesh","CHITRAKOOT(DISTRICT MAGISTRATE CHITRAKOOT_IDA)","gram panchayat Bachharan me tirahe ke paas sarwjanik sthan par high mast light sthapna karya","KRISHNA DEVI SHIVSHANKER PATEL","BANDA","Images","16-Jun-2025","226584"
"2732","Normal/Others","WS/MP18069/2024-2025/165578-Construction of flood control embankments/ protection walls along riverbanks, hilltops, roadsides","Himachal Pradesh","KANGRA(DEPUTY COMMISSIONER KANGRA_IDA)","Construction of flood embakement from the house of Kamla Devi to House o Gajo Devi.ward no.5.","RAJEEV BHARDWAJ","KANGRA","N/A","03-Mar-2025","200000"
"2733","Normal/Others","WS/MP18206/2024-2025/144220-Lighting of public spaces","Uttar Pradesh","CHITRAKOOT(DISTRICT MAGISTRATE CHITRAKOOT_IDA)","gram panchayat Bilas Khadar me tirahe ke paas sc/st basti ke sarwjanik sthan par high mast light sthapna karya","KRISHNA DEVI SHIVSHANKER PATEL","BANDA","Images","16-Jun-2025","226584"
"2734","Normal/Others","WS/MP18069/2024-2025/165571-Construction of public irrigation facilities","Himachal Pradesh","KANGRA(DEPUTY COMMISSIONER KANGRA_IDA)","Construction of Kuhal from the land of Mehar Singh towards the land of Baburam. ward no.5.","RAJEEV BHARDWAJ","KANGRA","N/A","13-May-2025","300000"
"2735","Normal/Others","WS/MP18311/2024-2025/143258-Installation of fixed garden gym equipment","Punjab","RUPNAGAR(DEPUTY COMMISSIONER ROOPNAGAR_IDA)","Installation of fixed garden gym equipment at village Makrauna khurad","MALVINDER SINGH KANG","ANANDPUR SAHIB","Images","21-Mar-2025","200000"
"2736","Normal/Others","WS/MP18313/2024-2025/164220-Construction of rooms and halls in school and colleges","Rajasthan","DUNGARPUR(DISTRICT COLLECTOR DUNGARPUR_IDA)","GSSS Nagriya Panchela Mein Gate Nirman Kary","RAJ KUMAR ROAT","BANSWARA(ST)","Images","05-Dec-2025","329000"
"2737","Normal/Others","WS/MP18069/2024-2025/165590-Construction of footpaths and pedestrian ways","Himachal Pradesh","KANGRA(DEPUTY COMMISSIONER KANGRA_IDA)","Construction of Kuhal Dibri Nala. Gp Ghang Ward no2","RAJEEV BHARDWAJ","KANGRA","N/A","13-Mar-2025","300000"
"2738","Normal/Others","WS/MP745/2024-2025/141240-Construction of roads, link roads, pathways or any other road with or without drainage system","Tamil Nadu","TIRUPPUR(DISTRICT COLLECTOR TIRUPPUR_IDA)","11th ward, sasthiri street,consrection of cc road at tirupur corpration","K Subbarayan","TIRUPPUR","Images","07-Feb-2025","750000"
"2739","Normal/Others","WS/MP18311/2024-2025/143261-Installation of fixed garden gym equipment","Punjab","RUPNAGAR(DEPUTY COMMISSIONER ROOPNAGAR_IDA)","Installation of fixed garden gym equipment at village Bara Gadram","MALVINDER SINGH KANG","ANANDPUR SAHIB","Images","21-Mar-2025","200000"
"2740","Normal/Others","WS/MP18206/2024-2025/144219-Lighting of public spaces","Uttar Pradesh","CHITRAKOOT(DISTRICT MAGISTRATE CHITRAKOOT_IDA)","gram panchayat Bardwara me tirahe ke paas sarwjanik sthan par high mast light sthapna karya","KRISHNA DEVI SHIVSHANKER PATEL","BANDA","Images","16-Jun-2025","226584"
"2741","Normal/Others","WS/MP18206/2024-2025/144225-Lighting of public spaces","Uttar Pradesh","CHITRAKOOT(DISTRICT MAGISTRATE CHITRAKOOT_IDA)","gram panchayat Atrouli Mafi me Babbu Singh ke makan ke paas  sarwjanik sthan par high mast light sthapna karya","KRISHNA DEVI SHIVSHANKER PATEL","BANDA","Images","16-Jun-2025","226584"
"2742","Normal/Others","WS/MP18206/2024-2025/144224-Lighting of public spaces","Uttar Pradesh","CHITRAKOOT(DISTRICT MAGISTRATE CHITRAKOOT_IDA)","gram panchayat Kucharam me Mhendra Singh Patel ke makan ke paas sarwjanik sthan par high mast light sthapna karya","KRISHNA DEVI SHIVSHANKER PATEL","BANDA","Images","16-Jun-2025","226584"
"2743","Normal/Others","WS/MP18206/2024-2025/144218-Lighting of public spaces","Uttar Pradesh","CHITRAKOOT(DISTRICT MAGISTRATE CHITRAKOOT_IDA)","gram panchayat Kanthipur chaurahe ke paas sc/st basti ke sarwjanik sthan par high mast light sthapna karya","KRISHNA DEVI SHIVSHANKER PATEL","BANDA","Images","16-Jun-2025","226584"
"2744","Normal/Others","WS/MP18206/2024-2025/144204-Lighting of public spaces","Uttar Pradesh","CHITRAKOOT(DISTRICT MAGISTRATE CHITRAKOOT_IDA)","gram panchayat Pahadi Bujurg me bisanda road mandir ke paas sarwjanik sthan par high mast light sthapna karya","KRISHNA DEVI SHIVSHANKER PATEL","BANDA","Images","24-Apr-2025","226584"
"2745","Normal/Others","WS/MP18206/2024-2025/144188-Lighting of public spaces","Uttar Pradesh","CHITRAKOOT(DISTRICT MAGISTRATE CHITRAKOOT_IDA)","gram panchayat Byohara me sc/st basti ke kuwan ke paas sarwjanik sthan par high mast light sthapna karya","KRISHNA DEVI SHIVSHANKER PATEL","BANDA","Images","16-Jun-2025","226584"
"2746","Normal/Others","WS/MP18206/2024-2025/144201-Lighting of public spaces","Uttar Pradesh","CHITRAKOOT(DISTRICT MAGISTRATE CHITRAKOOT_IDA)","gram panchayat Magarhai ke main chaurahe ke  paas sarwjanik sthan par high mast light sthapna karya","KRISHNA DEVI SHIVSHANKER PATEL","BANDA","Images","24-Apr-2025","226584"
"2747","Normal/Others","WS/MP18206/2024-2025/144192-Lighting of public spaces","Uttar Pradesh","CHITRAKOOT(DISTRICT MAGISTRATE CHITRAKOOT_IDA)","gram panchayat Deokali ke majra usara purawa tiraha ke paas  sarwjanik sthan par high mast light sthapna karya","KRISHNA DEVI SHIVSHANKER PATEL","BANDA","Images","16-Jun-2025","226584"
"2748","Normal/Others","WS/MP797/2024-2025/151048-Street lights","Uttar Pradesh","FARRUKHABAD(DISTRICT MAGISTRAE FARRUKHABAD_IDA)","Installation of a semi-high mast light with six LEDs at a public place in the village Akalganj of Farrukhabad assembly of my parliamentary constituency Farrukhabad in consultation with Shri Kanhaiya. mobile number 9452575811. (Executing Agency UPSIC Muradabad)","Mukesh Rajput","FARRUKHABAD","Images","17-Jul-2025","222921"
"2749","Normal/Others","WS/MP797/2024-2025/151049-Street lights","Uttar Pradesh","FARRUKHABAD(DISTRICT MAGISTRAE FARRUKHABAD_IDA)","Installation of a six LED semi high mast light at a public place in village Katridharmpur of Farrukhabad assembly constituency of my parliamentary constituency Farrukhabad in consultation with Shri Dharmveer. mobile number 9956686028. (Executing Agency UPSIC Muradabad)","Mukesh Rajput","FARRUKHABAD","Images","17-Jul-2025","222921"
"2750","Normal/Others","WS/MP797/2024-2025/151050-Street lights","Uttar Pradesh","FARRUKHABAD(DISTRICT MAGISTRAE FARRUKHABAD_IDA)","Installation of a semi-high mast light with six LEDs at a public place in consultation with Shri Ram Rais in village Mahalai of Farrukhabad Assembly constituency of my parliamentary constituency Farrukhabad. mobile number 9793586868. (Executing Agency UPSIC Muradabad)","Mukesh Rajput","FARRUKHABAD","Images","17-Jul-2025","222921"
"2751","Normal/Others","WS/MP797/2024-2025/151051-Street lights","Uttar Pradesh","FARRUKHABAD(DISTRICT MAGISTRAE FARRUKHABAD_IDA)","Installation of a semi-high mast light with six LEDs at a public place in the village Syamanagar Bhopatpatti of Farrukhabad assembly constituency of my parliamentary constituency Farrukhabad in consultation with Shri Lajjaram. mobile number 7007261672. (Executing Agency UPSIC Muradabad)","Mukesh Rajput","FARRUKHABAD","Images","17-Jul-2025","222921"
"2752","Normal/Others","WS/MP797/2024-2025/151052-Street lights","Uttar Pradesh","FARRUKHABAD(DISTRICT MAGISTRAE FARRUKHABAD_IDA)","Installation of a six LED semi high mast light at a public place in the village Rampur Dhaparpur of Farrukhabad assembly constituency of my parliamentary constituency Farrukhabad in consultation with Shri Amit Rajput. mobile number 9621372787. (Executing Agency UPSIC Muradabad)","Mukesh Rajput","FARRUKHABAD","Images","17-Jul-2025","222921"
"2753","Normal/Others","WS/MP797/2024-2025/151054-Street lights","Uttar Pradesh","FARRUKHABAD(DISTRICT MAGISTRAE FARRUKHABAD_IDA)","Installation of a six LED semi high mast light at a public place in Mohalla Bibiganj of Farrukhabad Assembly constituency of my parliamentary constituency Farrukhabad in consultation with Shri Arvind Gupta. mobile number 9919156503. (Executing Agency UPSIC Muradabad)","Mukesh Rajput","FARRUKHABAD","Images","17-Jul-2025","222921"
"2754","Normal/Others","WS/MP797/2024-2025/151056-Street lights","Uttar Pradesh","FARRUKHABAD(DISTRICT MAGISTRAE FARRUKHABAD_IDA)","Installation of a semi-high mast light with six LEDs at a public place in Mohalla Chhakka Nazir Kuncha of Farrukhabad assembly constituency of my parliamentary constituency Farrukhabad in consultation with Shri Subodh Tiwari. mobile number 9415167552. (Executing Agency UPSIC Muradabad)","Mukesh Rajput","FARRUKHABAD","Images","17-Jul-2025","222921"
"2755","Normal/Others","WS/MP797/2024-2025/151057-Street lights","Uttar Pradesh","FARRUKHABAD(DISTRICT MAGISTRAE FARRUKHABAD_IDA)","Installation of a semi high mast light with six LEDs at a public place in Yakutganj of Farrukhabad assembly of my parliamentary constituency Farrukhabad in consultation with Shri Ranjit Katiyar. mobile number 8174074274. (Executing Agency UPSIC Muradabad)","Mukesh Rajput","FARRUKHABAD","Images","17-Jul-2025","222921"
"2756","Normal/Others","WS/MP797/2024-2025/151058-Street lights","Uttar Pradesh","FARRUKHABAD(DISTRICT MAGISTRAE FARRUKHABAD_IDA)","Installation of a semi-high mast light with six LEDs at a public place in consultation with Shri Hari Singh Katiyar in village Mahrupur Sahju of Farrukhabad assembly constituency of my parliamentary constituency Farrukhabad. mobile number 9918946600. (Executing Agency UPSIC Muradabad)","Mukesh Rajput","FARRUKHABAD","Images","17-Jul-2025","222921"
"2757","Normal/Others","WS/MP797/2024-2025/151059-Street lights","Uttar Pradesh","FARRUKHABAD(DISTRICT MAGISTRAE FARRUKHABAD_IDA)","Installation of a semi high mast light with six LEDs at a public place in Nekpur Chaurasi of Farrukhabad assembly of my parliamentary constituency Farrukhabad in consultation with Shri Anagpal. mobile number 9695835330 (Executing Agency UPSIC Muradabad)","Mukesh Rajput","FARRUKHABAD","Images","17-Jul-2025","222921"
"2758","Normal/Others","WS/MP797/2024-2025/151060-Street lights","Uttar Pradesh","FARRUKHABAD(DISTRICT MAGISTRAE FARRUKHABAD_IDA)","Installation of a semi-high mast light with six LEDs at a public place in Mohalla Talaiya Fazal Imam of Farrukhabad, my parliamentary constituency Farrukhabad, in consultation with Shri Raj Kumar Verma. mobile number 9838993824. (Executing Agency UPSIC Muradabad)","Mukesh Rajput","FARRUKHABAD","Images","17-Jul-2025","222921"
"2759","Normal/Others","WS/MP797/2024-2025/151062-Street lights","Uttar Pradesh","FARRUKHABAD(DISTRICT MAGISTRAE FARRUKHABAD_IDA)","Installation of a semi-high mast light with six LEDs at a public place in Mohalla Jasmai of Farrukhabad Assembly constituency of my parliamentary constituency Farrukhabad in consultation with Shri Dataram. mobile number 9838744345, (Executing Agency UPSIC Muradabad)","Mukesh Rajput","FARRUKHABAD","Images","17-Jul-2025","222921"
"2760","Normal/Others","WS/MP797/2024-2025/151063-Street lights","Uttar Pradesh","FARRUKHABAD(DISTRICT MAGISTRAE FARRUKHABAD_IDA)","Installation of a semi-high mast light with six LEDs at a public place in Mohalla Mahmadpur Karsan of Farrukhabad, my parliamentary constituency Farrukhabad, in consultation with Shri Jagatram. mobile number 9956902972. (Executing Agency UPSIC Muradabad)","Mukesh Rajput","FARRUKHABAD","Images","17-Jul-2025","222921"
"2761","Normal/Others","WS/MP797/2024-2025/151066-Street lights","Uttar Pradesh","FARRUKHABAD(DISTRICT MAGISTRAE FARRUKHABAD_IDA)","Installation of a semi high mast light with six LEDs at a public place in village Chowki Mahamadpur of Farrukhabad assembly constituency of my parliamentary constituency Farrukhabad in consultation with Shri Meghnath Rajput. mobile number 99369619387. (Executing Agency UPSIC Muradabad)","Mukesh Rajput","FARRUKHABAD","Images","17-Jul-2025","222921"
"2762","Normal/Others","WS/MP797/2024-2025/151064-Street lights","Uttar Pradesh","FARRUKHABAD(DISTRICT MAGISTRAE FARRUKHABAD_IDA)","Installation of a semi-high mast light with six LEDs at a public place in consultation with Shri Sanjay Katiyar in village Kiratpur of Farrukhabad Assembly constituency of my parliamentary constituency Farrukhabad. mobile number 8787046158. (Executing Agency UPSIC Muradabad)","Mukesh Rajput","FARRUKHABAD","Images","17-Jul-2025","222921"
"2763","Normal/Others","WS/MP797/2024-2025/151065-Street lights","Uttar Pradesh","FARRUKHABAD(DISTRICT MAGISTRAE FARRUKHABAD_IDA)","Installation of a semi-high mast light with six LEDs at a public place in village Gadakheda of Farrukhabad assembly of my parliamentary constituency Farrukhabad in consultation with Shri Surendra Rajput. mobile number 9455142605. (Executing Agency UPSIC Muradabad)","Mukesh Rajput","FARRUKHABAD","Images","17-Jul-2025","222921"
"2764","Normal/Others","WS/MP797/2024-2025/151067-Street lights","Uttar Pradesh","FARRUKHABAD(DISTRICT MAGISTRAE FARRUKHABAD_IDA)","Installation of a six LED semi high mast light at a public place in Bhojpur, Farrukhabad assembly of my parliamentary constituency Farrukhabad in consultation with Shri Sher Singh Pal. mobile number 7380257238. (Executing Agency UPSIC Muradabad)","Mukesh Rajput","FARRUKHABAD","Images","17-Jul-2025","222921"
"2765","Normal/Others","WS/MP797/2024-2025/151068-Street lights","Uttar Pradesh","FARRUKHABAD(DISTRICT MAGISTRAE FARRUKHABAD_IDA)","Installation of a semi high mast light with six LEDs at a public place in consultation with Shri Bhudev Rajput in village Pithupur Mehdiya of Farrukhabad assembly constituency of my parliamentary constituency Farrukhabad. mobile number 7236858657. (Executing Agency UPSIC Muradabad)","Mukesh Rajput","FARRUKHABAD","Images","17-Jul-2025","222921"
"2766","Normal/Others","WS/MP797/2024-2025/151069-Street lights","Uttar Pradesh","FARRUKHABAD(DISTRICT MAGISTRAE FARRUKHABAD_IDA)","Installation of a semi-high mast light with six LEDs at a public place in the village Chhedangala of Farrukhabad assembly constituency of my parliamentary constituency Farrukhabad in consultation with Shri Harish Chandra. mobile number 8127490553. (Executing Agency UPSIC Muradabad)","Mukesh Rajput","FARRUKHABAD","Images","17-Jul-2025","222921"
"2767","Normal/Others","WS/MP797/2024-2025/151070-Street lights","Uttar Pradesh","FARRUKHABAD(DISTRICT MAGISTRAE FARRUKHABAD_IDA)","Installation of a semi-high mast light with six LEDs at a public place in consultation with Shri Sudesh Rajput in village Nagla Khairband of Farrukhabad assembly constituency of my parliamentary constituency Farrukhabad. mobile number 8755270356. (Executing Agency UPSIC Muradabad)","Mukesh Rajput","FARRUKHABAD","Images","17-Jul-2025","222921"
"2768","Normal/Others","WS/MP797/2024-2025/151072-Street lights","Uttar Pradesh","FARRUKHABAD(DISTRICT MAGISTRAE FARRUKHABAD_IDA)","Installation of a semi-high mast light with six LEDs at a public place in Mohalla Deendayal Bagh of Farrukhabad assembly constituency of my parliamentary constituency Farrukhabad in consultation with Shri Jabahar Rajput. mobile number 8299057403. (Executing Agency UPSIC Muradabad)","Mukesh Rajput","FARRUKHABAD","Images","17-Jul-2025","222921"
"2769","Normal/Others","WS/MP797/2024-2025/151073-Street lights","Uttar Pradesh","FARRUKHABAD(DISTRICT MAGISTRAE FARRUKHABAD_IDA)","Installation of a semi-high mast light with six LEDs at a public place in Mohalla Chobhadaran of Farrukhabad assembly constituency of my parliamentary constituency Farrukhabad in consultation with Mr. Kaushal. mobile number 8707017246. (Executing Agency UPSIC Muradabad)","Mukesh Rajput","FARRUKHABAD","Images","17-Jul-2025","222921"
"2770","Normal/Others","WS/MP18206/2024-2025/144195-Lighting of public spaces","Uttar Pradesh","CHITRAKOOT(DISTRICT MAGISTRATE CHITRAKOOT_IDA)","gram panchayat Kandhwaniya ke majra ayodhya kori ka dera me sc/st basti ke sarwjanik sthan par high mast light sthapna karya","KRISHNA DEVI SHIVSHANKER PATEL","BANDA","Images","16-Jun-2025","226584"
"2771","Normal/Others","WS/MP18206/2024-2025/144194-Lighting of public spaces","Uttar Pradesh","CHITRAKOOT(DISTRICT MAGISTRATE CHITRAKOOT_IDA)","gram panchayat Itroul Bhikhampur  me panchayat bhawan ke  paas sc/st basti ke sarwjanik sthan par high mast light sthapna karya","KRISHNA DEVI SHIVSHANKER PATEL","BANDA","Images","24-Apr-2025","226584"
"2772","Normal/Others","WS/MP797/2024-2025/151301-Street lights","Uttar Pradesh","FARRUKHABAD(DISTRICT MAGISTRAE FARRUKHABAD_IDA)","Installation of a semi-high mast light with six LEDs at a public place in village Sabitapur Bihari of Kayamganj assembly of my parliamentary constituency Farrukhabad in consultation with Mr. Omsharan. mobile number 8707489315. (Executing Agency UPSIC Muradabad)","Mukesh Rajput","FARRUKHABAD","Images","17-Jul-2025","222921"
"2773","Normal/Others","WS/MP18206/2024-2025/144193-Lighting of public spaces","Uttar Pradesh","CHITRAKOOT(DISTRICT MAGISTRATE CHITRAKOOT_IDA)","gram panchayat Gobariya Buzurg me hanuman ji ke mandir ke paas sarwjanik sthan par high mast light sthapna karya","KRISHNA DEVI SHIVSHANKER PATEL","BANDA","Images","24-Apr-2025","226584"
"2774","Normal/Others","WS/MP797/2024-2025/151302-Street lights","Uttar Pradesh","FARRUKHABAD(DISTRICT MAGISTRAE FARRUKHABAD_IDA)","Installation of a semi-high mast light with six LEDs at a public place in consultation with Shri Swadesh Rajput-Khunnu near the Kampil intersection of Kayamganj assembly of my parliamentary constituency Farrukhabad. mobile number 9415191422. (Executing Agency UPSIC Muradabad)","Mukesh Rajput","FARRUKHABAD","Images","17-Jul-2025","222921"
"2775","Normal/Others","WS/MP18206/2024-2025/144203-Lighting of public spaces","Uttar Pradesh","CHITRAKOOT(DISTRICT MAGISTRATE CHITRAKOOT_IDA)","gram panchayat Pahadi Bujurg me barethi tirahe ke paas sarwjanik sthan par high mast light sthapna karya","KRISHNA DEVI SHIVSHANKER PATEL","BANDA","Images","16-Jun-2025","226584"
"2776","Normal/Others","WS/MP797/2024-2025/151304-Street lights","Uttar Pradesh","FARRUKHABAD(DISTRICT MAGISTRAE FARRUKHABAD_IDA)","Installation of a semi high mast light with six LEDs at a public place in consultation with Shri Birendra Rathore in village Uliapur Narainamau of Kayamganj assembly of my parliamentary constituency Farrukhabad. mobile number 9415124258. (Executing Agency UPSIC Muradabad)","Mukesh Rajput","FARRUKHABAD","Images","17-Jul-2025","222921"
"2777","Normal/Others","WS/MP18206/2024-2025/144198-Lighting of public spaces","Uttar Pradesh","CHITRAKOOT(DISTRICT MAGISTRATE CHITRAKOOT_IDA)","gram panchayat Khajuriha ke majra sabhapur me mata ji ke sthan ke paas sarwjanik sthan par high mast light sthapna karya","KRISHNA DEVI SHIVSHANKER PATEL","BANDA","Images","16-Jun-2025","226584"
"2778","Normal/Others","WS/MP18206/2024-2025/144221-Lighting of public spaces","Uttar Pradesh","CHITRAKOOT(DISTRICT MAGISTRATE CHITRAKOOT_IDA)","gram panchayat Chandi Bangar me sc/st basti ke tirahe ke  paas sarwjanik sthan par high mast light sthapna karya","KRISHNA DEVI SHIVSHANKER PATEL","BANDA","Images","16-Jun-2025","226584"
"2779","Normal/Others","WS/MP797/2024-2025/151305-Street lights","Uttar Pradesh","FARRUKHABAD(DISTRICT MAGISTRAE FARRUKHABAD_IDA)","Installation of a semi-high mast light with six LEDs at a public place in consultation with Shri Abhishek Dixit in village Jaura of Kayamganj assembly of my parliamentary constituency Farrukhabad. mobile number 6393904281. (Executing Agency UPSIC Muradabad)","Mukesh Rajput","FARRUKHABAD","Images","17-Jul-2025","222921"
"2780","Normal/Others","WS/MP18206/2024-2025/144226-Lighting of public spaces","Uttar Pradesh","CHITRAKOOT(DISTRICT MAGISTRATE CHITRAKOOT_IDA)","gram panchayat Ailaha Badhaiya me Dtiya ashram ke paas sarwjanik sthan par high mast light sthapna karya","KRISHNA DEVI SHIVSHANKER PATEL","BANDA","Images","16-Jun-2025","226584"
"2781","Normal/Others","WS/MP797/2024-2025/151306-Street lights","Uttar Pradesh","FARRUKHABAD(DISTRICT MAGISTRAE FARRUKHABAD_IDA)","Installation of a six LED semi high mast light at a public place in village Kadardadpur Sarai of Kayamganj assembly of my parliamentary constituency Farrukhabad in consultation with Shri Jograj Verma. mobile number 9792999777. (Executing Agency UPSIC Muradabad)","Mukesh Rajput","FARRUKHABAD","Images","17-Jul-2025","222921"
"2782","Normal/Others","WS/MP18206/2024-2025/144190-Lighting of public spaces","Uttar Pradesh","CHITRAKOOT(DISTRICT MAGISTRATE CHITRAKOOT_IDA)","gram panchayat Chilla Mafi ke Jaama Masjid ke paas  sarwjanik sthan par high mast light sthapna karya","KRISHNA DEVI SHIVSHANKER PATEL","BANDA","Images","16-Jun-2025","226584"
"2783","Normal/Others","WS/MP797/2024-2025/151327-Street lights","Uttar Pradesh","FARRUKHABAD(DISTRICT MAGISTRAE FARRUKHABAD_IDA)","Installation of a six LED semi high mast light at a public place in Chilauli Prem Nagar village of Kayamganj assembly of my parliamentary constituency Farrukhabad in consultation with Shri Sumit BDC. mobile number 7505301296. (Executing Agency UPSIC Muradabad)","Mukesh Rajput","FARRUKHABAD","Images","17-Jul-2025","222921"
"2784","Normal/Others","WS/MP18206/2024-2025/144191-Lighting of public spaces","Uttar Pradesh","CHITRAKOOT(DISTRICT MAGISTRATE CHITRAKOOT_IDA)","gram panchayat Daheruchh Mafi me mandir ke  paas sarwjanik sthan par high mast light sthapna karya","KRISHNA DEVI SHIVSHANKER PATEL","BANDA","Images","16-Jun-2025","226584"
"2785","Normal/Others","WS/MP18206/2024-2025/144187-Lighting of public spaces","Uttar Pradesh","CHITRAKOOT(DISTRICT MAGISTRATE CHITRAKOOT_IDA)","gram panchayat Bandha me tirahe ke paas sc/st basti ke sarwjanik sthan par high mast light sthapna karya","KRISHNA DEVI SHIVSHANKER PATEL","BANDA","Images","24-Apr-2025","226584"
"2786","Normal/Others","WS/MP797/2024-2025/150991-Street lights","Uttar Pradesh","FARRUKHABAD(DISTRICT MAGISTRAE FARRUKHABAD_IDA)","Installation of a semi-high mast light with six LEDs at a public place in consultation with Shri Tejpal Singh in village Leelapur of Amritpur assembly of my parliamentary constituency Farrukhabad. mobile number 8009834009. (Executing Agency UPSIC Muradabad)","Mukesh Rajput","FARRUKHABAD","Images","17-Jul-2025","222921"
"2787","Normal/Others","WS/MP797/2024-2025/150997-Street lights","Uttar Pradesh","FARRUKHABAD(DISTRICT MAGISTRAE FARRUKHABAD_IDA)","Installation of a semi high mast light with six LEDs at a public place in consultation with Shri Sanjay Singh in village Bhubanpur of Amritpur assembly of my parliamentary constituency Farrukhabad. mobile number 8756746206. (Executing Agency UPSIC Muradabad)","Mukesh Rajput","FARRUKHABAD","Images","17-Jul-2025","222921"
"2788","Normal/Others","WS/MP797/2024-2025/150996-Street lights","Uttar Pradesh","FARRUKHABAD(DISTRICT MAGISTRAE FARRUKHABAD_IDA)","Installation of a semi-high mast light with six LEDs at a public place in consultation with Shri Rajiv Awasthi in village Nagla Husa of Amritpur assembly of my parliamentary constituency Farrukhabad. mobile number 9473660188. (Executing Agency UPSIC Muradabad)","Mukesh Rajput","FARRUKHABAD","Images","17-Jul-2025","222921"
"2789","Normal/Others","WS/MP797/2024-2025/150995-Street lights","Uttar Pradesh","FARRUKHABAD(DISTRICT MAGISTRAE FARRUKHABAD_IDA)","Installation of a semi-high mast light with six LEDs at a public place in consultation with Shri Ram Kishore Balmiki in village Harsinghpur of Amritpur assembly of my parliamentary constituency Farrukhabad. mobile number 8799760036. (Executing Agency UPSIC Muradabad)","Mukesh Rajput","FARRUKHABAD","Images","17-Jul-2025","222921"
"2790","Normal/Others","WS/MP797/2024-2025/150992-Street lights","Uttar Pradesh","FARRUKHABAD(DISTRICT MAGISTRAE FARRUKHABAD_IDA)","Installation of a semi-high mast light with six LEDs at a public place in consultation with Shri Rakesh Singh Pradhan in village Kolasota of Amritpur assembly of my parliamentary constituency Farrukhabad. mobile number 9454747227. (Executing Agency UPSIC Muradabad)","Mukesh Rajput","FARRUKHABAD","Images","17-Jul-2025","222921"
"2791","Normal/Others","WS/MP797/2024-2025/151004-Street lights","Uttar Pradesh","FARRUKHABAD(DISTRICT MAGISTRAE FARRUKHABAD_IDA)","Installation of a semi-high mast light with six LEDs at a public place in consultation with Shri Syambihari Awasthi in village Balipatti Ranigaon of Amritpur assembly of my parliamentary constituency Farrukhabad. mobile number 9936142950. (Executing Agency UPSIC Muradabad)","Mukesh Rajput","FARRUKHABAD","Images","17-Jul-2025","222921"
"2792","Normal/Others","WS/MP797/2024-2025/151005-Street lights","Uttar Pradesh","FARRUKHABAD(DISTRICT MAGISTRAE FARRUKHABAD_IDA)","Installation of a semi high mast light with six LEDs at a public place in consultation with Shri Jawahar Rajput in village Ganuapur of Amritpur assembly of my parliamentary constituency Farrukhabad. mobile number 9956735376. (Executing Agency UPSIC Muradabad)","Mukesh Rajput","FARRUKHABAD","Images","17-Jul-2025","222921"
"2793","Normal/Others","WS/MP797/2024-2025/151007-Street lights","Uttar Pradesh","FARRUKHABAD(DISTRICT MAGISTRAE FARRUKHABAD_IDA)","Installation of a semi-high mast light with six LEDs at a public place in the village Amaiyapur Pachmi of Amritpur assembly of my parliamentary constituency Farrukhabad in consultation with Shri Amar Chandra. mobile number 7887256214. (Executing Agency UPSIC Muradabad)","Mukesh Rajput","FARRUKHABAD","Images","17-Jul-2025","222921"
"2794","Normal/Others","WS/MP797/2024-2025/151001-Street lights","Uttar Pradesh","FARRUKHABAD(DISTRICT MAGISTRAE FARRUKHABAD_IDA)","Installation of a semi-high mast light with six LEDs at a public place in consultation with Shri Sunil Chauhan in village Veerpur of Amritpur assembly of my parliamentary constituency Farrukhabad. mobile number 9580797191. (Executing Agency UPSIC Muradabad)","Mukesh Rajput","FARRUKHABAD","Images","17-Jul-2025","222921"
"2795","Normal/Others","WS/MP797/2024-2025/150999-Street lights","Uttar Pradesh","FARRUKHABAD(DISTRICT MAGISTRAE FARRUKHABAD_IDA)","Installation of a semi-high mast light with six LEDs at a public place in the consultation of Shri Dhirendra in village Kudra Allahpur of Amritpur assembly of my parliamentary constituency Farrukhabad. mobile number 7398747039. (Executing Agency UPSIC Muradabad)","Mukesh Rajput","FARRUKHABAD","Images","17-Jul-2025","222921"
"2796","Normal/Others","WS/MP797/2024-2025/151313-Street lights","Uttar Pradesh","FARRUKHABAD(DISTRICT MAGISTRAE FARRUKHABAD_IDA)","Installation of a semi-high mast light with six LEDs at a public place in consultation with Shri Rishi Pal Sisodia near village Gilunda temple of Kayamganj assembly of my parliamentary constituency Farrukhabad. mobile number 7905868345. (Executing Agency UPSIC Muradabad)","Mukesh Rajput","FARRUKHABAD","Images","17-Jul-2025","222921"
"2797","Normal/Others","WS/MP797/2024-2025/151311-Street lights","Uttar Pradesh","FARRUKHABAD(DISTRICT MAGISTRAE FARRUKHABAD_IDA)","Installation of a semi-high mast light with six LEDs at a public place in consultation with Shri Jagmohan Rajput in village Rukhaiya Khalikdadpur of Kayamganj assembly of my parliamentary constituency Farrukhabad. mobile number 9412537687. (Executing Agency UPSIC Muradabad)","Mukesh Rajput","FARRUKHABAD","Images","17-Jul-2025","222921"
"2798","Normal/Others","WS/MP797/2024-2025/151310-Street lights","Uttar Pradesh","FARRUKHABAD(DISTRICT MAGISTRAE FARRUKHABAD_IDA)","Installation of a semi-high mast light with six LEDs at a public place in consultation with Shri Kishan Pal in village Diura Mahsona of Kayamganj assembly of my parliamentary constituency Farrukhabad. mobile number 8127783090. (Executing Agency UPSIC Muradabad)","Mukesh Rajput","FARRUKHABAD","Images","17-Jul-2025","222921"
"2799","Normal/Others","WS/MP797/2024-2025/151325-Street lights","Uttar Pradesh","FARRUKHABAD(DISTRICT MAGISTRAE FARRUKHABAD_IDA)","Installation of a semi-high mast light with six LEDs at a public place in consultation with Shri Anandpal in village Tyori Salempur of Kayamganj assembly of my parliamentary constituency Farrukhabad. mobile number 7388670553. (Executing Agency UPSIC Muradabad)","Mukesh Rajput","FARRUKHABAD","Images","17-Jul-2025","222921"
"2800","Normal/Others","WS/MP797/2024-2025/151324-Street lights","Uttar Pradesh","FARRUKHABAD(DISTRICT MAGISTRAE FARRUKHABAD_IDA)","Installation of a semi high mast light with six LEDs at a public place in village Kanasi Gularia Bamrulia of Kayamganj assembly of my parliamentary constituency Farrukhabad in consultation with Shri Mahendra Pradhan. mobile number 7607047842. (Executing Agency UPSIC Muradabad)","Mukesh Rajput","FARRUKHABAD","Images","17-Jul-2025","222921"
"2801","Normal/Others","WS/MP797/2024-2025/151061-Street lights","Uttar Pradesh","FARRUKHABAD(DISTRICT MAGISTRAE FARRUKHABAD_IDA)","Installation of a six LED semi high mast light at a public place in Mohalla Jograj of Farrukhabad assembly constituency of my parliamentary constituency Farrukhabad in consultation with Shri Shivam Mishra. mobile number 8468038454. (Executing Agency UPSIC Muradabad)","Mukesh Rajput","FARRUKHABAD","Images","17-Jul-2025","222921"
"2802","Normal/Others","WS/MP761/2024-2025/159661-Street lights","Telangana","NIZAMABAD(DISTRICT COLLECTOR NIZAMABAD_IDA)","Providing LED High MAST light near Mahalaxmi temple, Palda (V)","Arvind Dharmapuri","NIZAMABAD","N/A","06-Feb-2025","134721"
"2803","Normal/Others","WS/MP761/2024-2025/168953-Street lights","Telangana","NIZAMABAD(DISTRICT COLLECTOR NIZAMABAD_IDA)","Providing LED High mast Light near Abhaya Hanuman Colony, Gundaram (V)","Arvind Dharmapuri","NIZAMABAD","N/A","06-Feb-2025","134645"
"2804","Normal/Others","WS/MP797/2024-2025/151336-Street lights","Uttar Pradesh","FARRUKHABAD(DISTRICT MAGISTRAE FARRUKHABAD_IDA)","Installation of a semi-high mast light with six LEDs at a public place in consultation with Shri Sarvesh Gangwar near village Nagla Damu intersection of Kayamganj assembly of my parliamentary constituency Farrukhabad. mobile number 8400935606. (Executing Agency UPSIC Muradabad)","Mukesh Rajput","FARRUKHABAD","Images","17-Jul-2025","222921"
"2805","Normal/Others","WS/MP797/2024-2025/151014-Street lights","Uttar Pradesh","FARRUKHABAD(DISTRICT MAGISTRAE FARRUKHABAD_IDA)","Installation of a semi-high mast light with six LEDs at a public place in consultation with Shri Mukul Rajput in village Sonajankipur of Amritpur assembly of my parliamentary constituency Farrukhabad. mobile number 6392181850. (Executing Agency UPSIC Muradabad)","Mukesh Rajput","FARRUKHABAD","Images","17-Jul-2025","222921"
"2806","Normal/Others","WS/MP797/2024-2025/151013-Street lights","Uttar Pradesh","FARRUKHABAD(DISTRICT MAGISTRAE FARRUKHABAD_IDA)","Installation of a semi-high mast light with six LEDs at a public place in consultation with Shri Bharat Singh in village Ummarpur of Amritpur assembly of my parliamentary constituency Farrukhabad. mobile number 6392741876. (Executing Agency UPSIC Muradabad)","Mukesh Rajput","FARRUKHABAD","Images","17-Jul-2025","222921"
"2807","Normal/Others","WS/MP797/2024-2025/151300-Street lights","Uttar Pradesh","FARRUKHABAD(DISTRICT MAGISTRAE FARRUKHABAD_IDA)","Installation of a semi-high mast light with six LEDs at a public place in the consultation of Shri Dhanpal Singh in village Milkia Pahadpur of Kayamganj assembly of my parliamentary constituency Farrukhabad. mobile number 9555077366. (Executing Agency UPSIC Muradabad)","Mukesh Rajput","FARRUKHABAD","Images","17-Jul-2025","222921"
"2808","Normal/Others","WS/MP345/2024-2025/138114-Construction of roads, link roads, pathways or any other road with or without drainage system","Kerala","KOLLAM(DISTRICT COLLECTOR KOLLAM_IDA)","Concereting of Ambalamukku-Attara road in Kulinjiyil ward 6 in Elamad GP","Shri NK Premachandran","KOLLAM","N/A","11-Feb-2025","369047"
"2809","Normal/Others","WS/MP18219/2024-2025/149604-Construction of rooms and halls in school and colleges","Uttar Pradesh","HAMIRPUR(DISTRICT MAGISTRATE HAMIRPUR_2)","moon light public school kailash patel nagar gohand me do kaksho ka nirman karya","AJENDRA SINGH LODHI","HAMIRPUR_UP","Images","06-Feb-2025","1000000"
"2810","Normal/Others","WS/MP858/2024-2025/152244-Construction of roads, link roads, pathways or any other road with or without drainage system","West Bengal","BIRBHUM(DISTRICT MAGISTRATE BIRBHUM_IDA)","CONSTRUCTION OF CC ROAD FROM MOROL PUKUR PAR TO KOCHI SK HOUSE UNDER THUPSARA GP EXECUTING AGENCY WILL BE E.O. NANOOR PANCHAYET SAMITY.","Asit Kumar Mal","BOLPUR(SC)","Images","03-Mar-2025","498587"
"2811","Normal/Others","WS/MP18173/2024-2025/137458-Construction of community centers and community halls","Tamil Nadu","TIRUVANNAMALAI(DISTRICT COLLECTOR TIRUVANNAMALAI_IDA)","Construction Threshing Floor at Kothandaram Panchayat","THARANIVENTHAN M S","ARANI","N/A","07-Feb-2025","499848"
"2812","Normal/Others","WS/MP381/2024-2025/164554-Construction of roads, link roads, pathways or any other road with or without drainage system","Punjab","AMRITSAR(DEPUTY COMMISSIONER AMRITSAR_IDA)","INSTALATION OF INTERLOCLKING TILES","Shri Gurjeet Singh Aujla","AMRITSAR","N/A","14-Jan-2026","500000"
"2813","Normal/Others","WS/MP716/2024-2025/141391-Construction of roads, link roads, pathways or any other road with or without drainage system","Punjab","BATHINDA(DEPUTY COMMISSIONER BHATINDA_IDA)","Construction of Streets with laying 60mm Thick Interlocking Corve Paver Pakka road to Sewak Singh Dhani","Smt Harsimrat Kaur Badal","BHATINDA","Images","27-Feb-2025","397689"
"2814","Normal/Others","WS/MP761/2024-2025/171548-Construction of boundary walls of existing public and community buildings","Telangana","NIZAMABAD(DISTRICT COLLECTOR NIZAMABAD_IDA)","Construction of Compound wall to existing community hall in Gangaputra wada, Kothapalle (V)","Arvind Dharmapuri","NIZAMABAD","N/A","07-Feb-2025","347035"
"2815","Normal/Others","WS/MP761/2024-2025/171538-Construction of community centers and community halls","Telangana","NIZAMABAD(DISTRICT COLLECTOR NIZAMABAD_IDA)","Construction of communtiy hall in Aryavysha Wada, Mupkal (V)","Arvind Dharmapuri","NIZAMABAD","N/A","07-Feb-2025","449998"
"2816","Normal/Others","WS/MP761/2024-2025/172374-Construction of community centers and community halls","Telangana","NIZAMABAD(DISTRICT COLLECTOR NIZAMABAD_IDA)","Construction of community hall in Munnurukapu wada, Bada Bheemgal (V)","Arvind Dharmapuri","NIZAMABAD","N/A","07-Feb-2025","400000"
"2817","Normal/Others","WS/MP761/2024-2025/171379-Construction of community centers and community halls","Telangana","NIZAMABAD(DISTRICT COLLECTOR NIZAMABAD_IDA)","Construction of community hall in SC Wada, Sikandrapur (V)","Arvind Dharmapuri","NIZAMABAD","N/A","07-Feb-2025","495000"
"2818","Normal/Others","WS/MP18160/2024-2025/164423-Construction of rooms and halls in school and colleges","Rajasthan","Balotra(DISTRICT COLLECTOR Balotra_IDA)","GUPS VARIYA CLASSROOM WORK","UMMEDA RAM BENIWAL","BARMER","Images","27-Aug-2025","533685"
"2819","Normal/Others","WS/MP313/2024-2025/140890-Construction of buildings for community cultural activities","Arunachal Pradesh","ANJAW(Deputy Commisioner Anjaw_IDA)","Extension of Welcome Gate at Tidding in Anjaw District","Shri Tapir Gao","ARUNACHAL EAST","Images","28-Jan-2026","2000000"
"2820","Normal/Others","WS/MP18324/2024-2025/151484-Construction of roads, link roads, pathways or any other road with or without drainage system","Gujarat","AMRELI(DISTRICT COLLECTOR AMRELI_IDA)","Work on block paving road in Mota Samadhiyala village","BHARATBHAI MANUBHAI SUTARIYA","AMRELI","N/A","07-Aug-2025","300000"
"2821","Normal/Others","WS/MP792/2024-2025/154172-Construction of roads, link roads, pathways or any other road with or without drainage system","Uttar Pradesh","HARDOI(DISTRICT MAGISTRATE HARDOI_IDA)","Interlocking and Naali work","Jai Prakash","HARDOI (SC)","N/A","07-Feb-2025","1187420"
"2822","Normal/Others","WS/MP18155/2024-2025/141711-Creation of new ponds","Punjab","HOSHIARPUR(DEPUTY COMMISSIONER HOSHIARPUR_IDA)","Construction of Pond","DR. RAJ KUMAR CHABBEWAL","HOSHIARPUR(SC)","N/A","15-Jan-2026","200000"
"2823","Normal/Others","WS/MP18377/2024-2025/153058-Construction of roads, link roads, pathways or any other road with or without drainage system","Uttar Pradesh","BAREILLY(DISTRICT MAGISTRAE BAREILLY_IDA)","SHASHTRI NAGAR ME GUDDU NAI KI DUKAN SE MAIKU LAL KE MAKANN KI OR CC ROAD OR NALI NIRMAN","CHHATRA PAL SINGH GANGWAR","BAREILLY","N/A","18-Jun-2025","990575"
"2824","Normal/Others","WS/MP18152/2024-2025/141889-Purchase of hospital equipment","Punjab","FARIDKOT(DEPUTY COMMISSIONER FARIDKOT_IDA)","Purchase of TURP Set in Civil hospital Faridkot","SARABJEET SINGH KHALSA","FARIDKOT(SC)","N/A","30-Jun-2025","196000"
"2825","Normal/Others","WS/MP18108/2024-2025/166303-Construction of roads, link roads, pathways or any other road with or without drainage system","Madhya Pradesh","SAGAR(DISTRICT COLLECTOR SAGAR_IDA)","Gram Panchayat Dhagarniya me devi mandir se shantidham ki or C.C.road nirman karya hetu.","DR. LATA WANKHEDE","SAGAR","Images","26-May-2025","500000"
"2826","Normal/Others","WS/MP18173/2024-2025/137453-Construction of culverts and bridges","Tamil Nadu","TIRUVANNAMALAI(DISTRICT COLLECTOR TIRUVANNAMALAI_IDA)","Construction of RCC Slab Culvet @ Asthinapuram Junction","THARANIVENTHAN M S","ARANI","N/A","07-Feb-2025","299940"
"2827","Normal/Others","WS/MP18166/2024-2025/155548-Construction of stadiums","Rajasthan","Sanchor(DISTRICT COLLECTOR Sanchor_IDA)","Work of developing the playground into a stadium in Govt. Sr. Sec. School Pathmeda, Gram Panchayat Meda Jagir, Sanchore","LUMBARAM","JALORE","N/A","20-Apr-2025","999515"
"2828","Normal/Others","WS/MP643/2024-2025/139577-Purchase Books for Library","Madhya Pradesh","Khandwa (East Nimar)(DISTRICT COLLECTOR EAST NIMAR_IDA)","books suplly at various schools of khandwa district","Gyaneshwar Patil","KHANDWA","Images","21-Mar-2025","100000"
"2829","Normal/Others","WS/MP643/2024-2025/139578-Purchase Books for Library","Madhya Pradesh","Khandwa (East Nimar)(DISTRICT COLLECTOR EAST NIMAR_IDA)","books suplly at various schools of khandwa district","Gyaneshwar Patil","KHANDWA","Images","21-Mar-2025","100000"
"2830","Normal/Others","WS/MP643/2024-2025/139579-Purchase Books for Library","Madhya Pradesh","Khandwa (East Nimar)(DISTRICT COLLECTOR EAST NIMAR_IDA)","books suplly at various schools of khandwa district","Gyaneshwar Patil","KHANDWA","Images","21-Mar-2025","100000"
"2831","Normal/Others","WS/MP643/2024-2025/139580-Purchase Books for Library","Madhya Pradesh","Khandwa (East Nimar)(DISTRICT COLLECTOR EAST NIMAR_IDA)","books suplly at various schools of khandwa district","Gyaneshwar Patil","KHANDWA","Images","21-Mar-2025","100000"
"2832","Normal/Others","WS/MP643/2024-2025/139581-Purchase Books for Library","Madhya Pradesh","Khandwa (East Nimar)(DISTRICT COLLECTOR EAST NIMAR_IDA)","books suplly at various schools of khandwa district","Gyaneshwar Patil","KHANDWA","Images","21-Mar-2025","100000"
"2833","Normal/Others","WS/MP643/2024-2025/139582-Purchase Books for Library","Madhya Pradesh","Khandwa (East Nimar)(DISTRICT COLLECTOR EAST NIMAR_IDA)","books suplly at various schools of khandwa district","Gyaneshwar Patil","KHANDWA","Images","21-Mar-2025","100000"
"2834","Normal/Others","WS/MP643/2024-2025/139583-Purchase Books for Library","Madhya Pradesh","Khandwa (East Nimar)(DISTRICT COLLECTOR EAST NIMAR_IDA)","books suplly at various schools of khandwa district","Gyaneshwar Patil","KHANDWA","Images","21-Mar-2025","100000"
"2835","Normal/Others","WS/MP643/2024-2025/139584-Purchase Books for Library","Madhya Pradesh","Khandwa (East Nimar)(DISTRICT COLLECTOR EAST NIMAR_IDA)","books suplly at various schools of khandwa district","Gyaneshwar Patil","KHANDWA","Images","21-Mar-2025","100000"
"2836","Normal/Others","WS/MP643/2024-2025/139585-Purchase Books for Library","Madhya Pradesh","Khandwa (East Nimar)(DISTRICT COLLECTOR EAST NIMAR_IDA)","books suplly at various schools of khandwa district","Gyaneshwar Patil","KHANDWA","Images","21-Mar-2025","100000"
"2837","Normal/Others","WS/MP643/2024-2025/139586-Purchase Books for Library","Madhya Pradesh","Khandwa (East Nimar)(DISTRICT COLLECTOR EAST NIMAR_IDA)","books suplly at various schools of khandwa district","Gyaneshwar Patil","KHANDWA","Images","21-Mar-2025","100000"
"2838","Normal/Others","WS/MP643/2024-2025/139594-Purchase Books for Library","Madhya Pradesh","Khandwa (East Nimar)(DISTRICT COLLECTOR EAST NIMAR_IDA)","supply of books for various schools at khandwa district","Gyaneshwar Patil","KHANDWA","Images","21-Mar-2025","100000"
"2839","Normal/Others","WS/MP643/2024-2025/139591-Purchase Books for Library","Madhya Pradesh","Khandwa (East Nimar)(DISTRICT COLLECTOR EAST NIMAR_IDA)","supply of books for various schools at khandwa district","Gyaneshwar Patil","KHANDWA","Images","21-Mar-2025","100000"
"2840","Normal/Others","WS/MP643/2024-2025/139593-Purchase Books for Library","Madhya Pradesh","Khandwa (East Nimar)(DISTRICT COLLECTOR EAST NIMAR_IDA)","supply of books for various schools at khandwa district","Gyaneshwar Patil","KHANDWA","Images","21-Mar-2025","100000"
"2841","Normal/Others","WS/MP643/2024-2025/139595-Purchase Books for Library","Madhya Pradesh","Khandwa (East Nimar)(DISTRICT COLLECTOR EAST NIMAR_IDA)","supply of books for various schools at khandwa district","Gyaneshwar Patil","KHANDWA","Images","21-Mar-2025","100000"
"2842","Normal/Others","WS/MP643/2024-2025/139592-Purchase Books for Library","Madhya Pradesh","Khandwa (East Nimar)(DISTRICT COLLECTOR EAST NIMAR_IDA)","supply of books for various schools at khandwa district","Gyaneshwar Patil","KHANDWA","Images","21-Mar-2025","100000"
"2843","Normal/Others","WS/MP18214/2024-2025/149237-Street lights","Uttar Pradesh","ETAWAH(DISTRICT MAGISTRATE ETAWAH_IDA)","etawah edgah chaurahe ke pass high must light","JITENDRA KUMAR DOHARE","ETAWAH(SC)","N/A","24-Jul-2025","269328"
"2844","Normal/Others","WS/MP18214/2024-2025/149236-Street lights","Uttar Pradesh","ETAWAH(DISTRICT MAGISTRATE ETAWAH_IDA)","etawah mein near vijay nagar chauraha mandi hight must light","JITENDRA KUMAR DOHARE","ETAWAH(SC)","N/A","24-Jul-2025","269328"
"2845","Normal/Others","WS/MP18214/2024-2025/149239-Street lights","Uttar Pradesh","ETAWAH(DISTRICT MAGISTRATE ETAWAH_IDA)","etawah mein near 22 khwaja high must light","JITENDRA KUMAR DOHARE","ETAWAH(SC)","N/A","24-Jul-2025","269328"
"2846","Normal/Others","WS/MP18214/2024-2025/149238-Street lights","Uttar Pradesh","ETAWAH(DISTRICT MAGISTRATE ETAWAH_IDA)","etawah mein khakhi baba mandir bhawar gao block badhpura high must light","JITENDRA KUMAR DOHARE","ETAWAH(SC)","N/A","24-Jul-2025","269328"
"2847","Normal/Others","WS/MP18214/2024-2025/149240-Street lights","Uttar Pradesh","ETAWAH(DISTRICT MAGISTRATE ETAWAH_IDA)","etawah mein Ekdil highway mandir ke pass high must light","JITENDRA KUMAR DOHARE","ETAWAH(SC)","N/A","24-Jul-2025","269328"
"2848","Normal/Others","WS/MP18214/2024-2025/149241-Street lights","Uttar Pradesh","ETAWAH(DISTRICT MAGISTRATE ETAWAH_IDA)","etawah near cooperative bank ke pass high must light","JITENDRA KUMAR DOHARE","ETAWAH(SC)","N/A","24-Jul-2025","269328"
"2849","Normal/Others","WS/MP18214/2024-2025/149242-Street lights","Uttar Pradesh","ETAWAH(DISTRICT MAGISTRATE ETAWAH_IDA)","etawah mein tehsil ke pass  high must light","JITENDRA KUMAR DOHARE","ETAWAH(SC)","N/A","24-Jul-2025","269328"
"2850","Normal/Others","WS/MP18214/2024-2025/149243-Street lights","Uttar Pradesh","ETAWAH(DISTRICT MAGISTRATE ETAWAH_IDA)","etawah mein kachehri ke pass high must light","JITENDRA KUMAR DOHARE","ETAWAH(SC)","N/A","24-Jul-2025","269328"
"2851","Normal/Others","WS/MP18214/2024-2025/149244-Street lights","Uttar Pradesh","ETAWAH(DISTRICT MAGISTRATE ETAWAH_IDA)","etawah mein Bus adda Masjid ke pass  high must light","JITENDRA KUMAR DOHARE","ETAWAH(SC)","N/A","24-Jul-2025","269328"
"2852","Normal/Others","WS/MP18214/2024-2025/149245-Street lights","Uttar Pradesh","ETAWAH(DISTRICT MAGISTRATE ETAWAH_IDA)","etawah mein Samshan Ghat ke pass  high must light","JITENDRA KUMAR DOHARE","ETAWAH(SC)","N/A","24-Jul-2025","269328"
"2853","Normal/Others","WS/MP18214/2024-2025/149246-Street lights","Uttar Pradesh","ETAWAH(DISTRICT MAGISTRATE ETAWAH_IDA)","etawah mein Neelkanth Mandir ke pass high must light","JITENDRA KUMAR DOHARE","ETAWAH(SC)","N/A","24-Jul-2025","269328"
"2854","Normal/Others","WS/MP18214/2024-2025/149247-Street lights","Uttar Pradesh","ETAWAH(DISTRICT MAGISTRATE ETAWAH_IDA)","Etawah mein pachrahe ke pass  high must light","JITENDRA KUMAR DOHARE","ETAWAH(SC)","N/A","24-Jul-2025","269328"
"2855","Normal/Others","WS/MP18214/2024-2025/149248-Street lights","Uttar Pradesh","ETAWAH(DISTRICT MAGISTRATE ETAWAH_IDA)","Etawah mein transport nagar Hanuman JI ke Mandir ke pass high must light","JITENDRA KUMAR DOHARE","ETAWAH(SC)","N/A","24-Jul-2025","269328"
"2856","Normal/Others","WS/MP18214/2024-2025/149249-Street lights","Uttar Pradesh","ETAWAH(DISTRICT MAGISTRATE ETAWAH_IDA)","Etawah mein Budh bihar Park Etawah Numaish ke pass high must light","JITENDRA KUMAR DOHARE","ETAWAH(SC)","N/A","24-Jul-2025","269328"
"2857","Normal/Others","WS/MP18214/2024-2025/153392-Street lights","Uttar Pradesh","ETAWAH(DISTRICT MAGISTRATE ETAWAH_IDA)","Lakhna Tirahe Ke Pass High mast Light","JITENDRA KUMAR DOHARE","ETAWAH(SC)","N/A","24-Jul-2025","269328"
"2858","Normal/Others","WS/MP18214/2024-2025/153394-Street lights","Uttar Pradesh","ETAWAH(DISTRICT MAGISTRATE ETAWAH_IDA)","Lakhna Pul Ke Pass High mast Light","JITENDRA KUMAR DOHARE","ETAWAH(SC)","N/A","25-Jul-2025","269328"
"2859","Normal/Others","WS/MP18214/2024-2025/153395-Street lights","Uttar Pradesh","ETAWAH(DISTRICT MAGISTRATE ETAWAH_IDA)","Kabrsthan Bharthna Nagar KE pass High mast light","JITENDRA KUMAR DOHARE","ETAWAH(SC)","N/A","25-Jul-2025","269328"
"2860","Normal/Others","WS/MP18214/2024-2025/153397-Street lights","Uttar Pradesh","ETAWAH(DISTRICT MAGISTRATE ETAWAH_IDA)","Chandrapura Chuara ke Pass High mast Light","JITENDRA KUMAR DOHARE","ETAWAH(SC)","N/A","25-Jul-2025","269328"
"2861","Normal/Others","WS/MP18214/2024-2025/153398-Street lights","Uttar Pradesh","ETAWAH(DISTRICT MAGISTRATE ETAWAH_IDA)","Jarpura Chauraha H.C basti Ke pass High mast light","JITENDRA KUMAR DOHARE","ETAWAH(SC)","N/A","25-Jul-2025","269328"
"2862","Normal/Others","WS/MP18214/2024-2025/153393-Street lights","Uttar Pradesh","ETAWAH(DISTRICT MAGISTRATE ETAWAH_IDA)","Block Bharthna Ke Pass High mast light","JITENDRA KUMAR DOHARE","ETAWAH(SC)","N/A","24-Jul-2025","269328"
"2863","Normal/Others","WS/MP18214/2024-2025/153396-Street lights","Uttar Pradesh","ETAWAH(DISTRICT MAGISTRATE ETAWAH_IDA)","Umarsenda Chauarhe Ke Pass High mast light","JITENDRA KUMAR DOHARE","ETAWAH(SC)","N/A","25-Jul-2025","269328"
"2864","Normal/Others","WS/MP18214/2024-2025/153399-Street lights","Uttar Pradesh","ETAWAH(DISTRICT MAGISTRATE ETAWAH_IDA)","Saraiya Bharthna dehat Chaurah ke pass high mst light","JITENDRA KUMAR DOHARE","ETAWAH(SC)","N/A","25-Jul-2025","269328"
"2865","Normal/Others","WS/MP18214/2024-2025/153400-Street lights","Uttar Pradesh","ETAWAH(DISTRICT MAGISTRATE ETAWAH_IDA)","Baisauli Manpur Chaurah ke pass High mast light","JITENDRA KUMAR DOHARE","ETAWAH(SC)","N/A","26-Jul-2025","269328"
"2866","Normal/Others","WS/MP18214/2024-2025/153401-Street lights","Uttar Pradesh","ETAWAH(DISTRICT MAGISTRATE ETAWAH_IDA)","Kushna Chandrabhan Prajapti ke samne chaurahe ke pass high mast light","JITENDRA KUMAR DOHARE","ETAWAH(SC)","N/A","25-Jul-2025","269328"
"2867","Normal/Others","WS/MP18214/2024-2025/153402-Street lights","Uttar Pradesh","ETAWAH(DISTRICT MAGISTRATE ETAWAH_IDA)","Budd park Baisauli Ghat ke pass High mast light","JITENDRA KUMAR DOHARE","ETAWAH(SC)","N/A","26-Jul-2025","269328"
"2868","Normal/Others","WS/MP18100/2024-2025/166951-Construction of buildings for community cultural activities","Madhya Pradesh","CHHINDWARA(DISTRICT COLLECTOR CHHINDWARA_IDA)","Constraction Of Chabutra At Amaboh Chourai Near Holi Chouk","BUNTY VIVEK SAHU","CHHINDWARA","Images","06-Feb-2026","50000"
"2869","Normal/Others","WS/MP18100/2024-2025/166946-Construction of roads, link roads, pathways or any other road with or without drainage system","Madhya Pradesh","CHHINDWARA(DISTRICT COLLECTOR CHHINDWARA_IDA)","Constraction Of CC Road at Muari Chourai Mata Mandir To Near Chandramohan House","BUNTY VIVEK SAHU","CHHINDWARA","Images","06-Feb-2026","250000"
"2870","Normal/Others","WS/MP18214/2024-2025/153403-Street lights","Uttar Pradesh","ETAWAH(DISTRICT MAGISTRATE ETAWAH_IDA)","Ambedkar Park Birari Ke Pass High mast light","JITENDRA KUMAR DOHARE","ETAWAH(SC)","N/A","25-Jul-2025","269328"
"2871","Normal/Others","WS/MP18214/2024-2025/153404-Street lights","Uttar Pradesh","ETAWAH(DISTRICT MAGISTRATE ETAWAH_IDA)","Medi Dudhi Mandir Ke peechhe H.C basti Ke Pass High mast light","JITENDRA KUMAR DOHARE","ETAWAH(SC)","N/A","25-Jul-2025","269328"
"2872","Normal/Others","WS/MP18214/2024-2025/153405-Street lights","Uttar Pradesh","ETAWAH(DISTRICT MAGISTRATE ETAWAH_IDA)","Bharthna Kunaithi Tirahe ke pass High mast light","JITENDRA KUMAR DOHARE","ETAWAH(SC)","N/A","25-Jul-2025","269328"
"2873","Normal/Others","WS/MP18214/2024-2025/153407-Street lights","Uttar Pradesh","ETAWAH(DISTRICT MAGISTRATE ETAWAH_IDA)","Gopiyapura park Ke Pass High mast Light","JITENDRA KUMAR DOHARE","ETAWAH(SC)","N/A","26-Jul-2025","269328"
"2874","Normal/Others","WS/MP18214/2024-2025/153406-Street lights","Uttar Pradesh","ETAWAH(DISTRICT MAGISTRATE ETAWAH_IDA)","Block Maheva Chaurahe Ke Pass High mast Light","JITENDRA KUMAR DOHARE","ETAWAH(SC)","N/A","25-Jul-2025","269328"
"2875","Normal/Others","WS/MP18214/2024-2025/153408-Street lights","Uttar Pradesh","ETAWAH(DISTRICT MAGISTRATE ETAWAH_IDA)","Nagla Chaup Masjid ke pass High mast light","JITENDRA KUMAR DOHARE","ETAWAH(SC)","N/A","26-Jul-2025","269328"
"2876","Normal/Others","WS/MP18214/2024-2025/153409-Street lights","Uttar Pradesh","ETAWAH(DISTRICT MAGISTRATE ETAWAH_IDA)","Kaleshvar Mandir ke Pass High mast light","JITENDRA KUMAR DOHARE","ETAWAH(SC)","N/A","26-Jul-2025","269328"
"2877","Normal/Others","WS/MP18214/2024-2025/153410-Street lights","Uttar Pradesh","ETAWAH(DISTRICT MAGISTRATE ETAWAH_IDA)","Footatal tiraha Get Ke pass High mast light","JITENDRA KUMAR DOHARE","ETAWAH(SC)","N/A","26-Jul-2025","269328"
"2878","Normal/Others","WS/MP641/2024-2025/147444-Construction of community centers and community halls","Madhya Pradesh","Khargone (West Nimar)(DISTRICT COLLECTOR KHARGONE_IDA)","Construction of community hall in village Dasanga at Patidar Mohalla","Gajendra Singh Patel","KHARGONE(ST)","N/A","24-Apr-2026","1000000"
"2879","Normal/Others","WS/	 MP319/2024-2025/145925-Lighting of public spaces","Bihar","KISHANGANJ(DISTRICT PLANNING OFFICER KISHANGANJ_IDA)","DIGHALBANK PRAKHAND ANTARGART TULSHIA PANCHAYAT KE TULSHIA SHIV MANDIR KE SAMNE (12METER) HIGH MAST LIGHT.","Dr Mohammad Jawed","KISHANGANJ","Images","08-Feb-2025","649100"
"2880","Normal/Others","WS/	 MP319/2024-2025/145926-Lighting of public spaces","Bihar","KISHANGANJ(DISTRICT PLANNING OFFICER KISHANGANJ_IDA)","DIGHALBANK PRAKHAND ANTARGART PATHARGHATTI PANCHAYAT KE PATTHARGHATTI MANREGA BHAWAN KE SAMNE (12METER) HIGH MAST LIGHT.","Dr Mohammad Jawed","KISHANGANJ","Images","08-Feb-2025","649100"
"2881","Normal/Others","WS/	 MP319/2024-2025/145927-Lighting of public spaces","Bihar","KISHANGANJ(DISTRICT PLANNING OFFICER KISHANGANJ_IDA)","DIGHALBANK PRAKHAND ANTARGART JHANGIRPUR PADAMPUR PANCHAYAT KE SOMNI HAAT ME (12METER) HIGH MAST LIGHT.","Dr Mohammad Jawed","KISHANGANJ","Images","08-Feb-2025","649100"
"2882","Normal/Others","WS/	 MP319/2024-2025/145928-Lighting of public spaces","Bihar","KISHANGANJ(DISTRICT PLANNING OFFICER KISHANGANJ_IDA)","DIGHALBANK PRAKHAND ANTARGART DAHIBHAT PANCHAYAT KE CHANDANI CHOWK ME (12METER) HIGH MAST LIGHT.","Dr Mohammad Jawed","KISHANGANJ","Images","08-Feb-2025","649100"
"2883","Normal/Others","WS/	 MP319/2024-2025/145929-Lighting of public spaces","Bihar","KISHANGANJ(DISTRICT PLANNING OFFICER KISHANGANJ_IDA)","DIGHALBANK PRAKHAND ANTARGART TULSHIA PANCHAYAT KE PURANA HAAT TULSHIA ME (12METER) HIGH MAST LIGHT.","Dr Mohammad Jawed","KISHANGANJ","Images","08-Feb-2025","649100"
"2884","Normal/Others","WS/	 MP319/2024-2025/145932-Lighting of public spaces","Bihar","KISHANGANJ(DISTRICT PLANNING OFFICER KISHANGANJ_IDA)","KOCHADHAMAN PRAKHAND ANTARGART MAJGAMA PANCHAYAT KE GULUM CHOWK ME (12METER) HIGH MAST LIGHT.","Dr Mohammad Jawed","KISHANGANJ","Images","08-Feb-2025","649100"
"2885","Normal/Others","WS/	 MP319/2024-2025/145933-Lighting of public spaces","Bihar","KISHANGANJ(DISTRICT PLANNING OFFICER KISHANGANJ_IDA)","TEDHAGACHH PRAKHAND ANTARGART BEGANA PANCHAYAT KE BELGAACHHI CHOWK ME (12METER) HIGH MAST LIGHT.","Dr Mohammad Jawed","KISHANGANJ","Images","08-Feb-2025","649100"
"2886","Normal/Others","WS/	 MP319/2024-2025/145934-Lighting of public spaces","Bihar","KISHANGANJ(DISTRICT PLANNING OFFICER KISHANGANJ_IDA)","TEDHAGACHH PRAKHAND ANTARGART CHIHANIA PANCHAYAT KE SUHIYA HAAT ME (12METER) HIGH MAST LIGHT.","Dr Mohammad Jawed","KISHANGANJ","Images","08-Feb-2025","649100"
"2887","Normal/Others","WS/	 MP319/2024-2025/145937-Lighting of public spaces","Bihar","KISHANGANJ(DISTRICT PLANNING OFFICER KISHANGANJ_IDA)","TEDHAGACHH PRAKHAND ANTARGART HAWAKOL PANCHAYAT KE KUTTI GAMHARYA HAAT ME (12METER) HIGH MAST LIGHT.","Dr Mohammad Jawed","KISHANGANJ","Images","08-Feb-2025","649100"
"2888","Normal/Others","WS/	 MP319/2024-2025/145939-Lighting of public spaces","Bihar","KISHANGANJ(DISTRICT PLANNING OFFICER KISHANGANJ_IDA)","TEDHAGACHH PRAKHAND ANTARGART DAK POKHAR PANCHAYAT KE BENUGADH HAAT ME (12METER) HIGH MAST LIGHT.","Dr Mohammad Jawed","KISHANGANJ","Images","08-Feb-2025","649100"
"2889","Normal/Others","WS/	 MP319/2024-2025/145940-Lighting of public spaces","Bihar","KISHANGANJ(DISTRICT PLANNING OFFICER KISHANGANJ_IDA)","TEDHAGACHH PRAKHAND ANTARGART BAIGNA PANCHAYAT KE FUTANI CHOWK ME (12METER) HIGH MAST LIGHT.","Dr Mohammad Jawed","KISHANGANJ","Images","08-Feb-2025","649100"
"2890","Normal/Others","WS/	 MP319/2024-2025/145957-Lighting of public spaces","Bihar","KISHANGANJ(DISTRICT PLANNING OFFICER KISHANGANJ_IDA)","BAHADURGANJ PRAKHAND ANTARGART CHANDWAR PANCHAYAT KE BANGALI CHOWK ME (12METER) HIGH MAST LIGHT.","Dr Mohammad Jawed","KISHANGANJ","Images","08-Feb-2025","649100"
"2891","Normal/Others","WS/	 MP319/2024-2025/145959-Lighting of public spaces","Bihar","KISHANGANJ(DISTRICT PLANNING OFFICER KISHANGANJ_IDA)","BAHADURGANJ PRAKHAND ANTARGART MOHAMMADNAGAR PANCHAYAT KE KHUDAGANJ CHOWK ME (12METER) HIGH MAST LIGHT.","Dr Mohammad Jawed","KISHANGANJ","Images","08-Feb-2025","649100"
"2892","Normal/Others","WS/MP18006/2024-2025/139529-Providing drains and gutters for public drainage","Andhra Pradesh","CHITTOOR(DISTRICT COLLECTOR CHITTOOR_IDA)","Construction of CC Open Drainage System with cover Slab from Syamala House to Kalemma Temple at Muthukuru HW H/o Muthukuru GP in Chittoor rural Manadal of Chittoor Constituency.","DAGGUMALLA PRASADA RAO","CHITTOOR","Images","10-Feb-2025","459650"
"2893","Normal/Others","WS/	 MP319/2024-2025/145960-Lighting of public spaces","Bihar","KISHANGANJ(DISTRICT PLANNING OFFICER KISHANGANJ_IDA)","BAHADURGANJ PRAKHAND ANTARGART PALASMANI PANCHAYAT KE BALUBARI CHOWK ME(12METER) HIGH MAST LIGHT.","Dr Mohammad Jawed","KISHANGANJ","Images","08-Feb-2025","649100"
"2894","Normal/Others","WS/MP18006/2024-2025/139530-Providing drains and gutters for public drainage","Andhra Pradesh","CHITTOOR(DISTRICT COLLECTOR CHITTOOR_IDA)","Construction of CC Open Drainage System with cover Slab from Jhon House to Jyothi House at Muthukuru HW H/o Muthukuru GP in Chittoor rural Manadal of Chittoor Constituency.","DAGGUMALLA PRASADA RAO","CHITTOOR","Images","10-Feb-2025","489895"
"2895","Normal/Others","WS/MP18006/2024-2025/141773-Providing supply pipelines for drinking water","Andhra Pradesh","CHITTOOR(DISTRICT COLLECTOR CHITTOOR_IDA)","Providing New Bore well, Pump Set & Pipe Line to ZPHS in Thugundram GP, G.D.Nellore Mandal.","DAGGUMALLA PRASADA RAO","CHITTOOR","Images","11-Feb-2025","476246"
"2896","Normal/Others","WS/	 MP319/2024-2025/145962-Lighting of public spaces","Bihar","KISHANGANJ(DISTRICT PLANNING OFFICER KISHANGANJ_IDA)","KISHANGANJ PRAKHAND ANTARGART DAULA PANCHAYAT KE SAMDHA CHOWK ME (12METER) HIGH MAST LIGHT.","Dr Mohammad Jawed","KISHANGANJ","Images","08-Feb-2025","649100"
"2897","Normal/Others","WS/	 MP319/2024-2025/145963-Lighting of public spaces","Bihar","KISHANGANJ(DISTRICT PLANNING OFFICER KISHANGANJ_IDA)","KISHANGANJ PRAKHAND ANTARGART GACHHPARA PANCHAYAT KE NAYA HAAT SALKI ME (12METER) HIGH MAST LIGHT.","Dr Mohammad Jawed","KISHANGANJ","Images","08-Feb-2025","649100"
"2898","Normal/Others","WS/MP18006/2024-2025/135642-Providing drains and gutters for public drainage","Andhra Pradesh","CHITTOOR(DISTRICT COLLECTOR CHITTOOR_IDA)","Construction of Under Ground Drainage at Penumuru Town (Reach I)& GP, Penumuru Mandal of GD Nelloore Constituency.","DAGGUMALLA PRASADA RAO","CHITTOOR","Images","08-Feb-2025","477866"
"2899","Normal/Others","WS/MP18006/2024-2025/135643-Providing drains and gutters for public drainage","Andhra Pradesh","CHITTOOR(DISTRICT COLLECTOR CHITTOOR_IDA)","Construction of Under Ground Drainage at Penumuru Town (Reach II)&GP, Penumuru Mandal of GD Nelloore Constituency.","DAGGUMALLA PRASADA RAO","CHITTOOR","Images","08-Feb-2025","200000"
"2900","Normal/Others","WS/	 MP319/2024-2025/145964-Lighting of public spaces","Bihar","KISHANGANJ(DISTRICT PLANNING OFFICER KISHANGANJ_IDA)","KISHANGANJ PRAKHAND ANTARGART TEOSA PANCHAYAT KE TAHSILDAR (SATTAR CHOWK) ME (12METER) HIGH MAST LIGHT.","Dr Mohammad Jawed","KISHANGANJ","Images","08-Feb-2025","649100"
"2901","Normal/Others","WS/	 MP319/2024-2025/145965-Lighting of public spaces","Bihar","KISHANGANJ(DISTRICT PLANNING OFFICER KISHANGANJ_IDA)","KISHANGANJ PRAKHAND ANTARGART CHAKLA PANCHAYAT KE SINGHIA CHOWK ME (12METER) HIGH MAST LIGHT.","Dr Mohammad Jawed","KISHANGANJ","Images","08-Feb-2025","649100"
"2902","Normal/Others","WS/	 MP319/2024-2025/145966-Lighting of public spaces","Bihar","KISHANGANJ(DISTRICT PLANNING OFFICER KISHANGANJ_IDA)","THAKURGANJ PRAKHAND ANTARGART PATESARI PANCHAYAT KE MAHANANDA NADI KE SHABDAGRAH KE PASS ME (12METER) HIGH MAST LIGHT.","Dr Mohammad Jawed","KISHANGANJ","Images","08-Feb-2025","649100"
"2903","Normal/Others","WS/	 MP319/2024-2025/145974-Lighting of public spaces","Bihar","KISHANGANJ(DISTRICT PLANNING OFFICER KISHANGANJ_IDA)","THAKURGANJ PRAKHAND ANTARGART DALLEGAON PANCHAYAT KE PATAMARI CHOWK ME (12METER) HIGH MAST LIGHT.","Dr Mohammad Jawed","KISHANGANJ","Images","08-Feb-2025","649100"
"2904","Normal/Others","WS/MP18214/2024-2025/153411-Street lights","Uttar Pradesh","ETAWAH(DISTRICT MAGISTRATE ETAWAH_IDA)","Nagla Kadori Puran Pradhan ke Ghar ke tirahe ke Pass high mast light","JITENDRA KUMAR DOHARE","ETAWAH(SC)","N/A","26-Jul-2025","269328"
"2905","Normal/Others","WS/MP18214/2024-2025/153412-Street lights","Uttar Pradesh","ETAWAH(DISTRICT MAGISTRATE ETAWAH_IDA)","Bharthna Kachahri Ke Pass High mast Light","JITENDRA KUMAR DOHARE","ETAWAH(SC)","N/A","26-Jul-2025","269328"
"2906","Normal/Others","WS/MP18214/2024-2025/153413-Street lights","Uttar Pradesh","ETAWAH(DISTRICT MAGISTRATE ETAWAH_IDA)","Chakarnagar Tehsil Ke Pass high mast light","JITENDRA KUMAR DOHARE","ETAWAH(SC)","N/A","26-Jul-2025","269328"
"2907","Normal/Others","WS/MP18214/2024-2025/153415-Street lights","Uttar Pradesh","ETAWAH(DISTRICT MAGISTRATE ETAWAH_IDA)","Chakaranagar Surjit Yadav Guest House Ke pass High mast light","JITENDRA KUMAR DOHARE","ETAWAH(SC)","N/A","26-Jul-2025","269328"
"2908","Normal/Others","WS/MP18214/2024-2025/153416-Street lights","Uttar Pradesh","ETAWAH(DISTRICT MAGISTRATE ETAWAH_IDA)","Bamba Ki Puliya Chauraha Gram PAnchayat Dharmpur block maheva ke pass high mast light","JITENDRA KUMAR DOHARE","ETAWAH(SC)","N/A","26-Jul-2025","269328"
"2909","Normal/Others","WS/MP18214/2024-2025/153417-Street lights","Uttar Pradesh","ETAWAH(DISTRICT MAGISTRATE ETAWAH_IDA)","Chhibrauli Matanpur mandir Ke samne Post Rajpur Chakranagr ke pass High mast light","JITENDRA KUMAR DOHARE","ETAWAH(SC)","N/A","26-Jul-2025","269328"
"2910","Normal/Others","WS/MP18214/2024-2025/153418-Street lights","Uttar Pradesh","ETAWAH(DISTRICT MAGISTRATE ETAWAH_IDA)","Jila Panchayat School gadiya Chakranagar Ke pass High mast light","JITENDRA KUMAR DOHARE","ETAWAH(SC)","N/A","26-Jul-2025","269328"
"2911","Normal/Others","WS/MP18214/2024-2025/153419-Street lights","Uttar Pradesh","ETAWAH(DISTRICT MAGISTRATE ETAWAH_IDA)","Shri Krishn Pailes Chambal Road Chakarnagar Nagla Chup Ke Pass High mast light","JITENDRA KUMAR DOHARE","ETAWAH(SC)","N/A","26-Jul-2025","269328"
"2912","Normal/Others","WS/MP18214/2024-2025/153420-Street lights","Uttar Pradesh","ETAWAH(DISTRICT MAGISTRATE ETAWAH_IDA)","Muraitha Pul Ke Pass High Mast Light","JITENDRA KUMAR DOHARE","ETAWAH(SC)","N/A","26-Jul-2025","269328"
"2913","Normal/Others","WS/MP18214/2024-2025/153367-Street lights","Uttar Pradesh","ETAWAH(DISTRICT MAGISTRATE ETAWAH_IDA)","Lion Safari Highway Ke Pass High mast Light","JITENDRA KUMAR DOHARE","ETAWAH(SC)","N/A","24-Jul-2025","269328"
"2914","Normal/Others","WS/MP18214/2024-2025/153368-Street lights","Uttar Pradesh","ETAWAH(DISTRICT MAGISTRATE ETAWAH_IDA)","Ramlila Maidan Ke Pass High Mast Light","JITENDRA KUMAR DOHARE","ETAWAH(SC)","N/A","24-Jul-2025","269328"
"2915","Normal/Others","WS/MP18214/2024-2025/153369-Street lights","Uttar Pradesh","ETAWAH(DISTRICT MAGISTRATE ETAWAH_IDA)","Mahera Fatak Par Adda shyamlal Haighway Pul Tirahe ke Pass High mast Light","JITENDRA KUMAR DOHARE","ETAWAH(SC)","N/A","24-Jul-2025","269328"
"2916","Normal/Others","WS/MP18214/2024-2025/153370-Street lights","Uttar Pradesh","ETAWAH(DISTRICT MAGISTRATE ETAWAH_IDA)","Gurudvara Etawah Ke pass High Mast LIght","JITENDRA KUMAR DOHARE","ETAWAH(SC)","N/A","24-Jul-2025","269328"
"2917","Normal/Others","WS/MP18214/2024-2025/153371-Street lights","Uttar Pradesh","ETAWAH(DISTRICT MAGISTRATE ETAWAH_IDA)","Badshah Kuli Kabrstan ke Pass High mast Light","JITENDRA KUMAR DOHARE","ETAWAH(SC)","N/A","24-Jul-2025","269328"
"2918","Normal/Others","WS/MP18214/2024-2025/153372-Street lights","Uttar Pradesh","ETAWAH(DISTRICT MAGISTRATE ETAWAH_IDA)","Badi Khangah Dargah Ke Pass High mast Light","JITENDRA KUMAR DOHARE","ETAWAH(SC)","N/A","24-Jul-2025","269328"
"2919","Normal/Others","WS/MP18214/2024-2025/153373-Street lights","Uttar Pradesh","ETAWAH(DISTRICT MAGISTRATE ETAWAH_IDA)","Pilua Mahavir Mandir Ke pass High mast Light","JITENDRA KUMAR DOHARE","ETAWAH(SC)","N/A","24-Jul-2025","269328"
"2920","Normal/Others","WS/MP18214/2024-2025/153374-Street lights","Uttar Pradesh","ETAWAH(DISTRICT MAGISTRATE ETAWAH_IDA)","Vivek Viahar Colony Park Ke Pass High mast Light","JITENDRA KUMAR DOHARE","ETAWAH(SC)","N/A","24-Jul-2025","269328"
"2921","Normal/Others","WS/MP18214/2024-2025/153375-Street lights","Uttar Pradesh","ETAWAH(DISTRICT MAGISTRATE ETAWAH_IDA)","Badpura Colony Tiraha Vah Agra Rod Ke Pass High mast light","JITENDRA KUMAR DOHARE","ETAWAH(SC)","N/A","25-Jul-2025","269328"
"2922","Normal/Others","WS/MP18214/2024-2025/153376-Street lights","Uttar Pradesh","ETAWAH(DISTRICT MAGISTRATE ETAWAH_IDA)","Etawah Jila Panchayat Sabhagar Ke Pass high mast light","JITENDRA KUMAR DOHARE","ETAWAH(SC)","N/A","25-Jul-2025","269328"
"2923","Normal/Others","WS/MP18214/2024-2025/153377-Street lights","Uttar Pradesh","ETAWAH(DISTRICT MAGISTRATE ETAWAH_IDA)","Etawah Cheelgarh Ke pass High mast Light","JITENDRA KUMAR DOHARE","ETAWAH(SC)","N/A","25-Jul-2025","269328"
"2924","Normal/Others","WS/MP18214/2024-2025/153378-Street lights","Uttar Pradesh","ETAWAH(DISTRICT MAGISTRATE ETAWAH_IDA)","Vill Kurath Panchayat Keshopur Jadavpur men Ambedkar Park Bloclk Badpura high mast light","JITENDRA KUMAR DOHARE","ETAWAH(SC)","N/A","25-Jul-2025","269328"
"2925","Normal/Others","WS/MP18214/2024-2025/153379-Street lights","Uttar Pradesh","ETAWAH(DISTRICT MAGISTRATE ETAWAH_IDA)","Frends Colony Pani Tanki ke pass vatar Park ke Pass high mast light","JITENDRA KUMAR DOHARE","ETAWAH(SC)","N/A","25-Jul-2025","269328"
"2926","Normal/Others","WS/MP18214/2024-2025/153380-Street lights","Uttar Pradesh","ETAWAH(DISTRICT MAGISTRATE ETAWAH_IDA)","Vill Adda Nihal Post Pilkhar ke Pass High mast light","JITENDRA KUMAR DOHARE","ETAWAH(SC)","N/A","25-Jul-2025","269328"
"2927","Normal/Others","WS/MP18214/2024-2025/153381-Street lights","Uttar Pradesh","ETAWAH(DISTRICT MAGISTRATE ETAWAH_IDA)","Vill Abhinaypur Men farrukhabad mukhy Marg CHaurahe ke Pass High mast light","JITENDRA KUMAR DOHARE","ETAWAH(SC)","N/A","25-Jul-2025","269328"
"2928","Normal/Others","WS/MP18214/2024-2025/153382-Street lights","Uttar Pradesh","ETAWAH(DISTRICT MAGISTRATE ETAWAH_IDA)","Etawah Kashiram Park Bangali Colony Etawah KE pass high mst light","JITENDRA KUMAR DOHARE","ETAWAH(SC)","N/A","24-Jul-2025","269328"
"2929","Normal/Others","WS/MP18214/2024-2025/153383-Street lights","Uttar Pradesh","ETAWAH(DISTRICT MAGISTRATE ETAWAH_IDA)","Etawah Men Jila Panchayat School Udi Ke pass High mast light","JITENDRA KUMAR DOHARE","ETAWAH(SC)","N/A","24-Jul-2025","269328"
"2930","Normal/Others","WS/MP18214/2024-2025/153384-Street lights","Uttar Pradesh","ETAWAH(DISTRICT MAGISTRATE ETAWAH_IDA)","vill Puraarhvadi men School ke pass jangi ke chauk par block badpura ke pass high mast light","JITENDRA KUMAR DOHARE","ETAWAH(SC)","N/A","24-Jul-2025","269328"
"2931","Normal/Others","WS/MP18214/2024-2025/153385-Street lights","Uttar Pradesh","ETAWAH(DISTRICT MAGISTRATE ETAWAH_IDA)","Basrehar Rahin Tirahe ke pass High mast light","JITENDRA KUMAR DOHARE","ETAWAH(SC)","N/A","25-Jul-2025","269328"
"2932","Normal/Others","WS/MP18214/2024-2025/153386-Street lights","Uttar Pradesh","ETAWAH(DISTRICT MAGISTRATE ETAWAH_IDA)","Kashiram Colony Park I T I Churaha etawah Ke Pass High mast light","JITENDRA KUMAR DOHARE","ETAWAH(SC)","N/A","25-Jul-2025","269328"
"2933","Normal/Others","WS/MP18214/2024-2025/153387-Street lights","Uttar Pradesh","ETAWAH(DISTRICT MAGISTRATE ETAWAH_IDA)","Kashiram Colony c.m.o Office Etawah Chauki ke pass high mast light","JITENDRA KUMAR DOHARE","ETAWAH(SC)","N/A","25-Jul-2025","269328"
"2934","Normal/Others","WS/MP18214/2024-2025/153388-Street lights","Uttar Pradesh","ETAWAH(DISTRICT MAGISTRATE ETAWAH_IDA)","Krashi Engg college Ke Pass High mast light","JITENDRA KUMAR DOHARE","ETAWAH(SC)","N/A","25-Jul-2025","269328"
"2935","Normal/Others","WS/MP18214/2024-2025/153389-Street lights","Uttar Pradesh","ETAWAH(DISTRICT MAGISTRATE ETAWAH_IDA)","Nagla khadar Ambedkar Digree College Ke pass High mast light","JITENDRA KUMAR DOHARE","ETAWAH(SC)","N/A","25-Jul-2025","269328"
"2936","Normal/Others","WS/MP18214/2024-2025/153390-Street lights","Uttar Pradesh","ETAWAH(DISTRICT MAGISTRATE ETAWAH_IDA)","District Jel Parisar Men High mast light","JITENDRA KUMAR DOHARE","ETAWAH(SC)","N/A","25-Jul-2025","269328"
"2937","Normal/Others","WS/MP18214/2024-2025/153391-Street lights","Uttar Pradesh","ETAWAH(DISTRICT MAGISTRATE ETAWAH_IDA)","Vill Gati Gadi Balon ka Ashram Chambal Kinare Dakra ki nariyan ke pass High mast light","JITENDRA KUMAR DOHARE","ETAWAH(SC)","N/A","25-Jul-2025","269328"
"2938","Normal/Others","WS/MP18214/2024-2025/153421-Street lights","Uttar Pradesh","ETAWAH(DISTRICT MAGISTRATE ETAWAH_IDA)","Bharthna Kalka Devi Mandir Ke Pass High mast Light","JITENDRA KUMAR DOHARE","ETAWAH(SC)","N/A","26-Jul-2025","269328"
"2939","Normal/Others","WS/MP18214/2024-2025/153414-Street lights","Uttar Pradesh","ETAWAH(DISTRICT MAGISTRATE ETAWAH_IDA)","Vill Gaharajpura block chakaranagar Dilauli Ke Pass High mast light","JITENDRA KUMAR DOHARE","ETAWAH(SC)","N/A","26-Jul-2025","269328"
"2940","Normal/Others","WS/MP18311/2024-2025/143256-Installation of fixed garden gym equipment","Punjab","RUPNAGAR(DEPUTY COMMISSIONER ROOPNAGAR_IDA)","Installation of fixed garden gym equipment at village Kainaur","MALVINDER SINGH KANG","ANANDPUR SAHIB","Images","01-Oct-2025","200000"
"2941","Normal/Others","WS/MP18108/2024-2025/164728-Construction of roads, link roads, pathways or any other road with or without drainage system","Madhya Pradesh","SAGAR(DISTRICT COLLECTOR SAGAR_IDA)","Gram Panchayat Semra Charkhara ke gram Bahrol me Durjan Patel ke ghar se mansingh yadav ke ghar ki or C.C.road nirman karya hetu.","DR. LATA WANKHEDE","SAGAR","N/A","24-Oct-2025","500000"
"2942","Normal/Others","WS/MP484/2024-2025/145680-Construction of roads, link roads, pathways or any other road with or without drainage system","West Bengal","KOLKATA(COMMISSIONER KOLKATA MUNICIPAL CORPORATION_IDA)","DEVELOPMENT OF IP PASSAGES BY PROVIDING CEMENT CONCRETE & ALLIED WORKS, FROM 275 K G ROAD TO 20 KALI LANE, MAHAMAYA LANE, 1/1, J B LANE TO 114/6/1A, HAZRA ROAD ETC IN WARD NO 83 UNDER BOROUGH - VIII.","Mala Roy","KOLKATA DAKSHIN","Images","11-Feb-2026","1498872"
"2943","Normal/Others","WS/MP18232/2024-2025/143892-Construction of roads, link roads, pathways or any other road with or without drainage system","Uttar Pradesh","MUZAFFARNAGAR(DISTRICT MAGISTRATE MUZAFFARNAGAR_IDA)","gram-wahalna, vikaskhand-sadar, tehsil-sadar me sanjiv ke makan se dhir singh ke makan tak inter louking work","HARENDRA SINGH MALIK","MUZAFFARNAGAR","Images","28-May-2025","348759"
"2944","Normal/Others","WS/MP18232/2024-2025/143893-Construction of roads, link roads, pathways or any other road with or without drainage system","Uttar Pradesh","MUZAFFARNAGAR(DISTRICT MAGISTRATE MUZAFFARNAGAR_IDA)","gram-wahalna vikaskhand-sadar, tehsil-sadar me mukhy marg se amrish ki faiktry tak inter louking work.","HARENDRA SINGH MALIK","MUZAFFARNAGAR","Images","12-Jan-2026","781930"
"2945","Normal/Others","WS/MP18232/2024-2025/143898-Construction of roads, link roads, pathways or any other road with or without drainage system","Uttar Pradesh","MUZAFFARNAGAR(DISTRICT MAGISTRATE MUZAFFARNAGAR_IDA)","gram-charthawal, vikaskhand-charthawal,tehsil-sadar me kallu ke makan se ramjani ke makan tak inter louking work.","HARENDRA SINGH MALIK","MUZAFFARNAGAR","Images","28-May-2025","286670"
"2946","Normal/Others","WS/MP858/2024-2025/152247-Construction of roads, link roads, pathways or any other road with or without drainage system","West Bengal","BIRBHUM(DISTRICT MAGISTRATE BIRBHUM_IDA)","CONSTRUCTION OF CC ROAD FROM PARIMAL MUKHERJEE HOUSE TO KADAMTALA,UNDER KADDA GP ,EXECUTING AGENCY WILL BE E.O. NANOOR PANCHAYET SAMITY.","Asit Kumar Mal","BOLPUR(SC)","Images","03-Mar-2025","498452"
"2947","Normal/Others","WS/MP18108/2024-2025/164725-Construction of roads, link roads, pathways or any other road with or without drainage system","Madhya Pradesh","VIDISHA(District Collector Vidisha_IDA)","Gram Panchayat Nathanpur ke gram choumdi me Babulal ke ghar se Tulsiram ke ghar ki or C.C. road nirman karya hetu.","DR. LATA WANKHEDE","SAGAR","Images","13-Oct-2025","499763"
"2948","Normal/Others","WS/MP18108/2024-2025/164724-Construction of culverts and bridges","Madhya Pradesh","VIDISHA(District Collector Vidisha_IDA)","Gram Panchayat Bhoot Parasi ke gram Hinotiya me Balkishan ke khet ke pass Puliya Nirman Karya hetu.","DR. LATA WANKHEDE","SAGAR","Images","19-Dec-2025","500000"
"2949","Repair and Renovation","WS/MP313/2024-2025/151643-Development of playground","Arunachal Pradesh","EAST SIANG(Deputy Commisioner East Siang_IDA)","Renovation of general ground at Ruksin in East Siang District","Shri Tapir Gao","ARUNACHAL EAST","N/A","10-Feb-2025","500000"
"2950","Normal/Others","WS/MP598/2024-2025/160679-Construction of boundary walls of existing public and community buildings","Himachal Pradesh","SIRMAUR(DEPUTY COMMISSIONER SIRMOUR_IDA)","C/o Boundary Wall Play Ground GSSS Jaiher GP Jaiher Executive Agency BDO Pachhad","Suresh Kumar Kashyap","SHIMLA (SC)","N/A","21-May-2025","250000"
"2951","Normal/Others","WS/MP797/2024-2025/151000-Street lights","Uttar Pradesh","FARRUKHABAD(DISTRICT MAGISTRAE FARRUKHABAD_IDA)","Installation of a semi high mast light with six LEDs at a public place in consultation with Shri Vijendra Kushwaha in village Labheda of Amritpur assembly of my parliamentary constituency Farrukhabad. mobile number 7897894009. (Executing Agency UPSIC Muradabad)","Mukesh Rajput","FARRUKHABAD","Images","17-Jul-2025","222921"
"2952","Normal/Others","WS/MP797/2024-2025/150998-Street lights","Uttar Pradesh","FARRUKHABAD(DISTRICT MAGISTRAE FARRUKHABAD_IDA)","Installation of a semi-high mast light with six LEDs at a public place in consultation with Shri Suresh Rajput in village Vajirpur of Amritpur assembly of my parliamentary constituency Farrukhabad. mobile number 9984720013. (Executing Agency UPSIC Muradabad)","Mukesh Rajput","FARRUKHABAD","Images","17-Jul-2025","222921"
"2953","Normal/Others","WS/MP18311/2024-2025/143240-Installation of fixed garden gym equipment","Punjab","RUPNAGAR(DEPUTY COMMISSIONER ROOPNAGAR_IDA)","Installation of fixed garden gym equipment at village Chaklan","MALVINDER SINGH KANG","ANANDPUR SAHIB","Images","11-Feb-2025","200000"
"2954","Normal/Others","WS/MP18108/2024-2025/161431-Construction of roads, link roads, pathways or any other road with or without drainage system","Madhya Pradesh","VIDISHA(District Collector Vidisha_IDA)","Gram Panchayat Raikhedi ke gram gudankhedi me surendra ke ghar se gaon ki or c.c. road nirman karya hetu.","DR. LATA WANKHEDE","SAGAR","N/A","14-Jan-2026","495000"
"2955","Normal/Others","WS/MP18108/2024-2025/161432-Construction of roads, link roads, pathways or any other road with or without drainage system","Madhya Pradesh","VIDISHA(District Collector Vidisha_IDA)","Gram Panchayat Raikhedi ke gram lakhakhedi me dharmsingh ke ghar se heeraman ke ghar ki or c.c. road nirman karya hetu.","DR. LATA WANKHEDE","SAGAR","N/A","14-Jan-2026","494000"
"2956","Normal/Others","WS/MP370/2024-2025/145535-Construction of public toilets and bathrooms","Odisha","Sundaragada(DISTRICT COLLECTOR SUNDARGARH_IDA)","Const. of Bathing ghat at Bilaigad Bhangapulia","Shri Jual Oram","SUNDARGARH (ST)","Images","13-Feb-2025","400000"
"2957","Normal/Others","WS/MP18138/2024-2025/148814-Construction of toilet blocks","Mizoram","Siaha(Deputy Commissioner, Siaha)","Construction of Urinal Shed at Zyhno","RICHARD VANLALHMANGAIHA","MIZORAM (ST)","N/A","11-Feb-2026","250000"
"2958","Normal/Others","WS/MP423/2024-2025/137557-Construction of roads, link roads, pathways or any other road with or without drainage system","West Bengal","South 24 Parganas(DISTRICT MAGISTRATE SOUTH TWENTY FOUR PARGANAS_IDA)","Construction of Road with Pilling At Parulia from H/O Debabrata Mondal to Stadium Ground ICDS School Via Parulia F.P. School. (116.68 mtr.)","Shri Abhishek Banerjee","DIAMOND HARBOUR","Images","11-Feb-2025","299833"
"2959","Normal/Others","WS/MP18102/2024-2025/159150-Improvement of electricity distribution infrastructure","Madhya Pradesh","DHAR(DISTRICT COLLECTOR DHAR_IDA)","bagwaniya me sollar stret light work","SAVITRI THAKUR","DHAR(ST)","Images","24-Oct-2025","1000000"
"2960","Normal/Others","WS/MP313/2024-2025/140903-Construction of boundary walls of existing public and community buildings","Arunachal Pradesh","EAST SIANG(Deputy Commisioner East Siang_IDA)","Protection Wall at LP School Ruksin Village in East Siang District","Shri Tapir Gao","ARUNACHAL EAST","Images","11-Feb-2025","1000000"
"2961","Normal/Others","WS/MP313/2024-2025/140981-Construction of culverts and bridges","Arunachal Pradesh","EAST SIANG(Deputy Commisioner East Siang_IDA)","C/o Culvert at PMGP Road near Jampani under Sika Bamin Village in East Siang District","Shri Tapir Gao","ARUNACHAL EAST","N/A","11-Feb-2025","800000"
"2962","Normal/Others","WS/MP423/2024-2025/137566-Construction of roads, link roads, pathways or any other road with or without drainage system","West Bengal","South 24 Parganas(DISTRICT MAGISTRATE SOUTH TWENTY FOUR PARGANAS_IDA)","Construction of CC Road with Brick Soling  from H/O Gokul Das to H/O Maidul Fakir at Nabasan. (151 mtr.)","Shri Abhishek Banerjee","DIAMOND HARBOUR","Images","18-Dec-2025","366688"
"2963","Normal/Others","WS/MP18065/2024-2025/135806-Construction of community centers and community halls","Haryana","JHAJJAR(DEPUTY COMMISSIONER cum NODAL OFFICER MPLADS JHAJJAR)","Const. of Hall in Dada Buda Comittee","DEEPENDER SINGH HOODA","ROHTAK","Images","18-Sep-2025","546034"
"2964","Normal/Others","WS/MP18166/2024-2025/164821-Construction of footpaths and pedestrian ways","Rajasthan","JALORE(DISTRICT COLLECTOR JALORE_IDA)","Footpath interlocking block construction work (both sides of the main road from school towards Mahadev temple) Advada, Gram Panchayat-Dudsi, Panchayat Samiti-Jalore District-Jalore","LUMBARAM","JALORE","N/A","02-Apr-2026","999175"
"2965","Normal/Others","WS/MP18065/2024-2025/135792-Construction of community centers and community halls","Haryana","JHAJJAR(DEPUTY COMMISSIONER cum NODAL OFFICER MPLADS JHAJJAR)","Const. of Room near Shiv Mandir","DEEPENDER SINGH HOODA","ROHTAK","Images","17-Jul-2025","462258"
"2966","Normal/Others","WS/MP423/2024-2025/138449-Construction of roads, link roads, pathways or any other road with or without drainage system","West Bengal","South 24 Parganas(DISTRICT MAGISTRATE SOUTH TWENTY FOUR PARGANAS_IDA)","Construction of C.C road from H/O Karim Sardar to H/O Sekendar Kazi. (80 mtr)","Shri Abhishek Banerjee","DIAMOND HARBOUR","Images","11-Feb-2025","153261"
"2967","Normal/Others","WS/MP313/2024-2025/140977-Construction of culverts and bridges","Arunachal Pradesh","EAST SIANG(Deputy Commisioner East Siang_IDA)","C/o Culvert near WRC field at 10 mile Sille Block in East Siang District","Shri Tapir Gao","ARUNACHAL EAST","N/A","11-Feb-2025","2000000"
"2968","Normal/Others","WS/MP423/2024-2025/138442-Construction of roads, link roads, pathways or any other road with or without drainage system","West Bengal","South 24 Parganas(DISTRICT MAGISTRATE SOUTH TWENTY FOUR PARGANAS_IDA)","Construction of C.C road from H/O Paritosh Safui to H/O Sarama Safui at Prasadpur.(52 mtr)","Shri Abhishek Banerjee","DIAMOND HARBOUR","Images","11-Feb-2025","149044"
"2969","Normal/Others","WS/MP18152/2024-2025/141218-Installation of fixed garden gym equipment","Punjab","FARIDKOT(DEPUTY COMMISSIONER FARIDKOT_IDA)","Installation of fixed garden gym equipment at Gram panchayat Saideki Purbi","SARABJEET SINGH KHALSA","FARIDKOT(SC)","N/A","07-Apr-2025","300000"
"2970","Normal/Others","WS/MP313/2024-2025/140904-Construction of flood control embankments/ protection walls along riverbanks, hilltops, roadsides","Arunachal Pradesh","EAST SIANG(Deputy Commisioner East Siang_IDA)","Protection work to protect cultivation field at Kumdum, Rayang Village in East Siang District","Shri Tapir Gao","ARUNACHAL EAST","N/A","11-Feb-2025","1000000"
"2971","Normal/Others","WS/MP313/2024-2025/140978-Construction of flood control embankments/ protection walls along riverbanks, hilltops, roadsides","Arunachal Pradesh","EAST SIANG(Deputy Commisioner East Siang_IDA)","Flood Protection work at Jone River near WRC field Debing in East Siang District","Shri Tapir Gao","ARUNACHAL EAST","N/A","11-Feb-2025","500000"
"2972","Normal/Others","WS/MP313/2024-2025/140980-Construction of culverts and bridges","Arunachal Pradesh","EAST SIANG(Deputy Commisioner East Siang_IDA)","C/o Culvert at Jone Rikmeng in East Siang District","Shri Tapir Gao","ARUNACHAL EAST","N/A","11-Feb-2025","500000"
"2973","Normal/Others","WS/MP423/2024-2025/138458-Construction of culverts and bridges","West Bengal","South 24 Parganas(DISTRICT MAGISTRATE SOUTH TWENTY FOUR PARGANAS_IDA)","Construction of Concrete Culvert near the H/O Ramprasad Kayal at Kalmikhali.","Shri Abhishek Banerjee","DIAMOND HARBOUR","Images","11-Feb-2025","293375"
"2974","Normal/Others","WS/MP18065/2024-2025/165525-Construction of shelters for animals","Haryana","JHAJJAR(DEPUTY COMMISSIONER cum NODAL OFFICER MPLADS JHAJJAR)","Const. of Shed in Gau Shala","DEEPENDER SINGH HOODA","ROHTAK","N/A","07-May-2025","497815"
"2975","Normal/Others","WS/MP18102/2024-2025/159144-Construction of common work sheds/ common covered sitting area","Madhya Pradesh","DHAR(DISTRICT COLLECTOR DHAR_IDA)","gram faraspura me nale ke pas shed nirman","SAVITRI THAKUR","DHAR(ST)","Images","09-Jul-2025","800000"
"2976","Normal/Others","WS/MP423/2024-2025/138446-Construction of roads, link roads, pathways or any other road with or without drainage system","West Bengal","South 24 Parganas(DISTRICT MAGISTRATE SOUTH TWENTY FOUR PARGANAS_IDA)","Construction of C.C road from H/O Bablu Mondal to H/O Nantu Purkait.(61 mtr)","Shri Abhishek Banerjee","DIAMOND HARBOUR","Images","11-Feb-2025","348342"
"2977","Normal/Others","WS/MP18065/2024-2025/135807-Construction of community centers and community halls","Haryana","JHAJJAR(DEPUTY COMMISSIONER cum NODAL OFFICER MPLADS JHAJJAR)","Const./Comp. of Kusti Hall","DEEPENDER SINGH HOODA","ROHTAK","Images","18-Sep-2025","1095387"
"2978","Normal/Others","WS/MP18065/2024-2025/135799-Construction of community centers and community halls","Haryana","JHAJJAR(DEPUTY COMMISSIONER cum NODAL OFFICER MPLADS JHAJJAR)","Development works in Harijan Choupal","DEEPENDER SINGH HOODA","ROHTAK","Images","13-Jun-2025","498149"
"2979","Normal/Others","WS/MP313/2024-2025/140862-Construction of public irrigation facilities","Arunachal Pradesh","EAST SIANG(Deputy Commisioner East Siang_IDA)","C/o MIC at Sille Nallah & culvert at Jia Sika in East Siang District","Shri Tapir Gao","ARUNACHAL EAST","Images","11-Feb-2025","999345"
"2980","Normal/Others","WS/MP313/2024-2025/140891-Construction of culverts and bridges","Arunachal Pradesh","EAST SIANG(Deputy Commisioner East Siang_IDA)","C/o Culvert at Lekong Nallah, Ralung in East Siang District","Shri Tapir Gao","ARUNACHAL EAST","Images","11-Feb-2025","999384"
"2981","Normal/Others","WS/MP313/2024-2025/138626-Construction of public irrigation facilities","Arunachal Pradesh","EAST SIANG(Deputy Commisioner East Siang_IDA)","C/o MIC at Jone WRC Field, Rayang Village in East Siang District","Shri Tapir Gao","ARUNACHAL EAST","Images","11-Feb-2025","999280"
"2982","Normal/Others","WS/MP313/2024-2025/138631-Construction of boundary walls of existing public and community buildings","Arunachal Pradesh","EAST SIANG(Deputy Commisioner East Siang_IDA)","C/o Fencing wall at Niglok Village in East Siang District","Shri Tapir Gao","ARUNACHAL EAST","Images","11-Feb-2025","997136"
"2983","Normal/Others","WS/MP384/2024-2025/147560-Construction of roads, link roads, pathways or any other road with or without drainage system","Rajasthan","BIKANER(DISTRICT COLLECTOR BIKANER_IDA)","CC Block Niraman Karya, Guru Jambeshwar Mandir ke Pass Lalasar Sathri, Working Agency Gram Panchayat Lalasar","Shri Arjun Ram Meghwal","BIKANER(SC)","Images","11-Aug-2025","2498759"
"2984","Normal/Others","WS/MP18152/2024-2025/157822-Installation of multi-gym equipment","Punjab","FARIDKOT(DEPUTY COMMISSIONER FARIDKOT_IDA)","Installation of Indoor multi-gym equipment","SARABJEET SINGH KHALSA","FARIDKOT(SC)","N/A","07-Apr-2025","200000"
"2985","Normal/Others","WS/MP18394/2024-2025/155968-Construction of roads, link roads, pathways or any other road with or without drainage system","Tamil Nadu","NAMAKKAL(DISTRICT COLLECTOR NAMAKKAL_IDA)","Providing CC Road at Moolapallipatti (45M)","V S Matheswaran","NAMAKKAL","Images","12-Feb-2025","249744"
"2986","Normal/Others","WS/MP18102/2024-2025/159149-Construction of culverts and bridges","Madhya Pradesh","DHAR(DISTRICT COLLECTOR DHAR_IDA)","panjriya nale par puliya nirman","SAVITRI THAKUR","DHAR(ST)","Images","03-Jun-2025","1000000"
"2987","Normal/Others","WS/MP524/2024-2025/151577-Installing tube-wells and borewells","Andhra Pradesh","CHITTOOR(DISTRICT COLLECTOR CHITTOOR_IDA)","Providing Borewell & Motor at Balireddigaripalli (V), Devalampeta (G.P)","Midhun Reddy","RAJAMPET","Images","14-Feb-2025","291946"
"2988","Normal/Others","WS/MP524/2024-2025/152577-Installing tube-wells and borewells","Andhra Pradesh","CHITTOOR(DISTRICT COLLECTOR CHITTOOR_IDA)","Providing Borewell in Jagananna Clony, Tamatamvaripalli (V), Chinthalavaripalli (G.P) Near Sri Mallikarjuna Swamy Temple","Midhun Reddy","RAJAMPET","Images","14-Feb-2025","174914"
"2989","Normal/Others","WS/MP584/2024-2025/136562-Construction of common work sheds/ common covered sitting area","Gujarat","KACHCHH(DISTRICT COLLECTOR KUTCH_IDA)","Bhuj talukana bhuj shaerana lalan college open air theaterni jamani bajuma comman work shed","Vinod Chavda","KACHCHH(SC)","N/A","12-Feb-2025","479928"
"2990","Normal/Others","WS/MP584/2024-2025/136561-Construction of common work sheds/ common covered sitting area","Gujarat","KACHCHH(DISTRICT COLLECTOR KUTCH_IDA)","Bhuj talukana bhuj shaerana lalan college open air theaterni dabi bajuma comman work shed","Vinod Chavda","KACHCHH(SC)","N/A","12-Feb-2025","481921"
"2991","Normal/Others","WS/MP384/2024-2025/145413-Construction of common work sheds/ common covered sitting area","Rajasthan","BIKANER(DISTRICT COLLECTOR BIKANER_IDA)","Sarwjanik Samudaayik Bhawan mein Tin Shed Nirman Kary,Mahajan ; Working agency : Panchayat Samiti Lunkaransar","Shri Arjun Ram Meghwal","BIKANER(SC)","Images","28-Apr-2025","986935"
"2992","Normal/Others","WS/MP508/2024-2025/134687-Street lights","Tamil Nadu","TIRUVANNAMALAI(DISTRICT COLLECTOR TIRUVANNAMALAI_IDA)","Providing High mast light at Che. Sorpanandal Panchayat at Chengam Block","CN Annadurai","TIRUVANNAMALAI","Images","05-Jul-2025","435000"
"2993","Normal/Others","WS/MP508/2024-2025/134688-Street lights","Tamil Nadu","TIRUVANNAMALAI(DISTRICT COLLECTOR TIRUVANNAMALAI_IDA)","Providing High mast light at Che. Nachipattu Panchayat at Chengam Block","CN Annadurai","TIRUVANNAMALAI","Images","05-Jul-2025","435000"
"2994","Normal/Others","WS/MP508/2024-2025/134689-Street lights","Tamil Nadu","TIRUVANNAMALAI(DISTRICT COLLECTOR TIRUVANNAMALAI_IDA)","Providing High mast light at Che. Kayampattu Panchayat at Chengam Block","CN Annadurai","TIRUVANNAMALAI","Images","05-Jul-2025","435000"
"2995","Normal/Others","WS/MP579/2024-2025/162804-Providing drains and gutters for public drainage","Gujarat","ANAND(District Collector ANAND_IDA)","Popatvav Gam Khate Mukhya Gutterline nu Kam","Mitesh Rameshbhai Bakabhai Patel","ANAND","N/A","12-Feb-2025","500000"
"2996","Normal/Others","WS/MP18186/2024-2025/149098-Lighting of public spaces","Tamil Nadu","THIRUVALLUR(DISTRICT COLLECTOR TIRUVALLUR_IDA)","Installation of  high Max lights in Tiruvallur District Ground in Tiruvallur Municipality Ward no 1.","Sasikanth Senthil","TIRUVALLUR(SC)","N/A","12-Feb-2025","444905"
"2997","Normal/Others","WS/MP719/2024-2025/149558-Construction of rooms and halls in school and colleges","Rajasthan","AJMER(DISTRICT COLLECTOR AJMER_IDA)","Construction of New Hall at Govt Senior Sec School Sandoliya","Bhagirath Chaudhary","AJMER","Images","12-Feb-2025","499583"
"2998","Normal/Others","WS/MP18186/2024-2025/149097-Lighting of public spaces","Tamil Nadu","THIRUVALLUR(DISTRICT COLLECTOR TIRUVALLUR_IDA)","Installation of  high Max lights in Tiruvallur District Ground in Tiruvallur Municipality Ward no 1.","Sasikanth Senthil","TIRUVALLUR(SC)","N/A","12-Feb-2025","444905"
"2999","Normal/Others","WS/MP243/2024-2025/141117-Construction of rooms and halls in school and colleges","West Bengal","North 24 Parganas(DISTRICT MAGISTRATE NORTH TWENTY FOUR PARGANAS_IDA)","School classroom","Kakoli Ghosh Dastidar","BARASAT","Images","19-Feb-2026","999911"
"3000","Normal/Others","WS/MP243/2024-2025/141115-Providing drains and gutters for public drainage","West Bengal","North 24 Parganas(DISTRICT MAGISTRATE NORTH TWENTY FOUR PARGANAS_IDA)","Drain","Kakoli Ghosh Dastidar","BARASAT","Images","06-Feb-2026","579309"
"Grand Total"," "," "," "," "," "," "," "," "," ","16,29,54,85,959.4"